assignment_id,experiment_id,user_id,variant,assignment_timestamp
1,3,1432,treatment,2026-04-05 00:00:00
2,3,1514,control,2026-02-03 00:00:00
3,3,1294,treatment,2026-07-09 00:00:00
4,2,112,control,2026-06-08 00:00:00
5,1,1172,treatment,2025-10-27 00:00:00
6,3,1205,treatment,2025-11-05 00:00:00
7,1,1575,control,2026-04-12 00:00:00
8,2,1607,treatment,2025-06-23 00:00:00
9,1,538,treatment,2026-03-23 00:00:00
10,2,722,control,2025-11-25 00:00:00
11,3,655,control,2026-01-27 00:00:00
12,1,1321,control,2026-06-09 00:00:00
13,3,97,control,2025-08-24 00:00:00
14,1,1168,treatment,2025-06-13 00:00:00
15,2,1679,control,2025-06-23 00:00:00
16,3,453,treatment,2026-07-23 00:00:00
17,3,1288,treatment,2025-08-20 00:00:00
18,1,1003,control,2025-05-19 00:00:00
19,2,1209,control,2025-10-19 00:00:00
20,3,1344,treatment,2026-01-30 00:00:00
21,3,617,treatment,2025-11-26 00:00:00
22,2,192,control,2026-05-10 00:00:00
23,1,782,control,2026-02-16 00:00:00
24,2,1028,treatment,2025-07-15 00:00:00
25,1,593,control,2026-02-18 00:00:00
26,2,1082,control,2026-09-01 00:00:00
27,2,1556,treatment,2026-03-12 00:00:00
28,1,618,control,2026-05-12 00:00:00
29,1,420,treatment,2026-08-26 00:00:00
30,1,655,control,2026-01-23 00:00:00
31,2,1176,treatment,2026-03-18 00:00:00
32,2,381,control,2026-06-20 00:00:00
33,2,408,treatment,2025-11-01 00:00:00
34,1,1342,treatment,2025-08-09 00:00:00
35,2,1646,treatment,2026-09-08 00:00:00
36,1,638,treatment,2026-01-01 00:00:00
37,1,449,control,2025-12-13 00:00:00
38,1,239,control,2025-08-28 00:00:00
39,1,460,treatment,2026-07-22 00:00:00
40,3,700,treatment,2025-08-28 00:00:00
41,1,360,control,2026-03-15 00:00:00
42,3,1719,treatment,2025-08-19 00:00:00
43,1,88,control,2026-06-09 00:00:00
44,2,1180,control,2026-02-21 00:00:00
45,2,875,treatment,2026-02-26 00:00:00
46,3,1642,control,2026-02-10 00:00:00
47,2,355,treatment,2026-05-16 00:00:00
48,3,819,treatment,2026-05-18 00:00:00
49,2,691,treatment,2026-05-19 00:00:00
50,2,1620,control,2026-08-23 00:00:00
51,2,183,control,2025-06-27 00:00:00
52,3,1711,treatment,2026-02-13 00:00:00
53,1,1549,treatment,2026-02-27 00:00:00
54,2,165,control,2025-06-20 00:00:00
55,1,1697,control,2026-05-25 00:00:00
56,1,1372,control,2026-09-08 00:00:00
57,1,209,control,2025-04-17 00:00:00
58,3,1497,treatment,2025-08-29 00:00:00
59,3,586,control,2025-09-24 00:00:00
60,3,332,treatment,2025-09-08 00:00:00
61,3,286,control,2025-12-28 00:00:00
62,1,81,control,2026-05-10 00:00:00
63,1,1551,control,2026-02-08 00:00:00
64,3,209,treatment,2025-09-01 00:00:00
65,2,923,control,2026-06-22 00:00:00
66,3,1546,treatment,2026-02-11 00:00:00
67,2,1064,control,2025-06-16 00:00:00
68,2,1213,control,2025-12-05 00:00:00
69,2,1360,treatment,2025-09-25 00:00:00
70,2,469,control,2026-06-29 00:00:00
71,3,1323,control,2026-09-08 00:00:00
72,2,147,control,2025-10-29 00:00:00
73,3,846,control,2026-02-28 00:00:00
74,1,503,control,2025-11-13 00:00:00
75,2,1542,control,2025-06-23 00:00:00
76,3,95,treatment,2025-08-18 00:00:00
77,2,1100,control,2026-02-12 00:00:00
78,2,248,control,2025-08-01 00:00:00
79,2,1374,control,2026-02-26 00:00:00
80,3,469,control,2026-06-12 00:00:00
81,2,621,control,2026-07-29 00:00:00
82,2,807,control,2025-06-28 00:00:00
83,1,609,control,2025-12-15 00:00:00
84,2,1649,treatment,2025-09-27 00:00:00
85,1,1507,treatment,2026-06-30 00:00:00
86,1,509,control,2026-03-02 00:00:00
87,1,1788,control,2026-07-07 00:00:00
88,1,727,treatment,2025-11-18 00:00:00
89,2,152,control,2026-06-23 00:00:00
90,2,1726,control,2026-02-23 00:00:00
91,3,1627,control,2025-08-21 00:00:00
92,1,1760,treatment,2025-05-28 00:00:00
93,2,1631,control,2025-07-31 00:00:00
94,1,55,treatment,2026-03-28 00:00:00
95,1,328,treatment,2026-03-19 00:00:00
96,3,1600,control,2026-06-23 00:00:00
97,3,1049,control,2026-02-28 00:00:00
98,2,242,treatment,2025-06-17 00:00:00
99,3,1316,treatment,2026-09-01 00:00:00
100,3,1357,treatment,2025-08-17 00:00:00
101,3,1679,treatment,2025-09-01 00:00:00
102,3,160,treatment,2025-08-18 00:00:00
103,2,793,treatment,2026-08-22 00:00:00
104,3,1348,treatment,2026-02-12 00:00:00
105,3,556,control,2025-08-21 00:00:00
106,1,1784,treatment,2025-08-08 00:00:00
107,1,1441,control,2026-01-06 00:00:00
108,1,1479,treatment,2025-06-11 00:00:00
109,3,455,treatment,2026-06-25 00:00:00
110,1,220,treatment,2026-04-10 00:00:00
111,1,1140,control,2026-01-24 00:00:00
112,2,1738,treatment,2026-05-12 00:00:00
113,2,1339,control,2025-08-31 00:00:00
114,1,701,treatment,2025-07-05 00:00:00
115,2,1674,control,2025-09-02 00:00:00
116,2,1219,control,2026-06-19 00:00:00
117,2,1318,treatment,2025-07-05 00:00:00
118,2,287,treatment,2025-07-30 00:00:00
119,3,1459,control,2025-11-16 00:00:00
120,1,289,treatment,2025-09-10 00:00:00
121,2,86,treatment,2025-12-08 00:00:00
122,2,1690,control,2026-05-25 00:00:00
123,3,1495,treatment,2025-08-24 00:00:00
124,2,1775,control,2026-03-27 00:00:00
125,2,1319,control,2025-12-11 00:00:00
126,3,1142,control,2026-03-24 00:00:00
127,1,1702,treatment,2025-08-17 00:00:00
128,3,1622,treatment,2025-08-16 00:00:00
129,2,255,control,2025-12-10 00:00:00
130,2,1072,treatment,2025-06-25 00:00:00
131,2,879,control,2026-04-23 00:00:00
132,1,1266,control,2025-09-03 00:00:00
133,3,1791,control,2025-08-21 00:00:00
134,3,769,control,2026-02-25 00:00:00
135,1,959,treatment,2025-06-19 00:00:00
136,3,980,control,2026-03-29 00:00:00
137,2,1741,control,2025-11-28 00:00:00
138,3,810,treatment,2025-11-21 00:00:00
139,1,20,treatment,2026-06-30 00:00:00
140,1,498,treatment,2026-01-28 00:00:00
141,2,1712,treatment,2025-11-27 00:00:00
142,3,198,control,2026-06-26 00:00:00
143,3,792,control,2026-03-30 00:00:00
144,2,1131,treatment,2026-04-21 00:00:00
145,2,371,control,2026-06-15 00:00:00
146,3,1538,treatment,2026-09-01 00:00:00
147,1,230,treatment,2026-01-14 00:00:00
148,3,1635,treatment,2026-05-16 00:00:00
149,1,1789,treatment,2025-09-03 00:00:00
150,1,36,treatment,2025-12-20 00:00:00
151,2,1405,treatment,2025-06-30 00:00:00
152,3,1257,control,2026-02-22 00:00:00
153,2,1335,treatment,2025-06-25 00:00:00
154,3,877,treatment,2025-08-14 00:00:00
155,1,1093,control,2025-06-15 00:00:00
156,3,1243,control,2026-07-19 00:00:00
157,2,389,treatment,2026-02-18 00:00:00
158,2,1216,treatment,2025-07-30 00:00:00
159,2,392,treatment,2026-08-20 00:00:00
160,1,882,control,2025-04-28 00:00:00
161,1,845,treatment,2026-06-29 00:00:00
162,3,1762,control,2026-04-01 00:00:00
163,1,411,control,2026-07-11 00:00:00
164,1,1322,control,2026-09-04 00:00:00
165,1,700,control,2025-05-17 00:00:00
166,2,1591,control,2025-07-26 00:00:00
167,2,168,control,2025-06-15 00:00:00
168,2,265,treatment,2025-06-19 00:00:00
169,2,1427,treatment,2026-08-25 00:00:00
170,2,1391,control,2026-02-07 00:00:00
171,3,1329,control,2026-05-29 00:00:00
172,2,1566,control,2026-08-31 00:00:00
173,3,90,treatment,2026-04-07 00:00:00
174,3,1016,control,2026-05-22 00:00:00
175,1,1328,control,2026-04-20 00:00:00
176,3,1178,control,2026-04-01 00:00:00
177,1,1778,control,2026-08-26 00:00:00
178,2,176,treatment,2025-08-19 00:00:00
179,2,840,treatment,2026-06-27 00:00:00
180,2,1492,control,2025-06-29 00:00:00
181,3,242,control,2025-08-14 00:00:00
182,3,1693,control,2025-08-22 00:00:00
183,3,1067,control,2025-09-02 00:00:00
184,1,1768,control,2026-01-15 00:00:00
185,3,20,control,2026-06-22 00:00:00
186,3,488,control,2026-05-22 00:00:00
187,1,1115,treatment,2026-05-04 00:00:00
188,3,1550,treatment,2026-01-20 00:00:00
189,2,628,control,2026-05-09 00:00:00
190,2,526,control,2025-10-19 00:00:00
191,1,1597,control,2025-07-31 00:00:00
192,3,371,treatment,2026-06-06 00:00:00
193,3,1572,treatment,2025-08-29 00:00:00
194,2,1312,control,2026-06-29 00:00:00
195,3,735,control,2026-01-23 00:00:00
196,2,518,treatment,2026-06-15 00:00:00
197,2,171,treatment,2026-09-02 00:00:00
198,1,526,treatment,2025-10-24 00:00:00
199,1,851,control,2026-05-18 00:00:00
200,2,195,treatment,2025-11-30 00:00:00
201,1,885,treatment,2026-01-07 00:00:00
202,2,144,treatment,2025-09-18 00:00:00
203,3,1560,control,2026-06-16 00:00:00
204,2,1473,treatment,2025-12-07 00:00:00
205,3,92,treatment,2025-08-28 00:00:00
206,3,400,control,2026-05-30 00:00:00
207,3,1403,treatment,2025-09-01 00:00:00
208,3,1697,treatment,2026-05-23 00:00:00
209,2,1564,treatment,2026-05-26 00:00:00
210,3,304,treatment,2025-08-17 00:00:00
211,3,406,treatment,2026-01-23 00:00:00
212,2,1757,control,2026-04-01 00:00:00
213,1,981,control,2025-06-26 00:00:00
214,1,1341,control,2025-06-11 00:00:00
215,3,1504,control,2025-09-29 00:00:00
216,2,1382,control,2025-06-15 00:00:00
217,3,446,control,2026-09-04 00:00:00
218,3,114,control,2026-07-02 00:00:00
219,3,532,control,2026-06-04 00:00:00
220,1,323,control,2025-05-03 00:00:00
221,2,1197,control,2026-03-17 00:00:00
222,1,1610,treatment,2026-06-22 00:00:00
223,3,858,treatment,2026-08-09 00:00:00
224,3,581,control,2026-06-03 00:00:00
225,2,502,treatment,2026-08-13 00:00:00
226,2,804,control,2025-11-29 00:00:00
227,3,1180,treatment,2026-03-01 00:00:00
228,1,633,treatment,2026-03-06 00:00:00
229,3,214,control,2026-08-01 00:00:00
230,1,1136,control,2026-05-30 00:00:00
231,3,208,treatment,2025-08-29 00:00:00
232,2,412,treatment,2026-06-26 00:00:00
233,2,1334,control,2026-03-02 00:00:00
234,1,342,treatment,2025-07-17 00:00:00
235,1,707,treatment,2025-11-27 00:00:00
236,2,1452,control,2026-05-29 00:00:00
237,2,798,treatment,2025-07-30 00:00:00
238,3,496,control,2025-08-17 00:00:00
239,2,609,treatment,2025-12-06 00:00:00
240,1,1243,control,2026-07-09 00:00:00
241,2,205,control,2025-06-20 00:00:00
242,3,1413,treatment,2025-08-29 00:00:00
243,2,310,treatment,2026-05-30 00:00:00
244,3,1429,treatment,2025-11-18 00:00:00
245,1,497,control,2026-04-01 00:00:00
246,3,1405,control,2025-08-17 00:00:00
247,1,1138,control,2026-06-13 00:00:00
248,3,627,treatment,2025-11-18 00:00:00
249,1,1515,control,2026-02-15 00:00:00
250,1,966,control,2026-04-03 00:00:00
251,2,1753,control,2025-08-09 00:00:00
252,3,1502,treatment,2026-07-20 00:00:00
253,1,298,treatment,2025-12-19 00:00:00
254,1,1654,treatment,2025-08-11 00:00:00
255,2,893,control,2026-02-06 00:00:00
256,3,838,control,2026-08-19 00:00:00
257,1,1438,control,2025-08-25 00:00:00
258,1,57,control,2026-04-20 00:00:00
259,2,1366,control,2025-08-20 00:00:00
260,2,1100,treatment,2026-02-17 00:00:00
261,1,1255,treatment,2026-03-05 00:00:00
262,3,1633,treatment,2025-08-22 00:00:00
263,2,1733,control,2026-08-22 00:00:00
264,3,741,treatment,2025-12-20 00:00:00
265,2,784,treatment,2026-05-15 00:00:00
266,1,1128,control,2025-06-23 00:00:00
267,2,817,treatment,2026-08-30 00:00:00
268,1,876,treatment,2026-05-07 00:00:00
269,1,618,treatment,2026-05-21 00:00:00
270,1,1753,treatment,2025-08-12 00:00:00
271,1,379,control,2025-12-19 00:00:00
272,3,1063,control,2026-02-19 00:00:00
273,2,1414,control,2025-12-26 00:00:00
274,3,89,treatment,2026-05-15 00:00:00
275,3,738,treatment,2026-07-19 00:00:00
276,3,1651,control,2026-06-04 00:00:00
277,2,313,treatment,2025-06-28 00:00:00
278,2,164,treatment,2025-06-29 00:00:00
279,1,860,treatment,2025-08-04 00:00:00
280,2,1557,control,2026-06-19 00:00:00
281,3,1103,control,2026-07-10 00:00:00
282,3,920,control,2026-01-21 00:00:00
283,2,722,treatment,2025-11-27 00:00:00
284,3,380,treatment,2025-08-26 00:00:00
285,2,419,treatment,2026-01-18 00:00:00
286,3,1459,control,2025-11-26 00:00:00
287,3,1120,treatment,2026-01-31 00:00:00
288,3,822,control,2025-12-10 00:00:00
289,3,811,treatment,2025-08-22 00:00:00
290,1,1495,control,2025-07-03 00:00:00
291,2,1041,control,2026-03-11 00:00:00
292,1,1664,treatment,2026-01-16 00:00:00
293,2,128,control,2026-02-13 00:00:00
294,1,497,control,2026-03-12 00:00:00
295,3,1604,treatment,2025-10-26 00:00:00
296,2,1108,treatment,2025-11-05 00:00:00
297,3,244,control,2025-08-15 00:00:00
298,1,1616,treatment,2026-01-31 00:00:00
299,2,264,treatment,2026-02-19 00:00:00
300,2,156,control,2025-12-04 00:00:00
301,3,796,treatment,2025-10-18 00:00:00
302,2,1338,treatment,2025-12-19 00:00:00
303,2,1625,control,2025-11-22 00:00:00
304,2,871,control,2025-09-02 00:00:00
305,1,1464,treatment,2026-08-30 00:00:00
306,2,304,treatment,2025-06-25 00:00:00
307,3,661,treatment,2025-08-18 00:00:00
308,3,661,treatment,2025-08-17 00:00:00
309,1,94,control,2026-08-21 00:00:00
310,1,1594,control,2026-08-24 00:00:00
311,2,137,treatment,2025-06-17 00:00:00
312,3,1644,control,2026-06-24 00:00:00
313,1,875,control,2026-02-26 00:00:00
314,3,198,treatment,2026-07-05 00:00:00
315,1,1292,treatment,2026-02-13 00:00:00
316,1,825,treatment,2026-05-01 00:00:00
317,2,1029,treatment,2026-04-01 00:00:00
318,2,114,treatment,2026-06-24 00:00:00
319,1,96,control,2025-05-21 00:00:00
320,2,576,treatment,2026-03-07 00:00:00
321,2,1239,treatment,2026-05-20 00:00:00
322,2,1344,control,2026-02-01 00:00:00
323,1,426,control,2025-10-23 00:00:00
324,3,644,control,2026-02-12 00:00:00
325,1,1110,treatment,2026-07-11 00:00:00
326,2,1175,control,2026-06-27 00:00:00
327,2,418,control,2025-07-03 00:00:00
328,2,1332,treatment,2026-03-01 00:00:00
329,3,119,treatment,2026-08-23 00:00:00
330,3,379,control,2025-12-03 00:00:00
331,2,491,treatment,2026-06-01 00:00:00
332,1,1493,treatment,2026-03-20 00:00:00
333,2,940,treatment,2026-04-28 00:00:00
334,2,523,control,2025-12-25 00:00:00
335,2,780,treatment,2026-02-21 00:00:00
336,2,1054,control,2025-08-16 00:00:00
337,2,66,treatment,2026-04-29 00:00:00
338,2,197,control,2025-10-13 00:00:00
339,1,1533,control,2026-03-10 00:00:00
340,2,383,treatment,2026-09-07 00:00:00
341,3,1710,treatment,2025-08-25 00:00:00
342,2,1237,control,2026-01-17 00:00:00
343,2,908,treatment,2025-07-01 00:00:00
344,1,1648,control,2025-08-10 00:00:00
345,2,475,control,2026-02-15 00:00:00
346,3,611,treatment,2026-01-06 00:00:00
347,3,1362,treatment,2026-03-20 00:00:00
348,3,1660,control,2026-02-21 00:00:00
349,2,688,control,2025-06-24 00:00:00
350,1,1662,treatment,2026-03-18 00:00:00
351,2,793,treatment,2026-08-13 00:00:00
352,3,1511,control,2025-08-14 00:00:00
353,1,1169,control,2025-08-13 00:00:00
354,2,1216,control,2025-07-19 00:00:00
355,1,1618,treatment,2025-09-12 00:00:00
356,2,46,control,2025-06-27 00:00:00
357,2,1646,treatment,2026-09-07 00:00:00
358,2,17,control,2025-10-12 00:00:00
359,1,885,control,2026-01-15 00:00:00
360,1,1352,treatment,2026-09-08 00:00:00
361,1,1551,treatment,2026-01-31 00:00:00
362,3,1048,treatment,2025-11-12 00:00:00
363,3,1691,control,2026-01-23 00:00:00
364,1,1064,control,2025-05-04 00:00:00
365,2,1188,treatment,2026-06-20 00:00:00
366,1,1355,control,2026-08-19 00:00:00
367,3,1680,control,2025-08-22 00:00:00
368,2,1349,control,2026-04-15 00:00:00
369,3,788,treatment,2026-05-27 00:00:00
370,3,461,treatment,2026-07-02 00:00:00
371,2,258,control,2025-12-04 00:00:00
372,3,938,control,2026-01-16 00:00:00
373,3,501,control,2025-10-29 00:00:00
374,3,771,treatment,2025-09-05 00:00:00
375,2,553,control,2025-12-16 00:00:00
376,1,1399,control,2026-09-01 00:00:00
377,2,439,control,2025-11-27 00:00:00
378,1,29,treatment,2026-03-09 00:00:00
379,1,378,control,2025-10-14 00:00:00
380,3,1432,control,2026-04-13 00:00:00
381,1,1554,treatment,2025-09-05 00:00:00
382,2,1273,treatment,2025-09-01 00:00:00
383,2,1161,treatment,2026-02-11 00:00:00
384,2,138,control,2025-06-22 00:00:00
385,3,598,treatment,2025-11-26 00:00:00
386,1,1147,control,2026-07-30 00:00:00
387,1,1093,treatment,2025-06-19 00:00:00
388,1,1771,treatment,2025-07-11 00:00:00
389,3,1192,treatment,2026-05-24 00:00:00
390,3,1498,control,2025-08-23 00:00:00
391,1,1319,treatment,2025-12-06 00:00:00
392,2,963,control,2025-09-27 00:00:00
393,3,6,control,2025-08-20 00:00:00
394,1,1415,treatment,2026-06-20 00:00:00
395,2,874,treatment,2025-12-17 00:00:00
396,1,1114,control,2026-06-24 00:00:00
397,3,863,treatment,2025-08-26 00:00:00
398,1,37,control,2025-05-14 00:00:00
399,3,1081,control,2025-08-23 00:00:00
400,2,817,treatment,2026-09-08 00:00:00
401,3,1654,control,2025-08-24 00:00:00
402,2,620,control,2025-11-19 00:00:00
403,2,1184,control,2025-08-29 00:00:00
404,3,1096,treatment,2025-09-02 00:00:00
405,3,454,control,2026-02-07 00:00:00
406,2,1481,treatment,2026-08-31 00:00:00
407,3,1556,control,2026-03-16 00:00:00
408,1,1405,control,2025-05-25 00:00:00
409,2,1445,treatment,2026-07-02 00:00:00
410,3,1529,control,2026-06-18 00:00:00
411,1,974,control,2025-07-17 00:00:00
412,3,1546,treatment,2026-02-08 00:00:00
413,2,705,control,2025-06-18 00:00:00
414,1,1576,control,2026-04-05 00:00:00
415,2,887,treatment,2025-06-26 00:00:00
416,2,1417,control,2025-09-03 00:00:00
417,2,412,control,2026-06-15 00:00:00
418,2,412,treatment,2026-06-27 00:00:00
419,2,1551,control,2026-01-28 00:00:00
420,1,851,control,2026-05-29 00:00:00
421,2,748,treatment,2026-03-01 00:00:00
422,3,224,treatment,2026-07-08 00:00:00
423,2,1131,treatment,2026-04-11 00:00:00
424,3,419,control,2026-01-18 00:00:00
425,2,1657,control,2026-01-26 00:00:00
426,2,1799,control,2026-09-08 00:00:00
427,3,238,control,2026-08-27 00:00:00
428,3,1414,control,2025-12-28 00:00:00
429,3,983,control,2025-08-27 00:00:00
430,2,927,control,2025-12-13 00:00:00
431,2,1246,treatment,2026-06-11 00:00:00
432,2,156,treatment,2025-11-25 00:00:00
433,1,560,treatment,2025-05-03 00:00:00
434,3,320,treatment,2025-08-17 00:00:00
435,2,723,control,2025-12-25 00:00:00
436,3,899,control,2026-04-04 00:00:00
437,3,1631,control,2025-09-02 00:00:00
438,1,232,treatment,2025-05-31 00:00:00
439,2,1323,control,2026-09-06 00:00:00
440,2,539,control,2025-11-01 00:00:00
441,2,187,control,2026-05-31 00:00:00
442,1,1567,control,2025-09-02 00:00:00
443,2,1546,control,2026-02-10 00:00:00
444,2,1527,treatment,2025-08-01 00:00:00
445,1,23,treatment,2025-09-14 00:00:00
446,1,1456,treatment,2026-02-02 00:00:00
447,3,539,treatment,2025-11-18 00:00:00
448,1,538,control,2026-03-25 00:00:00
449,2,1534,control,2025-09-28 00:00:00
450,2,1603,treatment,2026-08-09 00:00:00
451,1,1799,control,2026-08-30 00:00:00
452,1,117,control,2026-08-21 00:00:00
453,1,317,treatment,2025-09-02 00:00:00
454,2,45,treatment,2025-06-26 00:00:00
455,3,343,treatment,2026-04-24 00:00:00
456,1,1586,treatment,2026-04-09 00:00:00
457,2,1607,control,2025-07-03 00:00:00
458,2,1605,treatment,2025-08-09 00:00:00
459,3,158,control,2025-08-30 00:00:00
460,1,486,control,2026-02-26 00:00:00
461,3,1190,control,2026-08-15 00:00:00
462,2,966,control,2026-04-14 00:00:00
463,2,775,control,2026-01-15 00:00:00
464,2,1342,treatment,2025-08-26 00:00:00
465,2,548,treatment,2025-08-02 00:00:00
466,1,1064,treatment,2025-04-29 00:00:00
467,1,48,control,2026-01-26 00:00:00
468,2,729,treatment,2026-01-03 00:00:00
469,1,552,control,2026-07-26 00:00:00
470,1,191,control,2025-05-31 00:00:00
471,3,1460,treatment,2026-05-30 00:00:00
472,1,1448,control,2025-04-17 00:00:00
473,2,938,control,2026-01-31 00:00:00
474,2,574,treatment,2025-06-21 00:00:00
475,2,1682,treatment,2025-11-06 00:00:00
476,1,1486,treatment,2025-05-08 00:00:00
477,2,1014,treatment,2026-06-06 00:00:00
478,2,183,control,2025-06-28 00:00:00
479,1,695,treatment,2026-06-28 00:00:00
480,3,116,control,2025-12-17 00:00:00
481,2,71,control,2025-11-14 00:00:00
482,1,1081,control,2025-05-03 00:00:00
483,1,1608,treatment,2026-07-02 00:00:00
484,2,422,treatment,2025-07-06 00:00:00
485,2,793,treatment,2026-08-14 00:00:00
486,1,576,treatment,2026-03-09 00:00:00
487,1,1579,treatment,2025-09-08 00:00:00
488,2,1290,control,2026-08-26 00:00:00
489,2,1721,treatment,2026-01-11 00:00:00
490,2,707,control,2025-12-05 00:00:00
491,3,230,control,2026-01-19 00:00:00
492,2,511,control,2025-09-07 00:00:00
493,1,379,treatment,2025-12-21 00:00:00
494,2,1201,treatment,2026-07-29 00:00:00
495,1,1576,treatment,2026-04-07 00:00:00
496,3,408,control,2025-11-07 00:00:00
497,2,851,treatment,2026-05-24 00:00:00
498,3,650,treatment,2025-12-27 00:00:00
499,3,278,treatment,2026-01-02 00:00:00
500,3,1317,control,2025-09-16 00:00:00
501,2,1182,control,2025-06-25 00:00:00
502,1,1303,treatment,2026-07-18 00:00:00
503,2,274,treatment,2026-03-11 00:00:00
504,3,1249,control,2026-06-07 00:00:00
505,3,751,treatment,2025-08-31 00:00:00
506,3,1533,control,2026-03-10 00:00:00
507,2,1272,control,2025-09-28 00:00:00
508,1,1290,treatment,2026-08-25 00:00:00
509,2,1036,treatment,2026-07-05 00:00:00
510,2,1733,control,2026-08-15 00:00:00
511,1,288,treatment,2025-07-09 00:00:00
512,1,1245,treatment,2025-07-04 00:00:00
513,3,575,treatment,2026-08-18 00:00:00
514,2,812,treatment,2026-07-13 00:00:00
515,2,1162,treatment,2026-03-04 00:00:00
516,1,608,treatment,2026-03-22 00:00:00
517,3,37,control,2025-08-19 00:00:00
518,3,521,treatment,2025-10-08 00:00:00
519,1,199,control,2025-08-23 00:00:00
520,1,57,treatment,2026-04-04 00:00:00
521,3,1036,treatment,2026-07-14 00:00:00
522,1,1687,treatment,2026-01-25 00:00:00
523,1,1426,control,2026-05-12 00:00:00
524,2,418,treatment,2025-06-25 00:00:00
525,2,1661,control,2025-11-14 00:00:00
526,3,1375,treatment,2025-09-03 00:00:00
527,2,1219,treatment,2026-06-08 00:00:00
528,2,1036,control,2026-07-04 00:00:00
529,2,589,control,2026-08-10 00:00:00
530,3,1025,control,2026-07-05 00:00:00
531,3,871,treatment,2025-09-04 00:00:00
532,1,1568,control,2025-04-20 00:00:00
533,2,1760,control,2025-06-18 00:00:00
534,1,1432,control,2026-04-22 00:00:00
535,1,1489,treatment,2025-12-06 00:00:00
536,1,925,control,2026-02-01 00:00:00
537,1,673,treatment,2026-06-12 00:00:00
538,2,1426,treatment,2026-04-30 00:00:00
539,1,1564,control,2026-05-13 00:00:00
540,3,789,control,2025-08-14 00:00:00
541,3,1778,control,2026-09-06 00:00:00
542,2,1122,control,2026-04-17 00:00:00
543,1,461,treatment,2026-06-24 00:00:00
544,1,617,treatment,2025-11-19 00:00:00
545,2,223,control,2025-12-16 00:00:00
546,2,402,control,2025-09-11 00:00:00
547,3,293,treatment,2026-03-08 00:00:00
548,3,859,control,2025-08-25 00:00:00
549,3,1353,control,2025-08-23 00:00:00
550,2,242,control,2025-06-29 00:00:00
551,3,1422,control,2026-03-17 00:00:00
552,1,1063,treatment,2026-03-03 00:00:00
553,3,71,treatment,2025-11-24 00:00:00
554,3,426,treatment,2025-10-25 00:00:00
555,2,717,control,2025-11-22 00:00:00
556,3,17,control,2025-10-25 00:00:00
557,1,538,control,2026-03-20 00:00:00
558,1,151,control,2026-04-16 00:00:00
559,3,1253,control,2026-05-14 00:00:00
560,2,709,treatment,2025-06-24 00:00:00
561,1,1581,treatment,2026-04-15 00:00:00
562,1,627,treatment,2025-11-07 00:00:00
563,3,698,treatment,2026-06-19 00:00:00
564,2,20,control,2026-06-28 00:00:00
565,2,7,control,2025-07-01 00:00:00
566,3,383,treatment,2026-09-05 00:00:00
567,2,1703,treatment,2026-02-07 00:00:00
568,1,1332,treatment,2026-02-26 00:00:00
569,3,191,control,2025-08-23 00:00:00
570,1,273,control,2025-08-03 00:00:00
571,3,699,control,2026-02-01 00:00:00
572,2,1342,treatment,2025-08-20 00:00:00
573,3,368,treatment,2026-01-02 00:00:00
574,2,545,treatment,2025-07-02 00:00:00
575,3,1399,treatment,2026-08-19 00:00:00
576,2,892,treatment,2025-09-15 00:00:00
577,1,400,control,2026-05-31 00:00:00
578,2,979,treatment,2026-04-28 00:00:00
579,2,929,treatment,2026-01-22 00:00:00
580,1,405,control,2025-05-01 00:00:00
581,1,390,treatment,2025-07-23 00:00:00
582,3,538,control,2026-03-13 00:00:00
583,2,542,control,2025-06-21 00:00:00
584,1,595,control,2025-06-19 00:00:00
585,1,1769,control,2025-08-01 00:00:00
586,2,47,treatment,2025-11-12 00:00:00
587,1,1639,control,2026-05-11 00:00:00
588,2,826,control,2025-10-06 00:00:00
589,3,583,control,2026-07-07 00:00:00
590,1,563,treatment,2026-05-17 00:00:00
591,3,642,control,2025-08-28 00:00:00
592,2,900,treatment,2026-04-07 00:00:00
593,3,1384,control,2026-04-06 00:00:00
594,2,1414,treatment,2026-01-04 00:00:00
595,1,1080,control,2025-11-03 00:00:00
596,3,1514,treatment,2026-02-18 00:00:00
597,1,1149,control,2025-07-11 00:00:00
598,1,51,control,2025-07-16 00:00:00
599,1,1565,treatment,2026-04-13 00:00:00
600,2,1481,control,2026-08-31 00:00:00
601,2,424,control,2026-01-30 00:00:00
602,2,283,control,2026-01-22 00:00:00
603,2,653,treatment,2025-07-05 00:00:00
604,2,298,treatment,2025-12-07 00:00:00
605,3,207,control,2025-08-22 00:00:00
606,2,350,treatment,2026-02-06 00:00:00
607,1,1275,control,2025-09-26 00:00:00
608,1,448,control,2025-05-13 00:00:00
609,1,1659,control,2025-09-01 00:00:00
610,1,876,control,2026-05-13 00:00:00
611,2,563,control,2026-05-12 00:00:00
612,1,815,treatment,2026-08-27 00:00:00
613,3,980,control,2026-04-09 00:00:00
614,1,115,control,2025-04-16 00:00:00
615,2,319,treatment,2025-08-09 00:00:00
616,2,327,treatment,2025-07-12 00:00:00
617,2,1219,treatment,2026-06-08 00:00:00
618,1,378,control,2025-09-28 00:00:00
619,1,1119,control,2026-06-14 00:00:00
620,1,1689,treatment,2025-11-29 00:00:00
621,3,1518,treatment,2026-07-26 00:00:00
622,3,411,treatment,2026-07-10 00:00:00
623,3,368,control,2025-12-13 00:00:00
624,1,1433,control,2025-11-07 00:00:00
625,3,37,treatment,2025-08-28 00:00:00
626,2,1368,treatment,2025-07-02 00:00:00
627,1,1364,treatment,2025-10-12 00:00:00
628,3,38,control,2026-07-19 00:00:00
629,2,1428,control,2026-04-09 00:00:00
630,1,781,treatment,2025-12-09 00:00:00
631,2,1316,treatment,2026-09-04 00:00:00
632,3,554,treatment,2026-04-18 00:00:00
633,3,1486,control,2025-08-23 00:00:00
634,3,582,treatment,2026-04-05 00:00:00
635,2,155,control,2025-07-27 00:00:00
636,3,807,control,2025-08-30 00:00:00
637,1,938,control,2026-01-21 00:00:00
638,3,639,treatment,2026-02-09 00:00:00
639,2,1403,treatment,2025-08-21 00:00:00
640,2,1551,treatment,2026-02-13 00:00:00
641,3,423,control,2025-11-13 00:00:00
642,1,1693,control,2025-06-07 00:00:00
643,3,1369,control,2026-01-24 00:00:00
644,2,613,control,2025-06-18 00:00:00
645,3,211,treatment,2025-11-15 00:00:00
646,2,1288,control,2025-07-04 00:00:00
647,2,114,control,2026-07-01 00:00:00
648,3,112,treatment,2026-06-24 00:00:00
649,3,29,treatment,2026-03-15 00:00:00
650,1,128,treatment,2026-02-26 00:00:00
651,3,1670,treatment,2026-01-24 00:00:00
652,2,1116,treatment,2026-05-28 00:00:00
653,1,189,treatment,2025-05-24 00:00:00
654,3,1237,control,2026-01-14 00:00:00
655,2,589,control,2026-08-03 00:00:00
656,1,1220,treatment,2025-09-23 00:00:00
657,1,617,treatment,2025-12-03 00:00:00
658,2,537,control,2025-06-22 00:00:00
659,2,547,control,2025-11-20 00:00:00
660,1,1520,treatment,2025-04-27 00:00:00
661,3,1628,control,2026-04-02 00:00:00
662,1,122,treatment,2026-08-30 00:00:00
663,2,1667,control,2025-10-23 00:00:00
664,3,1522,control,2026-01-04 00:00:00
665,3,1766,treatment,2026-09-02 00:00:00
666,2,865,treatment,2025-07-06 00:00:00
667,3,1439,control,2025-08-21 00:00:00
668,1,201,control,2025-09-28 00:00:00
669,1,763,control,2026-08-22 00:00:00
670,3,178,treatment,2025-12-08 00:00:00
671,1,1612,treatment,2026-02-19 00:00:00
672,3,1653,treatment,2025-08-27 00:00:00
673,2,553,control,2025-12-07 00:00:00
674,2,1131,control,2026-04-17 00:00:00
675,2,1739,treatment,2026-08-17 00:00:00
676,1,1047,treatment,2025-10-27 00:00:00
677,1,1455,control,2025-11-18 00:00:00
678,3,863,treatment,2025-08-21 00:00:00
679,2,1703,control,2026-02-15 00:00:00
680,1,412,control,2026-06-27 00:00:00
681,2,1519,treatment,2025-12-15 00:00:00
682,1,235,control,2025-05-17 00:00:00
683,3,616,control,2025-08-16 00:00:00
684,3,1719,control,2025-08-16 00:00:00
685,3,1529,control,2026-06-19 00:00:00
686,2,151,control,2026-04-13 00:00:00
687,2,919,treatment,2026-07-19 00:00:00
688,1,1786,treatment,2026-08-02 00:00:00
689,3,521,treatment,2025-09-25 00:00:00
690,2,811,control,2025-07-29 00:00:00
691,1,593,control,2026-02-24 00:00:00
692,1,1350,treatment,2026-02-16 00:00:00
693,2,342,control,2025-07-20 00:00:00
694,3,653,control,2025-08-30 00:00:00
695,1,128,treatment,2026-02-18 00:00:00
696,3,372,control,2026-03-12 00:00:00
697,3,233,treatment,2025-08-22 00:00:00
698,1,373,control,2026-02-21 00:00:00
699,2,956,control,2025-07-04 00:00:00
700,1,974,control,2025-07-12 00:00:00
701,1,740,control,2026-05-12 00:00:00
702,2,309,control,2026-06-23 00:00:00
703,3,756,control,2025-09-15 00:00:00
704,1,895,control,2025-05-21 00:00:00
705,2,484,treatment,2026-05-15 00:00:00
706,3,1330,control,2026-03-15 00:00:00
707,3,845,control,2026-07-06 00:00:00
708,2,999,treatment,2026-01-22 00:00:00
709,1,1017,treatment,2025-07-06 00:00:00
710,3,588,control,2025-12-27 00:00:00
711,1,598,control,2025-11-21 00:00:00
712,1,61,treatment,2025-06-12 00:00:00
713,1,1584,treatment,2025-06-03 00:00:00
714,1,1598,control,2025-12-20 00:00:00
715,3,1319,treatment,2025-12-08 00:00:00
716,3,1721,treatment,2026-01-13 00:00:00
717,3,365,control,2025-08-28 00:00:00
718,1,1012,control,2026-07-09 00:00:00
719,3,1009,treatment,2025-11-21 00:00:00
720,1,3,treatment,2026-01-12 00:00:00
721,2,204,control,2025-11-28 00:00:00
722,2,502,treatment,2026-08-17 00:00:00
723,3,585,control,2026-06-15 00:00:00
724,2,1590,treatment,2025-12-08 00:00:00
725,1,157,control,2025-11-19 00:00:00
726,1,1102,treatment,2026-01-26 00:00:00
727,1,209,control,2025-04-30 00:00:00
728,1,476,control,2025-06-09 00:00:00
729,3,296,control,2026-08-21 00:00:00
730,1,1188,control,2026-06-19 00:00:00
731,3,761,control,2025-10-01 00:00:00
732,3,455,control,2026-06-23 00:00:00
733,3,8,treatment,2025-08-17 00:00:00
734,3,1023,control,2025-11-08 00:00:00
735,2,532,treatment,2026-05-29 00:00:00
736,3,754,control,2026-01-01 00:00:00
737,3,1798,control,2026-09-06 00:00:00
738,2,327,treatment,2025-07-15 00:00:00
739,1,1310,treatment,2025-08-28 00:00:00
740,2,663,control,2025-06-26 00:00:00
741,2,672,control,2026-08-05 00:00:00
742,1,118,control,2025-09-30 00:00:00
743,1,573,control,2026-04-19 00:00:00
744,1,1770,control,2025-08-09 00:00:00
745,1,740,control,2026-05-15 00:00:00
746,2,1014,treatment,2026-05-29 00:00:00
747,3,49,control,2025-08-14 00:00:00
748,1,921,treatment,2025-08-29 00:00:00
749,1,82,control,2026-07-09 00:00:00
750,1,158,treatment,2025-05-27 00:00:00
751,2,1129,control,2026-06-10 00:00:00
752,2,1730,control,2026-08-11 00:00:00
753,1,662,control,2025-12-23 00:00:00
754,1,387,treatment,2025-06-09 00:00:00
755,3,1267,control,2025-11-13 00:00:00
756,2,1385,treatment,2025-11-19 00:00:00
757,3,1789,control,2025-08-20 00:00:00
758,3,330,treatment,2025-09-08 00:00:00
759,3,1488,treatment,2026-04-11 00:00:00
760,3,190,control,2025-08-25 00:00:00
761,3,64,treatment,2025-09-16 00:00:00
762,2,1148,treatment,2025-11-01 00:00:00
763,3,1392,treatment,2026-07-29 00:00:00
764,2,684,treatment,2025-06-15 00:00:00
765,3,1579,control,2025-08-25 00:00:00
766,1,939,control,2025-04-16 00:00:00
767,1,591,treatment,2026-06-15 00:00:00
768,2,290,treatment,2025-12-27 00:00:00
769,3,1452,control,2026-06-07 00:00:00
770,1,811,control,2025-07-29 00:00:00
771,3,846,control,2026-02-14 00:00:00
772,1,1773,treatment,2026-04-07 00:00:00
773,3,478,treatment,2025-08-31 00:00:00
774,1,640,control,2025-12-02 00:00:00
775,1,1508,control,2025-05-13 00:00:00
776,2,1450,control,2025-11-01 00:00:00
777,2,1000,treatment,2026-05-21 00:00:00
778,2,176,treatment,2025-08-03 00:00:00
779,1,1041,control,2026-03-07 00:00:00
780,1,108,control,2025-12-16 00:00:00
781,2,1756,treatment,2026-05-23 00:00:00
782,3,147,control,2025-10-19 00:00:00
783,2,1448,treatment,2025-06-17 00:00:00
784,2,1061,treatment,2026-03-29 00:00:00
785,1,276,treatment,2025-11-24 00:00:00
786,3,1218,treatment,2026-08-12 00:00:00
787,3,1737,treatment,2025-08-27 00:00:00
788,3,104,control,2026-07-21 00:00:00
789,3,1181,control,2025-08-28 00:00:00
790,2,1433,control,2025-11-21 00:00:00
791,3,1134,control,2026-03-03 00:00:00
792,1,912,control,2025-08-29 00:00:00
793,1,495,control,2026-08-02 00:00:00
794,1,1781,control,2025-05-01 00:00:00
795,2,1321,treatment,2026-06-26 00:00:00
796,2,1628,control,2026-03-21 00:00:00
797,1,762,control,2026-06-14 00:00:00
798,3,1228,treatment,2025-08-23 00:00:00
799,1,1305,treatment,2026-07-07 00:00:00
800,3,1059,control,2025-08-21 00:00:00
801,2,27,treatment,2025-09-05 00:00:00
802,3,820,control,2026-07-25 00:00:00
803,3,1135,treatment,2025-08-27 00:00:00
804,3,1492,control,2025-08-26 00:00:00
805,2,1738,control,2026-05-05 00:00:00
806,1,18,control,2026-05-24 00:00:00
807,1,1249,control,2026-06-17 00:00:00
808,1,1776,treatment,2025-08-19 00:00:00
809,1,1281,control,2025-09-02 00:00:00
810,3,1,control,2025-08-20 00:00:00
811,1,849,control,2026-04-25 00:00:00
812,1,1629,control,2026-04-14 00:00:00
813,3,820,control,2026-07-28 00:00:00
814,2,1261,treatment,2025-07-28 00:00:00
815,3,508,treatment,2026-04-20 00:00:00
816,2,729,control,2025-12-17 00:00:00
817,2,543,treatment,2025-12-15 00:00:00
818,1,848,treatment,2025-11-19 00:00:00
819,2,268,control,2025-07-02 00:00:00
820,3,360,treatment,2026-03-16 00:00:00
821,1,844,treatment,2026-04-14 00:00:00
822,3,877,control,2025-08-28 00:00:00
823,2,1667,control,2025-10-06 00:00:00
824,2,676,control,2025-06-27 00:00:00
825,3,262,treatment,2026-01-21 00:00:00
826,1,225,treatment,2026-01-12 00:00:00
827,2,1329,treatment,2026-05-28 00:00:00
828,2,516,control,2025-07-03 00:00:00
829,2,1224,control,2026-08-15 00:00:00
830,2,1731,control,2026-08-26 00:00:00
831,3,744,control,2026-06-16 00:00:00
832,2,1244,treatment,2026-04-04 00:00:00
833,2,48,control,2026-01-11 00:00:00
834,1,259,control,2025-12-28 00:00:00
835,3,1790,treatment,2026-09-05 00:00:00
836,2,30,treatment,2025-07-03 00:00:00
837,1,722,control,2025-11-20 00:00:00
838,3,1360,control,2025-10-01 00:00:00
839,2,1779,treatment,2026-05-17 00:00:00
840,3,1154,control,2025-11-12 00:00:00
841,1,871,treatment,2025-09-01 00:00:00
842,1,1327,treatment,2026-01-11 00:00:00
843,2,1337,treatment,2026-01-18 00:00:00
844,2,1623,treatment,2025-10-08 00:00:00
845,2,1402,treatment,2025-10-23 00:00:00
846,3,1270,treatment,2025-12-12 00:00:00
847,1,707,control,2025-12-07 00:00:00
848,1,473,control,2026-01-08 00:00:00
849,2,347,treatment,2025-10-25 00:00:00
850,1,1675,control,2025-09-08 00:00:00
851,1,1233,control,2026-01-31 00:00:00
852,3,1762,control,2026-03-31 00:00:00
853,1,1233,control,2026-02-07 00:00:00
854,3,60,control,2026-01-02 00:00:00
855,1,877,control,2025-06-13 00:00:00
856,3,1653,treatment,2025-08-14 00:00:00
857,2,240,treatment,2025-06-24 00:00:00
858,2,1797,treatment,2026-03-08 00:00:00
859,2,752,treatment,2025-11-23 00:00:00
860,3,44,control,2025-10-04 00:00:00
861,1,1224,treatment,2026-08-30 00:00:00
862,2,622,control,2026-08-08 00:00:00
863,2,953,treatment,2025-06-17 00:00:00
864,3,1263,treatment,2025-10-02 00:00:00
865,1,334,treatment,2026-05-22 00:00:00
866,2,1793,control,2026-02-20 00:00:00
867,2,77,treatment,2025-10-28 00:00:00
868,1,210,control,2025-06-25 00:00:00
869,3,353,control,2025-09-01 00:00:00
870,3,1727,control,2026-01-31 00:00:00
871,2,1577,treatment,2026-04-14 00:00:00
872,2,1205,control,2025-11-04 00:00:00
873,1,471,control,2026-01-15 00:00:00
874,3,821,control,2026-07-17 00:00:00
875,1,1432,control,2026-04-09 00:00:00
876,2,22,control,2025-06-22 00:00:00
877,3,1672,control,2026-08-28 00:00:00
878,3,277,treatment,2026-04-05 00:00:00
879,1,690,treatment,2025-07-22 00:00:00
880,3,1186,control,2025-08-17 00:00:00
881,1,1792,control,2026-03-02 00:00:00
882,1,1144,control,2026-08-26 00:00:00
883,2,484,treatment,2026-05-17 00:00:00
884,3,118,control,2025-09-16 00:00:00
885,2,11,control,2025-06-23 00:00:00
886,2,1030,treatment,2026-03-27 00:00:00
887,1,633,control,2026-03-17 00:00:00
888,2,848,treatment,2025-11-26 00:00:00
889,3,118,control,2025-10-02 00:00:00
890,3,752,control,2025-11-19 00:00:00
891,1,257,treatment,2026-02-05 00:00:00
892,3,363,treatment,2026-03-03 00:00:00
893,1,1580,treatment,2026-06-26 00:00:00
894,3,454,control,2026-02-23 00:00:00
895,3,1675,control,2025-09-13 00:00:00
896,1,117,control,2026-08-23 00:00:00
897,3,208,treatment,2025-08-22 00:00:00
898,3,869,treatment,2025-08-25 00:00:00
899,3,170,control,2025-08-16 00:00:00
900,1,1385,treatment,2025-11-27 00:00:00
901,2,978,control,2025-11-15 00:00:00
902,2,348,control,2026-07-01 00:00:00
903,2,1719,treatment,2025-07-07 00:00:00
904,2,1677,treatment,2025-06-19 00:00:00
905,3,1784,control,2025-09-03 00:00:00
906,3,1350,treatment,2026-03-08 00:00:00
907,3,800,control,2026-06-08 00:00:00
908,3,1077,control,2025-08-27 00:00:00
909,2,1347,control,2025-06-21 00:00:00
910,3,67,treatment,2026-01-02 00:00:00
911,2,511,control,2025-09-02 00:00:00
912,1,754,treatment,2025-12-18 00:00:00
913,2,1021,control,2025-07-05 00:00:00
914,3,364,control,2025-08-21 00:00:00
915,3,1028,control,2025-08-29 00:00:00
916,1,1745,treatment,2025-05-24 00:00:00
917,3,96,control,2025-08-24 00:00:00
918,3,1391,treatment,2026-02-11 00:00:00
919,1,173,control,2026-01-08 00:00:00
920,1,608,treatment,2026-04-01 00:00:00
921,2,1229,control,2026-06-13 00:00:00
922,1,237,treatment,2026-08-02 00:00:00
923,1,791,control,2026-09-07 00:00:00
924,3,606,treatment,2026-07-29 00:00:00
925,2,288,control,2025-07-11 00:00:00
926,2,397,treatment,2026-01-26 00:00:00
927,1,409,treatment,2026-05-31 00:00:00
928,2,1571,treatment,2025-06-28 00:00:00
929,1,1760,treatment,2025-05-27 00:00:00
930,2,1582,treatment,2026-04-16 00:00:00
931,3,795,treatment,2025-09-03 00:00:00
932,2,1588,treatment,2026-02-01 00:00:00
933,1,1600,treatment,2026-06-18 00:00:00
934,1,100,treatment,2026-05-29 00:00:00
935,3,1189,treatment,2026-06-08 00:00:00
936,3,1225,control,2026-03-14 00:00:00
937,3,1238,treatment,2025-08-30 00:00:00
938,1,404,control,2026-05-06 00:00:00
939,1,1184,control,2025-09-10 00:00:00
940,2,1163,control,2026-03-29 00:00:00
941,2,1419,treatment,2025-07-01 00:00:00
942,3,681,control,2026-05-20 00:00:00
943,3,412,treatment,2026-06-27 00:00:00
944,2,725,control,2026-05-31 00:00:00
945,3,526,control,2025-11-08 00:00:00
946,1,265,control,2025-06-03 00:00:00
947,1,652,control,2026-01-03 00:00:00
948,1,1793,control,2026-02-11 00:00:00
949,1,368,control,2025-12-31 00:00:00
950,3,1092,treatment,2026-06-25 00:00:00
951,1,439,treatment,2025-12-04 00:00:00
952,3,1621,control,2025-11-12 00:00:00
953,3,483,control,2025-09-02 00:00:00
954,3,1447,treatment,2025-08-30 00:00:00
955,2,1209,control,2025-10-21 00:00:00
956,2,654,treatment,2025-10-07 00:00:00
957,3,617,treatment,2025-12-08 00:00:00
958,1,1518,control,2026-07-31 00:00:00
959,1,608,control,2026-03-24 00:00:00
960,1,1284,treatment,2026-07-29 00:00:00
961,3,787,control,2026-07-22 00:00:00
962,2,497,treatment,2026-03-24 00:00:00
963,2,1303,treatment,2026-07-05 00:00:00
964,2,261,treatment,2025-08-17 00:00:00
965,2,749,control,2025-12-10 00:00:00
966,1,348,control,2026-07-12 00:00:00
967,2,1280,treatment,2026-02-12 00:00:00
968,1,1231,treatment,2026-07-11 00:00:00
969,2,512,treatment,2026-07-20 00:00:00
970,2,777,control,2025-06-17 00:00:00
971,3,1247,treatment,2025-08-28 00:00:00
972,1,547,treatment,2025-11-18 00:00:00
973,3,719,treatment,2026-01-01 00:00:00
974,2,1381,control,2026-06-14 00:00:00
975,1,710,control,2025-09-06 00:00:00
976,1,1763,treatment,2026-01-12 00:00:00
977,1,227,treatment,2026-08-05 00:00:00
978,2,1617,treatment,2025-09-13 00:00:00
979,2,815,control,2026-08-17 00:00:00
980,3,953,treatment,2025-08-30 00:00:00
981,3,757,control,2026-07-18 00:00:00
982,1,1660,control,2026-02-11 00:00:00
983,1,1262,control,2026-09-01 00:00:00
984,1,1290,treatment,2026-08-20 00:00:00
985,1,1428,control,2026-04-05 00:00:00
986,2,785,treatment,2026-08-29 00:00:00
987,1,330,treatment,2025-08-30 00:00:00
988,2,1142,treatment,2026-03-29 00:00:00
989,3,351,control,2025-11-16 00:00:00
990,3,1428,treatment,2026-04-12 00:00:00
991,2,1275,control,2025-09-17 00:00:00
992,1,270,treatment,2025-10-26 00:00:00
993,2,102,control,2026-04-16 00:00:00
994,1,1251,control,2026-09-06 00:00:00
995,1,478,control,2025-09-02 00:00:00
996,3,370,treatment,2025-08-15 00:00:00
997,1,1459,treatment,2025-11-28 00:00:00
998,3,1034,control,2025-09-30 00:00:00
999,1,1431,control,2025-06-27 00:00:00
1000,3,336,treatment,2025-09-24 00:00:00
1001,2,810,control,2025-11-06 00:00:00
1002,3,937,control,2026-01-31 00:00:00
1003,1,1160,treatment,2025-12-26 00:00:00
1004,2,1009,treatment,2025-11-26 00:00:00
1005,2,1126,control,2025-06-29 00:00:00
1006,2,80,control,2026-08-23 00:00:00
1007,1,222,control,2026-05-05 00:00:00
1008,2,1679,control,2025-07-04 00:00:00
1009,3,1785,treatment,2026-02-26 00:00:00
1010,1,103,treatment,2026-04-26 00:00:00
1011,1,734,control,2026-02-07 00:00:00
1012,2,1506,control,2025-06-21 00:00:00
1013,3,487,treatment,2026-07-24 00:00:00
1014,2,726,treatment,2025-07-29 00:00:00
1015,3,1090,control,2025-08-19 00:00:00
1016,2,106,control,2025-07-01 00:00:00
1017,2,370,treatment,2025-07-06 00:00:00
1018,2,1277,treatment,2026-07-18 00:00:00
1019,2,202,control,2026-01-06 00:00:00
1020,3,997,control,2025-08-20 00:00:00
1021,3,153,treatment,2026-09-02 00:00:00
1022,3,1589,treatment,2026-01-04 00:00:00
1023,1,1074,treatment,2026-06-25 00:00:00
1024,3,1313,treatment,2025-08-22 00:00:00
1025,3,602,control,2025-08-17 00:00:00
1026,2,1394,control,2026-04-06 00:00:00
1027,3,779,control,2025-08-14 00:00:00
1028,2,683,control,2025-06-22 00:00:00
1029,3,1633,treatment,2025-08-31 00:00:00
1030,3,1099,treatment,2025-12-23 00:00:00
1031,1,1586,treatment,2026-04-08 00:00:00
1032,1,207,control,2025-07-04 00:00:00
1033,1,1636,treatment,2026-08-06 00:00:00
1034,3,1333,treatment,2025-08-26 00:00:00
1035,2,728,control,2025-08-25 00:00:00
1036,3,494,control,2026-04-18 00:00:00
1037,3,1430,control,2026-04-28 00:00:00
1038,3,1247,control,2025-08-22 00:00:00
1039,1,1725,treatment,2025-09-02 00:00:00
1040,2,1364,treatment,2025-10-15 00:00:00
1041,2,710,treatment,2025-09-11 00:00:00
1042,3,1326,control,2026-04-05 00:00:00
1043,3,58,control,2026-03-18 00:00:00
1044,2,1407,treatment,2026-04-02 00:00:00
1045,3,1736,treatment,2025-09-03 00:00:00
1046,2,116,control,2025-12-22 00:00:00
1047,1,182,treatment,2025-06-22 00:00:00
1048,1,1140,treatment,2026-01-07 00:00:00
1049,2,139,treatment,2026-08-05 00:00:00
1050,2,1626,control,2026-08-15 00:00:00
1051,3,1130,control,2025-08-16 00:00:00
1052,1,1719,control,2025-07-10 00:00:00
1053,3,266,control,2025-08-15 00:00:00
1054,3,928,control,2026-07-17 00:00:00
1055,2,879,control,2026-04-20 00:00:00
1056,1,366,control,2025-12-25 00:00:00
1057,2,835,treatment,2025-06-24 00:00:00
1058,1,574,control,2025-06-13 00:00:00
1059,3,557,treatment,2025-09-02 00:00:00
1060,3,1668,control,2026-01-06 00:00:00
1061,3,1701,treatment,2026-03-01 00:00:00
1062,2,211,treatment,2025-11-29 00:00:00
1063,3,77,control,2025-10-21 00:00:00
1064,3,1332,control,2026-03-12 00:00:00
1065,1,1753,control,2025-08-13 00:00:00
1066,2,1001,control,2025-07-31 00:00:00
1067,1,685,treatment,2025-08-24 00:00:00
1068,2,1633,treatment,2025-07-04 00:00:00
1069,1,123,control,2025-10-19 00:00:00
1070,3,213,control,2026-05-15 00:00:00
1071,2,266,control,2025-06-21 00:00:00
1072,1,829,treatment,2025-05-29 00:00:00
1073,1,829,control,2025-06-14 00:00:00
1074,3,228,treatment,2025-08-31 00:00:00
1075,3,1261,treatment,2025-08-18 00:00:00
1076,2,717,treatment,2025-11-11 00:00:00
1077,1,328,treatment,2026-03-25 00:00:00
1078,1,315,treatment,2025-04-27 00:00:00
1079,3,309,control,2026-06-28 00:00:00
1080,1,1482,treatment,2026-08-30 00:00:00
1081,3,1765,treatment,2026-04-17 00:00:00
1082,2,425,control,2025-11-14 00:00:00
1083,1,657,control,2026-04-09 00:00:00
1084,1,1205,control,2025-11-04 00:00:00
1085,3,218,treatment,2025-08-30 00:00:00
1086,1,658,control,2025-09-17 00:00:00
1087,3,326,control,2025-12-10 00:00:00
1088,2,1636,treatment,2026-08-05 00:00:00
1089,3,1121,control,2025-12-17 00:00:00
1090,3,417,control,2025-09-06 00:00:00
1091,3,383,control,2026-09-03 00:00:00
1092,3,1541,treatment,2026-05-30 00:00:00
1093,3,662,treatment,2026-01-11 00:00:00
1094,2,421,control,2026-02-26 00:00:00
1095,2,1089,treatment,2026-06-05 00:00:00
1096,1,652,control,2026-01-11 00:00:00
1097,2,766,control,2026-03-19 00:00:00
1098,1,1161,treatment,2026-02-13 00:00:00
1099,3,619,control,2026-07-31 00:00:00
1100,2,677,treatment,2025-12-14 00:00:00
1101,3,706,treatment,2025-09-04 00:00:00
1102,2,1714,control,2025-07-29 00:00:00
1103,1,1042,treatment,2025-11-24 00:00:00
1104,2,45,treatment,2025-06-23 00:00:00
1105,3,1561,treatment,2025-12-27 00:00:00
1106,3,69,treatment,2026-02-24 00:00:00
1107,3,277,treatment,2026-04-03 00:00:00
1108,2,3,control,2025-12-25 00:00:00
1109,3,603,control,2026-08-13 00:00:00
1110,3,1000,control,2026-05-22 00:00:00
1111,2,1748,control,2026-07-17 00:00:00
1112,2,198,treatment,2026-06-30 00:00:00
1113,3,740,treatment,2026-05-04 00:00:00
1114,2,1157,treatment,2025-12-23 00:00:00
1115,2,184,treatment,2026-06-12 00:00:00
1116,1,1303,treatment,2026-07-07 00:00:00
1117,3,429,control,2025-09-01 00:00:00
1118,2,890,treatment,2025-07-05 00:00:00
1119,2,309,treatment,2026-06-27 00:00:00
1120,2,986,control,2026-07-02 00:00:00
1121,2,1559,treatment,2026-03-31 00:00:00
1122,2,1061,treatment,2026-03-29 00:00:00
1123,1,914,treatment,2026-07-06 00:00:00
1124,2,731,control,2025-06-24 00:00:00
1125,2,101,treatment,2025-06-22 00:00:00
1126,2,62,control,2025-09-21 00:00:00
1127,3,1112,control,2026-05-27 00:00:00
1128,3,968,treatment,2026-01-03 00:00:00
1129,3,934,treatment,2025-11-14 00:00:00
1130,3,448,treatment,2025-08-15 00:00:00
1131,2,1517,control,2026-05-18 00:00:00
1132,2,1486,treatment,2025-07-05 00:00:00
1133,2,1095,treatment,2026-02-19 00:00:00
1134,1,697,treatment,2026-01-19 00:00:00
1135,1,1371,control,2026-08-18 00:00:00
1136,1,309,control,2026-06-29 00:00:00
1137,2,976,treatment,2025-06-27 00:00:00
1138,1,1605,control,2025-08-02 00:00:00
1139,3,237,treatment,2026-07-31 00:00:00
1140,3,618,control,2026-05-21 00:00:00
1141,2,842,control,2026-03-07 00:00:00
1142,3,865,control,2025-08-22 00:00:00
1143,2,385,treatment,2026-04-13 00:00:00
1144,2,986,control,2026-07-01 00:00:00
1145,1,1228,treatment,2025-05-08 00:00:00
1146,3,1285,treatment,2026-06-25 00:00:00
1147,1,680,treatment,2025-06-01 00:00:00
1148,2,1561,control,2025-12-23 00:00:00
1149,1,727,treatment,2025-11-05 00:00:00
1150,2,1286,treatment,2026-02-03 00:00:00
1151,3,116,control,2025-12-27 00:00:00
1152,2,302,treatment,2026-01-09 00:00:00
1153,3,467,treatment,2025-11-23 00:00:00
1154,1,1772,treatment,2026-04-30 00:00:00
1155,2,874,treatment,2025-12-20 00:00:00
1156,3,92,treatment,2025-08-18 00:00:00
1157,2,1012,treatment,2026-06-30 00:00:00
1158,2,1090,control,2025-07-22 00:00:00
1159,3,508,treatment,2026-04-20 00:00:00
1160,2,1417,treatment,2025-08-18 00:00:00
1161,2,645,treatment,2025-07-24 00:00:00
1162,3,1378,treatment,2025-09-19 00:00:00
1163,3,673,control,2026-06-24 00:00:00
1164,2,14,control,2025-11-29 00:00:00
1165,3,314,control,2025-08-20 00:00:00
1166,3,1397,treatment,2026-01-14 00:00:00
1167,3,1219,treatment,2026-06-18 00:00:00
1168,1,669,treatment,2025-05-02 00:00:00
1169,2,654,control,2025-10-15 00:00:00
1170,3,922,control,2025-08-24 00:00:00
1171,3,200,control,2026-06-05 00:00:00
1172,1,385,control,2026-03-30 00:00:00
1173,2,1379,control,2025-09-19 00:00:00
1174,3,1584,treatment,2025-08-21 00:00:00
1175,2,1197,treatment,2026-03-12 00:00:00
1176,1,1753,control,2025-08-13 00:00:00
1177,3,368,control,2025-12-20 00:00:00
1178,2,912,treatment,2025-08-22 00:00:00
1179,3,141,treatment,2025-08-25 00:00:00
1180,1,1438,control,2025-08-24 00:00:00
1181,2,13,treatment,2025-10-26 00:00:00
1182,2,978,control,2025-11-05 00:00:00
1183,1,1512,treatment,2025-10-11 00:00:00
1184,3,753,control,2025-08-28 00:00:00
1185,2,1197,treatment,2026-03-07 00:00:00
1186,2,1147,treatment,2026-08-04 00:00:00
1187,1,1534,treatment,2025-09-26 00:00:00
1188,1,896,treatment,2026-03-03 00:00:00
1189,3,54,treatment,2026-07-10 00:00:00
1190,2,1680,treatment,2025-06-29 00:00:00
1191,1,1470,treatment,2026-06-06 00:00:00
1192,2,569,treatment,2025-07-18 00:00:00
1193,3,1110,control,2026-06-26 00:00:00
1194,3,835,treatment,2025-08-26 00:00:00
1195,2,321,treatment,2026-01-30 00:00:00
1196,1,1108,treatment,2025-10-23 00:00:00
1197,1,572,treatment,2026-06-11 00:00:00
1198,1,701,control,2025-07-15 00:00:00
1199,2,1502,treatment,2026-07-20 00:00:00
1200,3,1238,control,2025-08-14 00:00:00
1201,1,1186,control,2025-06-20 00:00:00
1202,1,1111,treatment,2025-11-10 00:00:00
1203,2,99,treatment,2025-09-16 00:00:00
1204,1,1439,control,2025-08-14 00:00:00
1205,2,437,control,2026-08-07 00:00:00
1206,3,530,treatment,2026-04-14 00:00:00
1207,2,1085,treatment,2025-06-30 00:00:00
1208,1,1150,treatment,2026-03-18 00:00:00
1209,3,624,control,2025-08-21 00:00:00
1210,2,1084,treatment,2026-07-19 00:00:00
1211,1,1399,treatment,2026-08-21 00:00:00
1212,1,1244,control,2026-04-08 00:00:00
1213,1,1093,control,2025-06-15 00:00:00
1214,2,419,treatment,2026-01-08 00:00:00
1215,1,977,treatment,2025-08-14 00:00:00
1216,2,1082,treatment,2026-09-06 00:00:00
1217,2,1532,control,2026-04-24 00:00:00
1218,3,1052,control,2026-01-05 00:00:00
1219,3,1467,treatment,2025-11-30 00:00:00
1220,3,1795,control,2026-04-30 00:00:00
1221,1,1282,treatment,2026-06-11 00:00:00
1222,2,770,control,2025-07-17 00:00:00
1223,3,170,control,2025-08-21 00:00:00
1224,2,718,treatment,2026-01-07 00:00:00
1225,3,408,treatment,2025-10-22 00:00:00
1226,2,503,control,2025-11-02 00:00:00
1227,1,482,treatment,2025-10-30 00:00:00
1228,3,1032,control,2026-04-29 00:00:00
1229,3,1171,control,2025-09-01 00:00:00
1230,3,489,control,2025-08-22 00:00:00
1231,3,1671,control,2025-08-30 00:00:00
1232,1,81,treatment,2026-05-10 00:00:00
1233,1,1238,treatment,2025-07-28 00:00:00
1234,1,1447,treatment,2025-06-25 00:00:00
1235,2,370,control,2025-07-12 00:00:00
1236,3,1401,control,2025-09-03 00:00:00
1237,3,555,control,2025-09-10 00:00:00
1238,1,1049,treatment,2026-02-27 00:00:00
1239,2,454,control,2026-02-23 00:00:00
1240,2,822,treatment,2025-12-08 00:00:00
1241,3,1542,treatment,2025-08-24 00:00:00
1242,1,1056,control,2025-09-25 00:00:00
1243,2,383,control,2026-09-01 00:00:00
1244,1,1548,treatment,2025-06-17 00:00:00
1245,2,120,treatment,2025-07-04 00:00:00
1246,3,1278,treatment,2026-06-28 00:00:00
1247,1,1063,treatment,2026-03-01 00:00:00
1248,3,616,treatment,2025-08-24 00:00:00
1249,1,790,control,2025-09-30 00:00:00
1250,1,1622,control,2025-07-23 00:00:00
1251,2,1406,control,2026-07-31 00:00:00
1252,1,1318,control,2025-05-03 00:00:00
1253,2,463,treatment,2025-12-13 00:00:00
1254,3,49,control,2025-08-21 00:00:00
1255,3,31,treatment,2025-08-26 00:00:00
1256,3,676,control,2025-08-25 00:00:00
1257,1,152,treatment,2026-06-09 00:00:00
1258,2,381,treatment,2026-06-13 00:00:00
1259,2,349,treatment,2026-03-11 00:00:00
1260,1,259,treatment,2025-12-16 00:00:00
1261,3,1629,treatment,2026-04-07 00:00:00
1262,1,327,treatment,2025-07-19 00:00:00
1263,2,543,treatment,2025-12-13 00:00:00
1264,2,1695,treatment,2025-08-31 00:00:00
1265,3,1187,treatment,2025-12-23 00:00:00
1266,2,289,treatment,2025-09-04 00:00:00
1267,1,648,treatment,2025-10-30 00:00:00
1268,2,1798,treatment,2026-08-24 00:00:00
1269,2,203,treatment,2026-07-09 00:00:00
1270,1,709,treatment,2025-06-01 00:00:00
1271,2,1530,control,2026-05-04 00:00:00
1272,3,233,control,2025-08-21 00:00:00
1273,2,940,treatment,2026-05-09 00:00:00
1274,2,1514,control,2026-02-05 00:00:00
1275,1,73,control,2026-02-12 00:00:00
1276,1,469,treatment,2026-06-17 00:00:00
1277,1,770,control,2025-07-14 00:00:00
1278,2,192,control,2026-05-21 00:00:00
1279,1,1652,control,2026-08-17 00:00:00
1280,2,1353,control,2025-07-07 00:00:00
1281,1,35,treatment,2026-03-13 00:00:00
1282,2,1504,treatment,2025-10-04 00:00:00
1283,3,1752,treatment,2026-06-09 00:00:00
1284,2,792,treatment,2026-03-22 00:00:00
1285,3,342,control,2025-08-17 00:00:00
1286,3,597,control,2026-07-11 00:00:00
1287,2,377,treatment,2026-04-18 00:00:00
1288,2,103,control,2026-05-01 00:00:00
1289,1,1650,treatment,2025-08-09 00:00:00
1290,1,1636,control,2026-07-31 00:00:00
1291,3,531,treatment,2025-12-29 00:00:00
1292,2,726,control,2025-07-22 00:00:00
1293,3,459,treatment,2025-08-30 00:00:00
1294,2,221,treatment,2025-06-15 00:00:00
1295,2,271,control,2026-09-02 00:00:00
1296,3,50,control,2025-11-11 00:00:00
1297,1,1633,treatment,2025-06-01 00:00:00
1298,3,1322,control,2026-09-08 00:00:00
1299,2,1246,treatment,2026-06-22 00:00:00
1300,2,854,treatment,2026-07-20 00:00:00
1301,2,1415,treatment,2026-06-22 00:00:00
1302,1,913,treatment,2025-11-10 00:00:00
1303,1,263,control,2026-07-16 00:00:00
1304,2,830,treatment,2025-12-25 00:00:00
1305,1,334,treatment,2026-05-20 00:00:00
1306,3,792,control,2026-04-09 00:00:00
1307,2,817,treatment,2026-09-01 00:00:00
1308,2,803,control,2025-07-03 00:00:00
1309,1,963,treatment,2025-09-25 00:00:00
1310,1,1161,treatment,2026-02-12 00:00:00
1311,3,1761,treatment,2025-10-05 00:00:00
1312,1,980,control,2026-03-30 00:00:00
1313,3,124,treatment,2025-09-01 00:00:00
1314,3,1420,treatment,2025-10-31 00:00:00
1315,3,903,treatment,2025-11-25 00:00:00
1316,3,1448,treatment,2025-08-25 00:00:00
1317,1,634,control,2026-05-29 00:00:00
1318,2,1543,treatment,2026-06-19 00:00:00
1319,1,1676,treatment,2026-03-08 00:00:00
1320,2,238,treatment,2026-08-29 00:00:00
1321,1,1464,control,2026-08-19 00:00:00
1322,3,1421,control,2026-06-26 00:00:00
1323,3,777,control,2025-08-16 00:00:00
1324,1,690,control,2025-07-17 00:00:00
1325,2,164,treatment,2025-06-30 00:00:00
1326,3,1359,treatment,2026-02-01 00:00:00
1327,3,1421,treatment,2026-07-02 00:00:00
1328,3,321,control,2026-02-15 00:00:00
1329,2,1357,control,2025-06-20 00:00:00
1330,3,585,control,2026-06-17 00:00:00
1331,1,1213,treatment,2025-12-10 00:00:00
1332,3,594,treatment,2025-12-02 00:00:00
1333,1,1230,treatment,2025-04-26 00:00:00
1334,3,195,control,2025-12-05 00:00:00
1335,3,1583,control,2026-06-18 00:00:00
1336,1,240,control,2025-05-31 00:00:00
1337,2,1459,control,2025-11-26 00:00:00
1338,1,96,control,2025-05-23 00:00:00
1339,1,679,control,2025-07-31 00:00:00
1340,2,475,treatment,2026-02-16 00:00:00
1341,3,997,treatment,2025-09-03 00:00:00
1342,1,1320,treatment,2026-06-20 00:00:00
1343,1,1646,treatment,2026-09-06 00:00:00
1344,3,795,control,2025-08-26 00:00:00
1345,2,1306,control,2025-10-01 00:00:00
1346,3,1668,control,2026-01-02 00:00:00
1347,1,1078,treatment,2026-07-07 00:00:00
1348,2,745,control,2025-06-20 00:00:00
1349,1,100,treatment,2026-06-03 00:00:00
1350,3,628,treatment,2026-05-20 00:00:00
1351,2,85,treatment,2025-08-26 00:00:00
1352,3,1531,treatment,2026-06-30 00:00:00
1353,1,594,control,2025-11-27 00:00:00
1354,2,811,control,2025-07-26 00:00:00
1355,1,212,control,2025-09-18 00:00:00
1356,3,1741,treatment,2025-11-21 00:00:00
1357,3,1737,control,2025-08-14 00:00:00
1358,3,677,treatment,2025-12-11 00:00:00
1359,1,887,control,2025-06-19 00:00:00
1360,3,1040,treatment,2025-08-23 00:00:00
1361,3,1552,treatment,2026-06-25 00:00:00
1362,1,1318,treatment,2025-05-12 00:00:00
1363,3,1533,treatment,2026-03-18 00:00:00
1364,2,516,treatment,2025-06-23 00:00:00
1365,2,1359,control,2026-02-09 00:00:00
1366,3,1002,control,2025-08-23 00:00:00
1367,2,229,treatment,2025-10-14 00:00:00
1368,3,670,control,2026-01-14 00:00:00
1369,1,687,treatment,2026-01-24 00:00:00
1370,3,125,control,2026-04-13 00:00:00
1371,3,1117,treatment,2025-08-14 00:00:00
1372,3,723,treatment,2025-12-28 00:00:00
1373,1,1273,control,2025-09-07 00:00:00
1374,3,776,control,2026-05-10 00:00:00
1375,2,617,treatment,2025-11-23 00:00:00
1376,1,479,control,2025-11-15 00:00:00
1377,3,1173,control,2026-04-24 00:00:00
1378,2,1431,control,2025-06-21 00:00:00
1379,1,236,control,2025-05-08 00:00:00
1380,2,178,control,2025-11-24 00:00:00
1381,3,5,treatment,2025-11-09 00:00:00
1382,3,8,treatment,2025-08-17 00:00:00
1383,2,882,control,2025-07-04 00:00:00
1384,1,1577,control,2026-04-26 00:00:00
1385,3,1299,treatment,2025-08-17 00:00:00
1386,3,987,treatment,2026-04-17 00:00:00
1387,1,137,control,2025-06-20 00:00:00
1388,3,49,treatment,2025-08-23 00:00:00
1389,1,1686,control,2026-01-16 00:00:00
1390,1,1587,control,2026-05-04 00:00:00
1391,2,278,control,2026-01-09 00:00:00
1392,3,1123,control,2025-08-25 00:00:00
1393,2,1097,treatment,2025-06-22 00:00:00
1394,3,1289,control,2026-03-25 00:00:00
1395,2,940,control,2026-04-27 00:00:00
1396,3,1361,treatment,2025-11-07 00:00:00
1397,2,1636,control,2026-07-31 00:00:00
1398,1,1190,control,2026-08-13 00:00:00
1399,2,824,control,2025-08-31 00:00:00
1400,1,1747,treatment,2026-08-07 00:00:00
1401,1,1585,treatment,2025-08-07 00:00:00
1402,2,1129,treatment,2026-06-16 00:00:00
1403,1,985,control,2025-07-22 00:00:00
1404,2,1754,control,2025-12-24 00:00:00
1405,3,953,control,2025-08-22 00:00:00
1406,1,1220,control,2025-09-27 00:00:00
1407,2,152,control,2026-06-21 00:00:00
1408,1,1212,treatment,2025-08-05 00:00:00
1409,2,1325,control,2026-03-25 00:00:00
1410,1,1076,treatment,2026-09-08 00:00:00
1411,2,709,control,2025-06-17 00:00:00
1412,1,276,treatment,2025-12-11 00:00:00
1413,1,633,control,2026-03-18 00:00:00
1414,1,188,control,2026-07-28 00:00:00
1415,2,702,control,2025-10-17 00:00:00
1416,1,509,treatment,2026-02-28 00:00:00
1417,2,896,control,2026-02-15 00:00:00
1418,1,1272,control,2025-09-13 00:00:00
1419,2,190,treatment,2025-06-26 00:00:00
1420,2,1454,control,2026-01-24 00:00:00
1421,2,1229,control,2026-06-22 00:00:00
1422,1,813,control,2025-07-23 00:00:00
1423,3,1073,treatment,2026-07-22 00:00:00
1424,2,1299,control,2025-06-22 00:00:00
1425,3,429,treatment,2025-09-01 00:00:00
1426,2,1403,control,2025-08-24 00:00:00
1427,3,1197,control,2026-03-22 00:00:00
1428,2,293,treatment,2026-03-11 00:00:00
1429,1,791,treatment,2026-09-07 00:00:00
1430,1,1466,treatment,2026-09-06 00:00:00
1431,3,43,treatment,2026-03-24 00:00:00
1432,2,207,treatment,2025-06-28 00:00:00
1433,2,918,treatment,2025-06-17 00:00:00
1434,2,1415,control,2026-06-28 00:00:00
1435,3,975,control,2026-07-17 00:00:00
1436,1,810,control,2025-11-09 00:00:00
1437,3,67,treatment,2026-01-06 00:00:00
1438,1,1385,treatment,2025-12-02 00:00:00
1439,2,1725,control,2025-08-30 00:00:00
1440,1,1742,treatment,2025-11-12 00:00:00
1441,1,36,treatment,2025-12-15 00:00:00
1442,2,713,control,2026-07-02 00:00:00
1443,3,769,control,2026-02-23 00:00:00
1444,2,1491,control,2026-03-18 00:00:00
1445,3,46,treatment,2025-08-30 00:00:00
1446,2,28,control,2025-11-05 00:00:00
1447,2,1210,treatment,2026-02-03 00:00:00
1448,1,825,treatment,2026-04-23 00:00:00
1449,3,1509,treatment,2026-01-27 00:00:00
1450,1,147,control,2025-10-24 00:00:00
1451,2,1238,treatment,2025-07-16 00:00:00
1452,2,320,treatment,2025-06-17 00:00:00
1453,2,1586,control,2026-04-02 00:00:00
1454,3,498,control,2026-01-18 00:00:00
1455,2,936,treatment,2026-03-24 00:00:00
1456,2,370,control,2025-07-06 00:00:00
1457,3,1792,control,2026-02-26 00:00:00
1458,3,860,treatment,2025-08-31 00:00:00
1459,2,1321,control,2026-06-28 00:00:00
1460,2,1323,control,2026-09-03 00:00:00
1461,3,1104,treatment,2026-08-26 00:00:00
1462,1,1200,control,2026-01-19 00:00:00
1463,2,244,treatment,2025-06-18 00:00:00
1464,3,110,treatment,2025-08-24 00:00:00
1465,1,1582,control,2026-04-21 00:00:00
1466,1,1369,treatment,2026-01-26 00:00:00
1467,3,374,control,2026-06-22 00:00:00
1468,3,678,treatment,2026-08-06 00:00:00
1469,2,1772,treatment,2026-05-06 00:00:00
1470,1,696,treatment,2026-07-02 00:00:00
1471,2,561,control,2026-02-08 00:00:00
1472,3,746,control,2025-08-14 00:00:00
1473,3,1062,control,2025-11-29 00:00:00
1474,1,865,control,2025-06-30 00:00:00
1475,1,603,treatment,2026-08-11 00:00:00
1476,3,1799,control,2026-09-08 00:00:00
1477,2,724,treatment,2025-10-06 00:00:00
1478,1,1773,control,2026-04-03 00:00:00
1479,3,1161,control,2026-02-06 00:00:00
1480,2,339,treatment,2025-11-30 00:00:00
1481,2,1612,control,2026-02-10 00:00:00
1482,1,791,control,2026-09-08 00:00:00
1483,2,353,treatment,2025-06-29 00:00:00
1484,1,1764,treatment,2025-06-11 00:00:00
1485,3,1654,treatment,2025-08-26 00:00:00
1486,3,1096,treatment,2025-09-04 00:00:00
1487,2,1786,treatment,2026-07-25 00:00:00
1488,2,885,treatment,2026-01-17 00:00:00
1489,3,1036,treatment,2026-07-11 00:00:00
1490,2,1194,control,2025-10-27 00:00:00
1491,3,927,control,2025-12-10 00:00:00
1492,3,508,treatment,2026-04-22 00:00:00
1493,3,1054,treatment,2025-08-18 00:00:00
1494,1,993,control,2026-07-25 00:00:00
1495,3,224,treatment,2026-06-27 00:00:00
1496,3,1278,treatment,2026-06-24 00:00:00
1497,2,989,treatment,2026-04-28 00:00:00
1498,2,1158,control,2025-06-22 00:00:00
1499,2,444,control,2025-11-05 00:00:00
1500,1,171,treatment,2026-08-29 00:00:00
1501,3,235,control,2025-08-26 00:00:00
1502,2,1485,control,2026-07-30 00:00:00
1503,1,719,control,2026-01-19 00:00:00
1504,1,721,control,2025-06-11 00:00:00
1505,3,1516,control,2026-08-29 00:00:00
1506,1,1274,control,2025-06-05 00:00:00
1507,1,313,control,2025-06-14 00:00:00
1508,2,669,control,2025-06-18 00:00:00
1509,2,1313,control,2025-07-02 00:00:00
1510,1,1585,control,2025-08-10 00:00:00
1511,3,1311,treatment,2025-08-26 00:00:00
1512,1,990,control,2026-04-17 00:00:00
1513,3,177,treatment,2026-07-15 00:00:00
1514,3,595,treatment,2025-08-22 00:00:00
1515,2,864,control,2026-06-14 00:00:00
1516,3,759,treatment,2026-06-16 00:00:00
1517,2,489,control,2025-06-27 00:00:00
1518,2,933,control,2025-07-24 00:00:00
1519,1,1597,treatment,2025-07-16 00:00:00
1520,1,1343,control,2026-03-20 00:00:00
1521,2,113,control,2025-08-29 00:00:00
1522,1,1100,control,2026-02-23 00:00:00
1523,3,425,treatment,2025-11-15 00:00:00
1524,3,1480,treatment,2026-09-07 00:00:00
1525,1,1299,control,2025-06-14 00:00:00
1526,2,872,control,2025-06-26 00:00:00
1527,2,882,treatment,2025-06-21 00:00:00
1528,3,467,control,2025-12-05 00:00:00
1529,3,1717,treatment,2025-12-04 00:00:00
1530,3,820,control,2026-08-04 00:00:00
1531,1,1568,control,2025-04-18 00:00:00
1532,1,872,treatment,2025-06-11 00:00:00
1533,2,1466,treatment,2026-08-31 00:00:00
1534,3,421,control,2026-03-08 00:00:00
1535,3,290,treatment,2026-01-02 00:00:00
1536,3,1451,treatment,2025-08-28 00:00:00
1537,1,267,treatment,2026-07-17 00:00:00
1538,2,1387,treatment,2026-01-02 00:00:00
1539,3,864,treatment,2026-06-28 00:00:00
1540,3,605,control,2025-09-20 00:00:00
1541,1,71,treatment,2025-11-19 00:00:00
1542,2,1429,control,2025-12-03 00:00:00
1543,1,327,treatment,2025-07-20 00:00:00
1544,1,958,treatment,2025-08-05 00:00:00
1545,2,1137,treatment,2026-03-20 00:00:00
1546,1,1397,treatment,2025-12-31 00:00:00
1547,1,1443,control,2025-08-13 00:00:00
1548,1,1730,treatment,2026-08-12 00:00:00
1549,1,681,treatment,2026-05-14 00:00:00
1550,1,494,treatment,2026-04-16 00:00:00
1551,2,445,treatment,2025-10-03 00:00:00
1552,3,1658,control,2025-09-02 00:00:00
1553,3,816,control,2026-01-21 00:00:00
1554,3,506,treatment,2026-08-01 00:00:00
1555,1,908,control,2025-06-20 00:00:00
1556,3,597,control,2026-07-08 00:00:00
1557,3,425,treatment,2025-11-17 00:00:00
1558,1,569,control,2025-07-29 00:00:00
1559,2,1666,control,2025-12-01 00:00:00
1560,1,64,treatment,2025-09-09 00:00:00
1561,2,786,control,2025-06-22 00:00:00
1562,3,649,control,2026-07-27 00:00:00
1563,3,837,control,2026-01-29 00:00:00
1564,1,1714,control,2025-07-23 00:00:00
1565,3,569,control,2025-08-25 00:00:00
1566,2,1613,control,2026-03-23 00:00:00
1567,3,1464,treatment,2026-08-10 00:00:00
1568,2,1409,treatment,2026-08-27 00:00:00
1569,1,1727,control,2026-02-18 00:00:00
1570,3,1619,treatment,2026-03-23 00:00:00
1571,3,1186,treatment,2025-08-31 00:00:00
1572,3,743,treatment,2026-08-15 00:00:00
1573,2,1019,treatment,2026-05-15 00:00:00
1574,2,1345,control,2026-05-08 00:00:00
1575,1,1173,treatment,2026-04-18 00:00:00
1576,2,944,treatment,2026-08-26 00:00:00
1577,2,214,treatment,2026-08-15 00:00:00
1578,2,290,control,2025-12-30 00:00:00
1579,3,248,treatment,2025-08-29 00:00:00
1580,3,1291,control,2025-08-30 00:00:00
1581,3,1254,treatment,2026-02-07 00:00:00
1582,3,208,treatment,2025-08-28 00:00:00
1583,2,166,control,2025-11-20 00:00:00
1584,1,827,control,2026-08-29 00:00:00
1585,1,51,control,2025-07-09 00:00:00
1586,3,1082,control,2026-09-08 00:00:00
1587,3,543,control,2025-11-30 00:00:00
1588,1,1364,treatment,2025-10-15 00:00:00
1589,3,1170,treatment,2025-09-03 00:00:00
1590,3,722,treatment,2025-11-23 00:00:00
1591,1,1458,treatment,2025-05-05 00:00:00
1592,3,1513,treatment,2025-08-25 00:00:00
1593,1,653,control,2025-07-02 00:00:00
1594,3,279,treatment,2025-08-27 00:00:00
1595,1,749,control,2025-11-28 00:00:00
1596,3,790,control,2025-10-08 00:00:00
1597,1,507,control,2025-05-02 00:00:00
1598,3,510,treatment,2026-05-11 00:00:00
1599,2,611,treatment,2026-01-01 00:00:00
1600,1,139,treatment,2026-08-03 00:00:00
1601,2,1739,control,2026-08-25 00:00:00
1602,1,1432,treatment,2026-04-09 00:00:00
1603,3,1611,control,2025-08-22 00:00:00
1604,3,481,treatment,2025-09-01 00:00:00
1605,2,1140,treatment,2026-01-25 00:00:00
1606,3,917,treatment,2025-12-23 00:00:00
1607,3,428,treatment,2025-08-18 00:00:00
1608,2,232,treatment,2025-06-23 00:00:00
1609,1,977,control,2025-08-08 00:00:00
1610,2,353,treatment,2025-06-21 00:00:00
1611,3,639,treatment,2026-02-08 00:00:00
1612,2,1758,treatment,2025-06-22 00:00:00
1613,1,195,treatment,2025-12-03 00:00:00
1614,3,867,treatment,2026-07-01 00:00:00
1615,3,115,treatment,2025-09-02 00:00:00
1616,3,1582,treatment,2026-04-10 00:00:00
1617,1,888,control,2026-06-18 00:00:00
1618,2,1639,control,2026-05-25 00:00:00
1619,1,403,control,2026-02-06 00:00:00
1620,1,1593,treatment,2025-09-30 00:00:00
1621,1,1637,treatment,2026-09-07 00:00:00
1622,3,877,treatment,2025-08-15 00:00:00
1623,3,472,treatment,2025-11-29 00:00:00
1624,1,617,control,2025-12-07 00:00:00
1625,1,385,treatment,2026-04-12 00:00:00
1626,1,1782,control,2025-05-09 00:00:00
1627,2,146,control,2026-06-04 00:00:00
1628,2,461,control,2026-06-24 00:00:00
1629,2,849,control,2026-04-25 00:00:00
1630,2,383,control,2026-09-06 00:00:00
1631,1,502,control,2026-07-29 00:00:00
1632,1,279,treatment,2025-09-01 00:00:00
1633,1,1239,control,2026-05-21 00:00:00
1634,2,576,control,2026-03-21 00:00:00
1635,3,742,treatment,2026-08-24 00:00:00
1636,2,406,treatment,2026-01-30 00:00:00
1637,2,1375,treatment,2025-08-04 00:00:00
1638,1,1563,treatment,2025-06-10 00:00:00
1639,3,62,control,2025-09-13 00:00:00
1640,3,299,treatment,2025-08-28 00:00:00
1641,2,801,treatment,2026-08-11 00:00:00
1642,1,1753,control,2025-08-14 00:00:00
1643,1,574,treatment,2025-06-09 00:00:00
1644,1,336,treatment,2025-10-02 00:00:00
1645,1,687,control,2026-01-27 00:00:00
1646,2,1585,treatment,2025-08-10 00:00:00
1647,3,1406,treatment,2026-07-23 00:00:00
1648,3,786,control,2025-08-28 00:00:00
1649,2,1780,control,2026-08-20 00:00:00
1650,3,378,control,2025-10-10 00:00:00
1651,3,1105,treatment,2026-06-06 00:00:00
1652,2,433,treatment,2026-06-26 00:00:00
1653,2,1168,treatment,2025-06-21 00:00:00
1654,2,1217,control,2025-06-23 00:00:00
1655,1,515,treatment,2026-04-25 00:00:00
1656,2,497,control,2026-03-24 00:00:00
1657,3,1195,treatment,2026-09-05 00:00:00
1658,2,1711,control,2026-02-12 00:00:00
1659,2,760,control,2026-01-11 00:00:00
1660,1,1248,treatment,2025-12-08 00:00:00
1661,1,139,treatment,2026-07-31 00:00:00
1662,2,489,treatment,2025-06-27 00:00:00
1663,1,982,treatment,2026-04-27 00:00:00
1664,1,1296,control,2025-05-15 00:00:00
1665,3,975,treatment,2026-07-23 00:00:00
1666,2,333,control,2025-09-16 00:00:00
1667,2,886,control,2025-11-04 00:00:00
1668,2,1419,control,2025-07-03 00:00:00
1669,3,782,control,2026-02-13 00:00:00
1670,2,234,control,2026-02-03 00:00:00
1671,3,489,control,2025-08-26 00:00:00
1672,1,39,control,2025-08-10 00:00:00
1673,1,544,control,2025-10-16 00:00:00
1674,2,1741,treatment,2025-11-22 00:00:00
1675,2,1123,treatment,2025-08-26 00:00:00
1676,3,1575,treatment,2026-03-31 00:00:00
1677,3,909,control,2026-04-26 00:00:00
1678,3,765,control,2026-07-15 00:00:00
1679,1,881,treatment,2026-07-31 00:00:00
1680,2,761,control,2025-09-28 00:00:00
1681,2,1402,control,2025-10-10 00:00:00
1682,2,30,control,2025-07-11 00:00:00
1683,3,1355,treatment,2026-09-08 00:00:00
1684,1,90,treatment,2026-03-31 00:00:00
1685,3,994,treatment,2025-08-23 00:00:00
1686,1,1022,treatment,2026-04-13 00:00:00
1687,1,1687,control,2026-01-25 00:00:00
1688,3,866,control,2026-09-08 00:00:00
1689,2,1439,control,2025-08-23 00:00:00
1690,3,1673,control,2025-09-13 00:00:00
1691,1,1491,treatment,2026-04-04 00:00:00
1692,2,89,control,2026-04-30 00:00:00
1693,3,1778,control,2026-09-03 00:00:00
1694,1,713,treatment,2026-06-30 00:00:00
1695,2,804,treatment,2025-11-27 00:00:00
1696,1,103,control,2026-04-12 00:00:00
1697,3,1695,treatment,2025-09-14 00:00:00
1698,1,1564,treatment,2026-05-10 00:00:00
1699,3,1463,treatment,2025-08-14 00:00:00
1700,2,1685,control,2026-08-22 00:00:00
1701,3,839,control,2025-08-31 00:00:00
1702,2,1295,treatment,2025-06-23 00:00:00
1703,2,1294,control,2026-06-23 00:00:00
1704,1,1535,treatment,2026-08-07 00:00:00
1705,1,458,control,2026-06-19 00:00:00
1706,2,1063,treatment,2026-03-02 00:00:00
1707,2,238,control,2026-08-20 00:00:00
1708,3,366,treatment,2025-12-11 00:00:00
1709,2,274,control,2026-03-11 00:00:00
1710,2,698,treatment,2026-06-18 00:00:00
1711,3,982,treatment,2026-04-25 00:00:00
1712,3,872,control,2025-08-30 00:00:00
1713,1,134,treatment,2025-11-25 00:00:00
1714,1,1011,treatment,2026-04-29 00:00:00
1715,3,901,treatment,2026-06-05 00:00:00
1716,1,843,treatment,2026-03-11 00:00:00
1717,1,480,treatment,2026-05-02 00:00:00
1718,3,1118,treatment,2026-01-31 00:00:00
1719,2,1275,control,2025-09-30 00:00:00
1720,3,1067,treatment,2025-08-30 00:00:00
1721,3,287,treatment,2025-08-16 00:00:00
1722,3,199,treatment,2025-09-01 00:00:00
1723,2,836,control,2026-01-14 00:00:00
1724,3,703,treatment,2025-11-08 00:00:00
1725,2,1316,control,2026-09-03 00:00:00
1726,2,6,control,2025-08-17 00:00:00
1727,2,796,treatment,2025-10-11 00:00:00
1728,2,146,control,2026-06-12 00:00:00
1729,3,200,control,2026-06-02 00:00:00
1730,2,998,treatment,2026-07-11 00:00:00
1731,1,1259,control,2025-06-14 00:00:00
1732,1,461,control,2026-07-09 00:00:00
1733,2,1157,treatment,2025-12-26 00:00:00
1734,3,801,treatment,2026-08-12 00:00:00
1735,1,1562,control,2025-05-15 00:00:00
1736,1,1412,treatment,2025-06-25 00:00:00
1737,2,557,control,2025-09-05 00:00:00
1738,1,1219,treatment,2026-06-06 00:00:00
1739,2,83,treatment,2025-08-14 00:00:00
1740,2,1699,treatment,2026-07-09 00:00:00
1741,2,608,control,2026-03-19 00:00:00
1742,1,754,treatment,2025-12-30 00:00:00
1743,1,1791,treatment,2025-08-26 00:00:00
1744,3,1781,control,2025-08-24 00:00:00
1745,2,758,control,2026-09-04 00:00:00
1746,1,1674,treatment,2025-09-02 00:00:00
1747,3,1374,treatment,2026-03-11 00:00:00
1748,1,1444,control,2026-07-14 00:00:00
1749,1,1455,control,2025-11-20 00:00:00
1750,2,97,control,2025-07-10 00:00:00
1751,2,80,treatment,2026-08-22 00:00:00
1752,2,350,control,2026-02-06 00:00:00
1753,2,1499,treatment,2026-03-15 00:00:00
1754,2,1675,treatment,2025-09-25 00:00:00
1755,1,1210,treatment,2026-01-25 00:00:00
1756,1,1270,control,2025-12-04 00:00:00
1757,3,496,control,2025-08-30 00:00:00
1758,1,1046,treatment,2025-10-15 00:00:00
1759,1,708,control,2025-09-13 00:00:00
1760,2,225,treatment,2026-01-04 00:00:00
1761,3,1635,treatment,2026-04-29 00:00:00
1762,1,286,treatment,2025-12-21 00:00:00
1763,3,926,control,2026-06-02 00:00:00
1764,1,1076,treatment,2026-09-03 00:00:00
1765,1,1040,treatment,2025-05-27 00:00:00
1766,2,333,treatment,2025-09-27 00:00:00
1767,2,1595,control,2026-09-06 00:00:00
1768,2,1129,treatment,2026-06-19 00:00:00
1769,1,195,treatment,2025-12-08 00:00:00
1770,1,462,treatment,2025-12-14 00:00:00
1771,2,119,control,2026-08-26 00:00:00
1772,1,1472,control,2026-03-28 00:00:00
1773,1,353,treatment,2025-04-22 00:00:00
1774,2,747,treatment,2026-06-11 00:00:00
1775,3,420,treatment,2026-09-07 00:00:00
1776,1,788,control,2026-05-22 00:00:00
1777,1,1102,control,2026-01-24 00:00:00
1778,2,192,treatment,2026-05-19 00:00:00
1779,1,512,treatment,2026-07-25 00:00:00
1780,2,589,control,2026-08-09 00:00:00
1781,2,247,control,2026-05-09 00:00:00
1782,2,1782,treatment,2025-07-03 00:00:00
1783,2,1237,treatment,2026-01-24 00:00:00
1784,3,546,control,2025-08-28 00:00:00
1785,3,1331,control,2025-08-23 00:00:00
1786,2,982,control,2026-05-12 00:00:00
1787,2,1386,treatment,2026-06-28 00:00:00
1788,3,415,control,2026-08-31 00:00:00
1789,1,907,treatment,2025-09-18 00:00:00
1790,2,1210,control,2026-02-04 00:00:00
1791,2,1024,control,2026-06-17 00:00:00
1792,3,337,control,2026-03-02 00:00:00
1793,2,1562,treatment,2025-07-01 00:00:00
1794,2,876,treatment,2026-05-09 00:00:00
1795,2,1488,treatment,2026-04-15 00:00:00
1796,2,1348,treatment,2026-02-07 00:00:00
1797,1,310,treatment,2026-06-13 00:00:00
1798,3,1335,control,2025-08-22 00:00:00
1799,1,799,control,2026-01-23 00:00:00
1800,3,1532,treatment,2026-04-21 00:00:00
1801,2,1259,control,2025-06-26 00:00:00
1802,3,860,treatment,2025-08-31 00:00:00
1803,1,963,treatment,2025-09-17 00:00:00
1804,2,1615,control,2026-01-21 00:00:00
1805,2,811,control,2025-07-16 00:00:00
1806,3,553,control,2025-12-20 00:00:00
1807,3,260,control,2026-04-30 00:00:00
1808,2,1614,control,2025-07-02 00:00:00
1809,2,376,treatment,2025-07-22 00:00:00
1810,1,423,treatment,2025-11-20 00:00:00
1811,3,1500,control,2026-03-18 00:00:00
1812,3,1551,control,2026-02-12 00:00:00
1813,1,58,treatment,2026-03-26 00:00:00
1814,3,1039,control,2025-08-18 00:00:00
1815,2,1647,control,2026-03-16 00:00:00
1816,1,561,treatment,2026-01-30 00:00:00
1817,1,437,control,2026-08-23 00:00:00
1818,1,272,treatment,2025-12-15 00:00:00
1819,1,338,control,2026-05-29 00:00:00
1820,2,536,control,2025-07-01 00:00:00
1821,3,1741,control,2025-11-19 00:00:00
1822,2,954,treatment,2026-01-30 00:00:00
1823,1,930,control,2025-10-23 00:00:00
1824,3,965,control,2025-08-27 00:00:00
1825,3,663,control,2025-08-28 00:00:00
1826,1,1291,treatment,2025-06-14 00:00:00
1827,3,1298,treatment,2026-01-10 00:00:00
1828,1,1169,treatment,2025-08-27 00:00:00
1829,3,470,control,2025-08-21 00:00:00
1830,1,419,treatment,2026-01-13 00:00:00
1831,3,709,control,2025-08-22 00:00:00
1832,1,837,treatment,2026-01-22 00:00:00
1833,3,688,control,2025-08-28 00:00:00
1834,2,1336,treatment,2026-04-18 00:00:00
1835,1,726,control,2025-07-12 00:00:00
1836,1,1651,treatment,2026-06-10 00:00:00
1837,3,1051,control,2025-08-22 00:00:00
1838,2,134,control,2025-12-06 00:00:00
1839,2,172,control,2025-11-21 00:00:00
1840,1,831,control,2026-05-19 00:00:00
1841,3,1385,treatment,2025-12-05 00:00:00
1842,1,546,control,2025-09-01 00:00:00
1843,3,1690,control,2026-05-24 00:00:00
1844,3,480,control,2026-04-18 00:00:00
1845,2,137,control,2025-06-25 00:00:00
1846,2,800,control,2026-06-15 00:00:00
1847,1,1430,treatment,2026-04-17 00:00:00
1848,1,8,treatment,2025-06-25 00:00:00
1849,3,1657,treatment,2026-02-02 00:00:00
1850,2,930,control,2025-10-16 00:00:00
1851,3,1127,treatment,2025-08-25 00:00:00
1852,2,99,treatment,2025-09-16 00:00:00
1853,1,329,control,2026-05-11 00:00:00
1854,3,1429,treatment,2025-11-22 00:00:00
1855,2,1393,treatment,2025-10-04 00:00:00
1856,3,1770,treatment,2025-08-27 00:00:00
1857,1,1601,control,2025-10-29 00:00:00
1858,1,1332,treatment,2026-02-23 00:00:00
1859,2,1742,treatment,2025-11-01 00:00:00
1860,1,1490,control,2025-04-30 00:00:00
1861,1,1014,treatment,2026-05-27 00:00:00
1862,3,1754,treatment,2025-12-18 00:00:00
1863,3,341,treatment,2025-09-12 00:00:00
1864,1,1078,control,2026-07-10 00:00:00
1865,1,668,control,2025-07-03 00:00:00
1866,2,12,control,2025-07-02 00:00:00
1867,3,377,treatment,2026-05-04 00:00:00
1868,2,698,treatment,2026-06-10 00:00:00
1869,1,285,control,2025-08-05 00:00:00
1870,2,1582,treatment,2026-04-12 00:00:00
1871,2,356,control,2026-03-01 00:00:00
1872,1,1005,treatment,2026-01-25 00:00:00
1873,1,276,control,2025-11-22 00:00:00
1874,3,1544,control,2025-10-01 00:00:00
1875,1,1605,control,2025-08-02 00:00:00
1876,2,834,treatment,2025-12-28 00:00:00
1877,2,809,treatment,2025-06-29 00:00:00
1878,2,1462,treatment,2025-06-26 00:00:00
1879,1,220,control,2026-04-13 00:00:00
1880,2,1668,treatment,2026-01-03 00:00:00
1881,2,1255,control,2026-03-15 00:00:00
1882,2,228,control,2025-08-26 00:00:00
1883,1,1195,treatment,2026-09-02 00:00:00
1884,1,734,treatment,2026-02-08 00:00:00
1885,3,1658,control,2025-09-19 00:00:00
1886,1,1700,control,2025-10-19 00:00:00
1887,2,1221,control,2025-08-10 00:00:00
1888,1,97,control,2025-07-20 00:00:00
1889,1,1105,treatment,2026-06-16 00:00:00
1890,3,672,treatment,2026-07-29 00:00:00
1891,1,1493,treatment,2026-03-19 00:00:00
1892,2,734,control,2026-02-03 00:00:00
1893,3,1216,control,2025-08-16 00:00:00
1894,3,1793,control,2026-02-16 00:00:00
1895,3,1463,control,2025-08-27 00:00:00
1896,1,583,control,2026-07-01 00:00:00
1897,2,593,control,2026-02-13 00:00:00
1898,3,633,treatment,2026-03-13 00:00:00
1899,1,1470,treatment,2026-06-02 00:00:00
1900,2,244,treatment,2025-06-27 00:00:00
1901,1,222,treatment,2026-04-22 00:00:00
1902,1,586,control,2025-09-27 00:00:00
1903,1,759,control,2026-07-02 00:00:00
1904,1,931,control,2026-04-19 00:00:00
1905,3,178,control,2025-11-23 00:00:00
1906,3,575,treatment,2026-08-23 00:00:00
1907,2,634,treatment,2026-05-27 00:00:00
1908,3,1484,treatment,2026-04-20 00:00:00
1909,1,262,control,2026-01-23 00:00:00
1910,1,312,treatment,2025-07-14 00:00:00
1911,3,1189,treatment,2026-06-06 00:00:00
1912,2,134,treatment,2025-12-04 00:00:00
1913,1,1736,treatment,2025-04-25 00:00:00
1914,2,130,control,2025-07-03 00:00:00
1915,3,293,treatment,2026-03-08 00:00:00
1916,1,1625,control,2025-11-30 00:00:00
1917,3,700,control,2025-08-18 00:00:00
1918,3,139,treatment,2026-08-11 00:00:00
1919,2,1440,treatment,2025-06-27 00:00:00
1920,1,368,treatment,2025-12-18 00:00:00
1921,3,1533,control,2026-03-04 00:00:00
1922,3,749,treatment,2025-12-18 00:00:00
1923,1,433,treatment,2026-07-07 00:00:00
1924,2,608,control,2026-03-24 00:00:00
1925,1,1360,treatment,2025-10-07 00:00:00
1926,2,1705,treatment,2026-03-23 00:00:00
1927,3,1006,control,2026-08-22 00:00:00
1928,3,1376,treatment,2026-04-10 00:00:00
1929,3,1677,treatment,2025-08-14 00:00:00
1930,3,369,control,2025-09-02 00:00:00
1931,1,496,treatment,2025-05-06 00:00:00
1932,2,542,control,2025-06-21 00:00:00
1933,2,851,control,2026-05-13 00:00:00
1934,2,611,treatment,2025-12-28 00:00:00
1935,3,598,control,2025-11-28 00:00:00
1936,1,533,control,2025-12-13 00:00:00
1937,1,1668,control,2025-12-29 00:00:00
1938,2,345,treatment,2026-07-21 00:00:00
1939,1,1020,control,2026-01-05 00:00:00
1940,1,557,control,2025-09-16 00:00:00
1941,1,33,treatment,2025-07-04 00:00:00
1942,1,485,treatment,2026-05-13 00:00:00
1943,1,117,control,2026-08-27 00:00:00
1944,3,1415,control,2026-06-29 00:00:00
1945,3,916,treatment,2026-07-12 00:00:00
1946,2,1711,control,2026-02-07 00:00:00
1947,1,390,control,2025-07-24 00:00:00
1948,3,1210,control,2026-02-05 00:00:00
1949,3,1606,control,2025-08-29 00:00:00
1950,2,1454,control,2026-01-26 00:00:00
1951,2,1566,control,2026-08-26 00:00:00
1952,1,1605,control,2025-07-23 00:00:00
1953,2,234,treatment,2026-02-09 00:00:00
1954,3,289,treatment,2025-09-09 00:00:00
1955,1,1528,treatment,2026-04-03 00:00:00
1956,2,1007,control,2025-07-25 00:00:00
1957,3,1393,treatment,2025-10-04 00:00:00
1958,2,609,treatment,2025-12-09 00:00:00
1959,2,1133,control,2025-06-19 00:00:00
1960,3,425,control,2025-11-05 00:00:00
1961,1,1749,control,2026-01-10 00:00:00
1962,2,879,control,2026-04-23 00:00:00
1963,3,1561,treatment,2026-01-03 00:00:00
1964,2,440,control,2025-08-16 00:00:00
1965,2,192,treatment,2026-05-21 00:00:00
1966,1,20,control,2026-07-05 00:00:00
1967,2,269,control,2025-06-15 00:00:00
1968,3,1261,treatment,2025-08-14 00:00:00
1969,2,1046,treatment,2025-10-27 00:00:00
1970,2,1336,control,2026-04-27 00:00:00
1971,3,1425,control,2025-08-24 00:00:00
1972,2,466,control,2026-08-13 00:00:00
1973,1,786,treatment,2025-04-29 00:00:00
1974,3,368,treatment,2025-12-24 00:00:00
1975,2,1173,control,2026-04-14 00:00:00
1976,1,1712,treatment,2025-12-05 00:00:00
1977,2,401,treatment,2026-04-16 00:00:00
1978,2,472,treatment,2025-11-16 00:00:00
1979,2,57,treatment,2026-04-01 00:00:00
1980,3,1518,treatment,2026-07-24 00:00:00
1981,3,984,control,2025-12-14 00:00:00
1982,2,44,control,2025-10-16 00:00:00
1983,1,148,treatment,2025-10-17 00:00:00
1984,3,41,treatment,2025-08-25 00:00:00
1985,2,1635,control,2026-04-28 00:00:00
1986,1,1761,treatment,2025-10-18 00:00:00
1987,2,95,treatment,2025-06-24 00:00:00
1988,2,1188,control,2026-06-16 00:00:00
1989,2,644,treatment,2026-02-23 00:00:00
1990,1,968,treatment,2026-01-08 00:00:00
1991,3,606,treatment,2026-08-10 00:00:00
1992,3,232,control,2025-08-18 00:00:00
1993,2,220,control,2026-04-15 00:00:00
1994,1,460,treatment,2026-08-04 00:00:00
1995,1,976,treatment,2025-06-21 00:00:00
1996,1,696,control,2026-06-24 00:00:00
1997,2,1376,control,2026-04-12 00:00:00
1998,3,1361,control,2025-11-03 00:00:00
1999,2,900,treatment,2026-04-12 00:00:00
2000,1,1755,control,2026-04-10 00:00:00
2001,1,481,treatment,2025-08-30 00:00:00
2002,2,1126,control,2025-07-06 00:00:00
2003,3,1301,treatment,2026-08-21 00:00:00
2004,3,1303,control,2026-07-12 00:00:00
2005,3,116,treatment,2025-12-20 00:00:00
2006,3,105,treatment,2025-12-03 00:00:00
2007,3,940,treatment,2026-05-13 00:00:00
2008,2,694,control,2026-04-28 00:00:00
2009,2,1343,treatment,2026-03-24 00:00:00
2010,2,1737,treatment,2025-06-19 00:00:00
2011,3,150,treatment,2026-04-29 00:00:00
2012,3,1799,control,2026-08-30 00:00:00
2013,3,1099,treatment,2025-12-28 00:00:00
2014,3,1491,treatment,2026-03-24 00:00:00
2015,1,907,control,2025-09-20 00:00:00
2016,1,439,treatment,2025-11-27 00:00:00
2017,1,277,treatment,2026-04-03 00:00:00
2018,2,621,treatment,2026-07-29 00:00:00
2019,2,1441,treatment,2026-01-06 00:00:00
2020,3,1756,treatment,2026-05-20 00:00:00
2021,3,351,control,2025-11-10 00:00:00
2022,3,591,control,2026-06-19 00:00:00
2023,1,1201,control,2026-07-28 00:00:00
2024,1,1515,treatment,2026-02-14 00:00:00
2025,1,1763,control,2026-01-18 00:00:00
2026,1,870,treatment,2026-05-20 00:00:00
2027,1,1371,control,2026-08-26 00:00:00
2028,1,307,control,2025-12-24 00:00:00
2029,1,1316,treatment,2026-08-30 00:00:00
2030,1,648,control,2025-10-28 00:00:00
2031,2,103,treatment,2026-04-19 00:00:00
2032,2,1280,treatment,2026-02-10 00:00:00
2033,2,596,control,2026-01-07 00:00:00
2034,3,1312,control,2026-06-21 00:00:00
2035,1,579,control,2026-08-01 00:00:00
2036,2,1582,control,2026-04-17 00:00:00
2037,3,589,control,2026-08-11 00:00:00
2038,1,1420,treatment,2025-11-03 00:00:00
2039,3,730,control,2025-08-27 00:00:00
2040,3,661,treatment,2025-08-22 00:00:00
2041,3,326,treatment,2025-12-10 00:00:00
2042,2,1141,control,2026-01-30 00:00:00
2043,3,1345,control,2026-04-25 00:00:00
2044,2,1363,treatment,2026-08-09 00:00:00
2045,1,1352,control,2026-09-06 00:00:00
2046,3,963,control,2025-09-18 00:00:00
2047,2,868,treatment,2025-06-20 00:00:00
2048,2,1349,treatment,2026-04-22 00:00:00
2049,3,1794,treatment,2025-09-04 00:00:00
2050,3,739,control,2026-01-29 00:00:00
2051,3,838,treatment,2026-08-14 00:00:00
2052,2,188,control,2026-07-20 00:00:00
2053,1,600,treatment,2026-04-14 00:00:00
2054,2,800,treatment,2026-06-08 00:00:00
2055,3,817,control,2026-09-04 00:00:00
2056,1,129,treatment,2026-08-09 00:00:00
2057,3,1308,control,2026-07-31 00:00:00
2058,1,1085,control,2025-04-21 00:00:00
2059,1,879,control,2026-04-11 00:00:00
2060,3,771,treatment,2025-09-16 00:00:00
2061,3,102,control,2026-04-17 00:00:00
2062,3,1039,treatment,2025-08-28 00:00:00
2063,3,1644,treatment,2026-07-04 00:00:00
2064,3,1070,control,2026-09-07 00:00:00
2065,3,627,treatment,2025-11-05 00:00:00
2066,2,639,control,2026-02-01 00:00:00
2067,1,146,treatment,2026-06-11 00:00:00
2068,1,977,treatment,2025-08-14 00:00:00
2069,2,1009,treatment,2025-11-29 00:00:00
2070,1,1413,treatment,2025-09-06 00:00:00
2071,1,1345,treatment,2026-04-28 00:00:00
2072,3,1180,control,2026-02-21 00:00:00
2073,1,1670,control,2026-01-25 00:00:00
2074,1,351,treatment,2025-11-22 00:00:00
2075,2,141,control,2025-07-29 00:00:00
2076,1,1491,treatment,2026-03-26 00:00:00
2077,1,828,treatment,2025-08-06 00:00:00
2078,1,1749,control,2026-01-06 00:00:00
2079,1,986,treatment,2026-07-05 00:00:00
2080,2,1096,control,2025-08-27 00:00:00
2081,3,908,control,2025-08-16 00:00:00
2082,2,960,control,2026-01-30 00:00:00
2083,2,728,treatment,2025-09-02 00:00:00
2084,3,52,treatment,2026-04-27 00:00:00
2085,1,1787,treatment,2026-09-03 00:00:00
2086,3,1544,control,2025-10-05 00:00:00
2087,1,679,control,2025-07-17 00:00:00
2088,2,1625,treatment,2025-11-28 00:00:00
2089,3,183,control,2025-09-02 00:00:00
2090,3,1451,treatment,2025-08-30 00:00:00
2091,1,338,treatment,2026-05-15 00:00:00
2092,3,917,treatment,2025-12-12 00:00:00
2093,3,814,treatment,2025-09-09 00:00:00
2094,3,303,treatment,2025-08-22 00:00:00
2095,1,566,treatment,2025-11-26 00:00:00
2096,2,1414,control,2025-12-28 00:00:00
2097,1,1261,treatment,2025-07-16 00:00:00
2098,3,81,control,2026-05-15 00:00:00
2099,1,1409,treatment,2026-09-07 00:00:00
2100,1,1251,treatment,2026-09-06 00:00:00
2101,1,1796,treatment,2026-01-29 00:00:00
2102,1,1741,treatment,2025-12-01 00:00:00
2103,3,1687,control,2026-01-31 00:00:00
2104,3,859,treatment,2025-08-31 00:00:00
2105,3,1580,control,2026-07-02 00:00:00
2106,3,555,control,2025-09-08 00:00:00
2107,1,521,treatment,2025-09-19 00:00:00
2108,2,1785,treatment,2026-02-28 00:00:00
2109,1,1253,treatment,2026-04-28 00:00:00
2110,3,291,control,2026-01-06 00:00:00
2111,2,339,treatment,2025-11-29 00:00:00
2112,1,512,treatment,2026-07-20 00:00:00
2113,3,1485,treatment,2026-07-12 00:00:00
2114,2,1524,treatment,2025-06-26 00:00:00
2115,1,920,control,2026-01-25 00:00:00
2116,3,1051,control,2025-08-26 00:00:00
2117,3,1541,treatment,2026-05-25 00:00:00
2118,3,476,treatment,2025-08-14 00:00:00
2119,3,810,control,2025-11-14 00:00:00
2120,1,1601,control,2025-10-30 00:00:00
2121,2,647,control,2025-10-04 00:00:00
2122,3,173,treatment,2026-01-11 00:00:00
2123,3,701,control,2025-08-20 00:00:00
2124,2,1066,control,2025-12-27 00:00:00
2125,3,728,control,2025-08-29 00:00:00
2126,1,1027,control,2026-04-06 00:00:00
2127,3,3,control,2026-01-01 00:00:00
2128,2,545,treatment,2025-06-28 00:00:00
2129,2,338,control,2026-05-26 00:00:00
2130,1,1112,treatment,2026-06-02 00:00:00
2131,1,950,control,2025-11-29 00:00:00
2132,1,1737,control,2025-06-26 00:00:00
2133,1,1137,control,2026-03-30 00:00:00
2134,2,1362,treatment,2026-03-05 00:00:00
2135,3,203,treatment,2026-07-07 00:00:00
2136,2,520,treatment,2026-07-18 00:00:00
2137,2,158,control,2025-07-01 00:00:00
2138,1,632,treatment,2026-07-24 00:00:00
2139,3,1439,control,2025-08-31 00:00:00
2140,3,1612,treatment,2026-02-20 00:00:00
2141,1,1045,control,2025-06-08 00:00:00
2142,2,254,control,2026-02-13 00:00:00
2143,2,367,control,2025-09-17 00:00:00
2144,2,68,control,2025-11-02 00:00:00
2145,1,1627,treatment,2025-05-02 00:00:00
2146,2,247,treatment,2026-05-16 00:00:00
2147,2,242,control,2025-06-15 00:00:00
2148,1,564,control,2025-10-10 00:00:00
2149,3,1385,treatment,2025-11-23 00:00:00
2150,1,504,treatment,2026-01-06 00:00:00
2151,3,848,control,2025-12-01 00:00:00
2152,2,856,treatment,2026-04-29 00:00:00
2153,2,1174,control,2026-05-22 00:00:00
2154,3,845,treatment,2026-07-03 00:00:00
2155,3,1796,treatment,2026-01-27 00:00:00
2156,2,245,treatment,2025-06-30 00:00:00
2157,1,1261,treatment,2025-07-15 00:00:00
2158,2,1777,treatment,2025-10-14 00:00:00
2159,1,1647,treatment,2026-03-11 00:00:00
2160,3,1231,control,2026-07-05 00:00:00
2161,2,145,treatment,2025-12-23 00:00:00
2162,2,1517,control,2026-05-06 00:00:00
2163,3,1012,control,2026-06-26 00:00:00
2164,1,114,control,2026-07-13 00:00:00
2165,2,1574,treatment,2025-12-01 00:00:00
2166,1,1710,treatment,2025-07-19 00:00:00
2167,2,592,control,2026-01-02 00:00:00
2168,3,146,treatment,2026-06-05 00:00:00
2169,1,1619,control,2026-04-01 00:00:00
2170,1,715,control,2026-01-16 00:00:00
2171,2,138,control,2025-06-23 00:00:00
2172,1,842,control,2026-03-17 00:00:00
2173,2,1750,treatment,2025-06-28 00:00:00
2174,2,1092,control,2026-06-30 00:00:00
2175,1,19,treatment,2025-10-30 00:00:00
2176,2,203,treatment,2026-07-03 00:00:00
2177,3,74,control,2026-05-16 00:00:00
2178,2,1424,control,2026-05-21 00:00:00
2179,1,1170,control,2025-04-26 00:00:00
2180,2,1631,control,2025-08-12 00:00:00
2181,3,1033,treatment,2025-12-27 00:00:00
2182,2,834,treatment,2025-12-25 00:00:00
2183,3,1441,control,2026-01-20 00:00:00
2184,1,1009,treatment,2025-11-18 00:00:00
2185,1,1504,treatment,2025-10-07 00:00:00
2186,2,805,control,2025-09-06 00:00:00
2187,1,795,control,2025-05-14 00:00:00
2188,3,1404,treatment,2025-12-09 00:00:00
2189,1,1717,control,2025-11-26 00:00:00
2190,1,165,treatment,2025-06-03 00:00:00
2191,1,1488,control,2026-04-11 00:00:00
2192,3,519,treatment,2025-08-18 00:00:00
2193,2,787,control,2026-07-10 00:00:00
2194,3,187,control,2026-05-11 00:00:00
2195,1,1087,treatment,2026-07-30 00:00:00
2196,2,1772,control,2026-05-05 00:00:00
2197,3,1091,treatment,2026-08-03 00:00:00
2198,2,1147,treatment,2026-08-03 00:00:00
2199,1,1749,control,2026-01-07 00:00:00
2200,1,1784,treatment,2025-08-15 00:00:00
2201,3,1401,control,2025-08-29 00:00:00
2202,3,868,control,2025-08-24 00:00:00
2203,1,1719,control,2025-07-12 00:00:00
2204,1,524,treatment,2026-04-09 00:00:00
2205,2,655,control,2026-01-23 00:00:00
2206,2,853,treatment,2026-02-15 00:00:00
2207,2,1584,control,2025-06-17 00:00:00
2208,1,580,control,2025-07-20 00:00:00
2209,1,377,control,2026-04-28 00:00:00
2210,3,785,treatment,2026-09-08 00:00:00
2211,3,1439,treatment,2025-08-23 00:00:00
2212,2,362,treatment,2026-05-18 00:00:00
2213,1,250,control,2025-04-29 00:00:00
2214,3,1326,treatment,2026-04-06 00:00:00
2215,3,996,control,2025-11-12 00:00:00
2216,1,897,control,2025-05-16 00:00:00
2217,2,1193,control,2026-01-01 00:00:00
2218,2,1012,treatment,2026-07-07 00:00:00
2219,2,488,treatment,2026-05-23 00:00:00
2220,3,1080,treatment,2025-11-09 00:00:00
2221,1,1763,control,2026-01-10 00:00:00
2222,2,238,treatment,2026-09-02 00:00:00
2223,3,246,treatment,2025-11-22 00:00:00
2224,2,585,control,2026-06-08 00:00:00
2225,3,1681,control,2025-12-17 00:00:00
2226,1,568,control,2026-01-23 00:00:00
2227,2,609,control,2025-12-06 00:00:00
2228,3,1621,control,2025-11-14 00:00:00
2229,1,271,treatment,2026-09-02 00:00:00
2230,1,302,treatment,2025-12-31 00:00:00
2231,2,1229,control,2026-06-23 00:00:00
2232,2,957,treatment,2026-04-02 00:00:00
2233,1,1355,control,2026-08-20 00:00:00
2234,2,1796,treatment,2026-01-20 00:00:00
2235,3,1506,control,2025-08-20 00:00:00
2236,3,806,control,2026-02-15 00:00:00
2237,2,1690,treatment,2026-05-18 00:00:00
2238,3,175,control,2025-10-28 00:00:00
2239,1,1554,control,2025-09-17 00:00:00
2240,1,60,treatment,2025-12-30 00:00:00
2241,1,1763,treatment,2026-01-26 00:00:00
2242,2,1098,treatment,2025-08-08 00:00:00
2243,2,1359,control,2026-01-27 00:00:00
2244,3,1797,control,2026-03-01 00:00:00
2245,2,459,treatment,2025-08-29 00:00:00
2246,1,319,treatment,2025-07-27 00:00:00
2247,2,315,control,2025-06-15 00:00:00
2248,1,708,control,2025-09-21 00:00:00
2249,1,1093,control,2025-06-14 00:00:00
2250,2,1495,treatment,2025-07-03 00:00:00
2251,2,1499,treatment,2026-03-31 00:00:00
2252,2,1357,control,2025-06-30 00:00:00
2253,1,1495,control,2025-07-16 00:00:00
2254,2,586,control,2025-09-16 00:00:00
2255,3,633,treatment,2026-03-14 00:00:00
2256,2,471,control,2026-01-17 00:00:00
2257,2,92,treatment,2025-08-19 00:00:00
2258,3,1209,control,2025-10-28 00:00:00
2259,2,1705,control,2026-03-20 00:00:00
2260,3,1507,control,2026-07-04 00:00:00
2261,1,751,treatment,2025-06-24 00:00:00
2262,2,689,control,2025-12-05 00:00:00
2263,3,400,treatment,2026-06-09 00:00:00
2264,3,248,treatment,2025-08-29 00:00:00
2265,1,259,control,2025-12-25 00:00:00
2266,1,1281,treatment,2025-08-21 00:00:00
2267,1,141,control,2025-08-04 00:00:00
2268,3,726,control,2025-08-18 00:00:00
2269,1,739,control,2026-01-30 00:00:00
2270,2,905,treatment,2025-09-17 00:00:00
2271,2,313,control,2025-07-01 00:00:00
2272,1,1151,control,2026-04-02 00:00:00
2273,1,1371,control,2026-08-18 00:00:00
2274,1,220,treatment,2026-04-27 00:00:00
2275,3,360,control,2026-03-17 00:00:00
2276,2,223,treatment,2025-12-20 00:00:00
2277,2,535,control,2026-07-17 00:00:00
2278,1,347,treatment,2025-10-13 00:00:00
2279,2,1444,treatment,2026-07-25 00:00:00
2280,3,182,control,2025-08-22 00:00:00
2281,1,77,control,2025-10-24 00:00:00
2282,3,113,control,2025-08-31 00:00:00
2283,1,1017,treatment,2025-07-02 00:00:00
2284,2,80,control,2026-08-17 00:00:00
2285,2,749,treatment,2025-12-14 00:00:00
2286,1,487,treatment,2026-07-23 00:00:00
2287,3,512,treatment,2026-07-24 00:00:00
2288,1,1659,treatment,2025-09-03 00:00:00
2289,2,224,treatment,2026-06-28 00:00:00
2290,3,86,control,2025-11-26 00:00:00
2291,1,1016,control,2026-05-21 00:00:00
2292,2,566,treatment,2025-12-08 00:00:00
2293,2,61,treatment,2025-06-16 00:00:00
2294,3,188,treatment,2026-07-22 00:00:00
2295,1,383,control,2026-09-06 00:00:00
2296,1,1684,treatment,2025-04-29 00:00:00
2297,3,1335,control,2025-08-31 00:00:00
2298,1,1178,control,2026-04-04 00:00:00
2299,1,1013,control,2026-04-19 00:00:00
2300,1,313,treatment,2025-06-02 00:00:00
2301,3,512,treatment,2026-07-18 00:00:00
2302,3,1411,control,2026-01-04 00:00:00
2303,2,451,control,2026-07-12 00:00:00
2304,2,1445,treatment,2026-06-23 00:00:00
2305,1,406,control,2026-02-02 00:00:00
2306,3,1310,treatment,2025-08-21 00:00:00
2307,2,1692,control,2026-07-01 00:00:00
2308,2,66,treatment,2026-04-09 00:00:00
2309,2,987,treatment,2026-03-31 00:00:00
2310,3,380,control,2025-08-14 00:00:00
2311,1,81,control,2026-04-27 00:00:00
2312,2,459,control,2025-08-31 00:00:00
2313,2,648,control,2025-10-29 00:00:00
2314,1,1062,treatment,2025-12-02 00:00:00
2315,3,1098,treatment,2025-08-16 00:00:00
2316,2,967,treatment,2026-08-21 00:00:00
2317,1,1648,control,2025-07-27 00:00:00
2318,3,648,treatment,2025-11-06 00:00:00
2319,3,1074,treatment,2026-06-21 00:00:00
2320,3,1241,control,2026-03-04 00:00:00
2321,1,678,control,2026-08-03 00:00:00
2322,2,1322,treatment,2026-09-07 00:00:00
2323,2,127,control,2025-07-04 00:00:00
2324,1,155,treatment,2025-07-25 00:00:00
2325,1,1520,treatment,2025-05-06 00:00:00
2326,3,120,control,2025-09-02 00:00:00
2327,3,311,treatment,2025-09-03 00:00:00
2328,1,1221,treatment,2025-08-12 00:00:00
2329,3,831,control,2026-05-20 00:00:00
2330,3,839,treatment,2025-08-22 00:00:00
2331,3,1547,treatment,2025-08-26 00:00:00
2332,1,470,control,2025-06-07 00:00:00
2333,1,1511,treatment,2025-05-01 00:00:00
2334,2,412,treatment,2026-06-26 00:00:00
2335,3,221,treatment,2025-08-24 00:00:00
2336,3,1449,control,2025-12-17 00:00:00
2337,3,1128,control,2025-08-19 00:00:00
2338,1,1603,treatment,2026-08-04 00:00:00
2339,2,1625,treatment,2025-12-04 00:00:00
2340,2,480,control,2026-04-13 00:00:00
2341,1,341,control,2025-09-04 00:00:00
2342,2,113,treatment,2025-08-26 00:00:00
2343,2,345,treatment,2026-07-28 00:00:00
2344,3,1684,treatment,2025-08-28 00:00:00
2345,2,560,control,2025-06-30 00:00:00
2346,1,1305,treatment,2026-06-21 00:00:00
2347,2,545,treatment,2025-06-22 00:00:00
2348,2,1490,treatment,2025-07-01 00:00:00
2349,1,1578,control,2025-04-25 00:00:00
2350,1,1058,treatment,2025-05-01 00:00:00
2351,3,792,control,2026-03-30 00:00:00
2352,2,1471,control,2025-06-15 00:00:00
2353,1,578,control,2026-06-02 00:00:00
2354,2,145,treatment,2026-01-01 00:00:00
2355,2,1172,treatment,2025-10-29 00:00:00
2356,1,894,treatment,2025-04-29 00:00:00
2357,3,71,treatment,2025-11-18 00:00:00
2358,1,1552,control,2026-06-21 00:00:00
2359,2,649,treatment,2026-07-28 00:00:00
2360,3,1516,control,2026-09-04 00:00:00
2361,1,250,control,2025-05-10 00:00:00
2362,2,503,treatment,2025-11-08 00:00:00
2363,1,308,control,2025-09-18 00:00:00
2364,1,1361,treatment,2025-10-29 00:00:00
2365,2,903,control,2025-12-01 00:00:00
2366,3,292,control,2025-11-02 00:00:00
2367,1,1309,treatment,2026-08-12 00:00:00
2368,2,1769,control,2025-07-19 00:00:00
2369,1,855,control,2026-04-17 00:00:00
2370,3,45,treatment,2025-09-03 00:00:00
2371,1,607,treatment,2025-10-25 00:00:00
2372,1,442,control,2025-07-16 00:00:00
2373,1,1049,treatment,2026-03-02 00:00:00
2374,1,851,treatment,2026-05-18 00:00:00
2375,2,712,treatment,2026-05-17 00:00:00
2376,3,1603,treatment,2026-08-04 00:00:00
2377,3,1780,control,2026-08-12 00:00:00
2378,2,888,treatment,2026-06-08 00:00:00
2379,3,1479,control,2025-08-24 00:00:00
2380,3,1737,control,2025-08-22 00:00:00
2381,3,13,control,2025-11-11 00:00:00
2382,2,1139,treatment,2025-06-15 00:00:00
2383,3,83,treatment,2025-08-28 00:00:00
2384,2,668,treatment,2025-07-09 00:00:00
2385,1,1573,treatment,2025-06-08 00:00:00
2386,1,829,treatment,2025-05-29 00:00:00
2387,3,211,treatment,2025-12-04 00:00:00
2388,2,1090,treatment,2025-07-20 00:00:00
2389,3,1186,treatment,2025-09-02 00:00:00
2390,2,1105,treatment,2026-06-08 00:00:00
2391,3,733,control,2025-09-05 00:00:00
2392,2,150,treatment,2026-05-16 00:00:00
2393,1,631,treatment,2026-04-18 00:00:00
2394,3,1252,treatment,2025-08-29 00:00:00
2395,1,1661,treatment,2025-11-14 00:00:00
2396,2,307,control,2025-12-16 00:00:00
2397,3,564,treatment,2025-10-10 00:00:00
2398,1,398,treatment,2025-08-01 00:00:00
2399,1,374,control,2026-06-11 00:00:00
2400,1,1599,treatment,2025-12-26 00:00:00
2401,3,289,control,2025-09-12 00:00:00
2402,3,185,treatment,2026-03-19 00:00:00
2403,1,372,control,2026-03-10 00:00:00
2404,2,1762,treatment,2026-03-28 00:00:00
2405,2,524,treatment,2026-04-29 00:00:00
2406,1,1548,control,2025-06-10 00:00:00
2407,1,725,control,2026-06-13 00:00:00
2408,2,1760,control,2025-06-28 00:00:00
2409,1,151,control,2026-04-16 00:00:00
2410,3,1670,treatment,2026-02-10 00:00:00
2411,1,1452,control,2026-06-03 00:00:00
2412,2,1763,control,2026-01-15 00:00:00
2413,3,36,treatment,2026-01-01 00:00:00
2414,1,271,treatment,2026-08-31 00:00:00
2415,2,1443,treatment,2025-08-20 00:00:00
2416,1,313,treatment,2025-06-10 00:00:00
2417,1,833,control,2026-08-26 00:00:00
2418,3,277,control,2026-04-10 00:00:00
2419,1,1055,treatment,2025-12-01 00:00:00
2420,1,861,treatment,2026-08-17 00:00:00
2421,1,1006,treatment,2026-08-09 00:00:00
2422,3,1605,treatment,2025-08-17 00:00:00
2423,1,752,treatment,2025-11-14 00:00:00
2424,2,1499,treatment,2026-03-12 00:00:00
2425,1,396,control,2026-05-13 00:00:00
2426,3,1691,control,2026-01-31 00:00:00
2427,1,1126,control,2025-06-21 00:00:00
2428,1,1249,control,2026-06-10 00:00:00
2429,3,527,treatment,2026-06-26 00:00:00
2430,1,281,control,2026-02-04 00:00:00
2431,2,1029,control,2026-04-17 00:00:00
2432,2,132,treatment,2026-03-30 00:00:00
2433,2,954,treatment,2026-02-14 00:00:00
2434,2,1274,control,2025-06-30 00:00:00
2435,2,952,control,2025-06-26 00:00:00
2436,3,1281,treatment,2025-08-31 00:00:00
2437,2,1203,control,2026-02-01 00:00:00
2438,3,490,control,2025-10-15 00:00:00
2439,3,736,treatment,2026-06-21 00:00:00
2440,3,460,treatment,2026-08-05 00:00:00
2441,2,1219,control,2026-06-04 00:00:00
2442,1,1783,control,2025-05-01 00:00:00
2443,3,1544,treatment,2025-09-24 00:00:00
2444,3,335,control,2025-09-01 00:00:00
2445,1,1747,control,2026-08-18 00:00:00
2446,3,1072,control,2025-08-18 00:00:00
2447,1,282,control,2025-04-22 00:00:00
2448,3,107,control,2025-08-17 00:00:00
2449,3,17,control,2025-10-26 00:00:00
2450,3,392,control,2026-09-05 00:00:00
2451,2,1552,control,2026-06-19 00:00:00
2452,3,202,control,2026-01-04 00:00:00
2453,1,492,treatment,2026-05-06 00:00:00
2454,3,343,treatment,2026-04-18 00:00:00
2455,3,276,treatment,2025-11-26 00:00:00
2456,2,1043,treatment,2025-07-31 00:00:00
2457,3,805,control,2025-09-11 00:00:00
2458,3,1354,treatment,2026-06-01 00:00:00
2459,2,955,treatment,2026-06-11 00:00:00
2460,1,930,control,2025-10-12 00:00:00
2461,1,1135,control,2025-08-01 00:00:00
2462,1,664,control,2025-05-20 00:00:00
2463,2,1,control,2025-07-18 00:00:00
2464,3,1138,treatment,2026-06-05 00:00:00
2465,2,461,treatment,2026-06-27 00:00:00
2466,1,583,control,2026-07-18 00:00:00
2467,3,133,treatment,2026-01-31 00:00:00
2468,3,1583,treatment,2026-06-14 00:00:00
2469,1,692,control,2025-11-10 00:00:00
2470,2,893,control,2026-02-05 00:00:00
2471,1,315,control,2025-04-24 00:00:00
2472,2,295,treatment,2025-12-25 00:00:00
2473,3,1079,treatment,2026-08-16 00:00:00
2474,2,104,control,2026-07-10 00:00:00
2475,2,1734,control,2026-01-28 00:00:00
2476,2,79,treatment,2025-11-08 00:00:00
2477,2,1204,treatment,2025-06-27 00:00:00
2478,1,987,control,2026-04-18 00:00:00
2479,1,1277,control,2026-07-23 00:00:00
2480,3,1546,control,2026-02-15 00:00:00
2481,3,1282,control,2026-06-15 00:00:00
2482,3,1418,control,2026-06-15 00:00:00
2483,2,180,control,2026-05-15 00:00:00
2484,3,995,control,2026-02-15 00:00:00
2485,2,581,control,2026-06-20 00:00:00
2486,2,850,control,2025-11-12 00:00:00
2487,3,948,treatment,2025-11-08 00:00:00
2488,1,833,control,2026-08-26 00:00:00
2489,2,527,control,2026-07-10 00:00:00
2490,3,1427,control,2026-08-13 00:00:00
2491,3,173,control,2026-01-04 00:00:00
2492,3,1770,control,2025-08-19 00:00:00
2493,1,911,treatment,2026-08-27 00:00:00
2494,2,1482,treatment,2026-08-28 00:00:00
2495,2,554,control,2026-04-05 00:00:00
2496,1,51,treatment,2025-07-05 00:00:00
2497,3,935,treatment,2026-04-29 00:00:00
2498,1,1730,treatment,2026-08-22 00:00:00
2499,2,1013,treatment,2026-04-05 00:00:00
2500,2,1425,treatment,2025-06-27 00:00:00
2501,3,706,treatment,2025-09-08 00:00:00
2502,3,310,control,2026-06-13 00:00:00
2503,3,935,control,2026-04-30 00:00:00
2504,3,1211,treatment,2025-11-01 00:00:00
2505,3,1286,treatment,2026-02-01 00:00:00
2506,3,125,treatment,2026-04-23 00:00:00
2507,2,252,control,2026-05-29 00:00:00
2508,1,708,control,2025-09-13 00:00:00
2509,3,944,control,2026-08-13 00:00:00
2510,3,415,control,2026-09-06 00:00:00
2511,1,647,treatment,2025-10-15 00:00:00
2512,1,1632,treatment,2025-07-03 00:00:00
2513,3,465,control,2026-09-06 00:00:00
2514,3,607,control,2025-11-07 00:00:00
2515,3,1065,control,2025-09-16 00:00:00
2516,1,910,control,2025-11-25 00:00:00
2517,1,282,treatment,2025-04-18 00:00:00
2518,2,27,control,2025-08-25 00:00:00
2519,3,96,control,2025-08-28 00:00:00
2520,2,853,treatment,2026-02-10 00:00:00
2521,2,189,treatment,2025-06-17 00:00:00
2522,2,1173,treatment,2026-04-22 00:00:00
2523,2,595,control,2025-06-25 00:00:00
2524,2,1542,control,2025-06-22 00:00:00
2525,2,689,treatment,2025-12-10 00:00:00
2526,3,866,treatment,2026-09-07 00:00:00
2527,2,753,treatment,2025-07-03 00:00:00
2528,3,1267,treatment,2025-11-30 00:00:00
2529,2,1184,treatment,2025-09-02 00:00:00
2530,1,103,treatment,2026-04-13 00:00:00
2531,1,747,treatment,2026-06-02 00:00:00
2532,2,1029,treatment,2026-04-03 00:00:00
2533,1,368,treatment,2025-12-27 00:00:00
2534,1,166,treatment,2025-11-08 00:00:00
2535,1,1457,control,2025-07-23 00:00:00
2536,1,616,control,2025-06-18 00:00:00
2537,1,671,treatment,2026-07-11 00:00:00
2538,3,269,control,2025-08-24 00:00:00
2539,1,647,treatment,2025-09-29 00:00:00
2540,3,1,control,2025-08-27 00:00:00
2541,3,677,control,2025-12-04 00:00:00
2542,1,1615,treatment,2026-01-17 00:00:00
2543,3,1014,control,2026-05-22 00:00:00
2544,3,101,control,2025-08-16 00:00:00
2545,3,1661,control,2025-11-14 00:00:00
2546,3,701,treatment,2025-08-30 00:00:00
2547,1,1221,control,2025-08-07 00:00:00
2548,3,376,treatment,2025-08-20 00:00:00
2549,1,1784,treatment,2025-08-19 00:00:00
2550,3,333,treatment,2025-09-30 00:00:00
2551,3,1797,treatment,2026-03-02 00:00:00
2552,3,741,treatment,2025-12-28 00:00:00
2553,3,970,control,2025-12-22 00:00:00
2554,2,577,treatment,2025-06-21 00:00:00
2555,1,1790,control,2026-09-01 00:00:00
2556,1,329,control,2026-05-16 00:00:00
2557,3,215,treatment,2026-07-26 00:00:00
2558,2,258,treatment,2025-11-27 00:00:00
2559,1,1089,treatment,2026-06-04 00:00:00
2560,1,1206,treatment,2026-04-26 00:00:00
2561,1,1562,control,2025-05-25 00:00:00
2562,3,587,control,2026-09-07 00:00:00
2563,1,562,treatment,2026-04-13 00:00:00
2564,3,668,treatment,2025-08-24 00:00:00
2565,2,902,control,2025-08-28 00:00:00
2566,3,351,control,2025-11-07 00:00:00
2567,1,139,control,2026-07-29 00:00:00
2568,2,1323,control,2026-09-03 00:00:00
2569,3,370,treatment,2025-08-28 00:00:00
2570,3,194,treatment,2025-08-31 00:00:00
2571,1,635,control,2026-03-03 00:00:00
2572,1,461,control,2026-07-08 00:00:00
2573,2,39,control,2025-07-22 00:00:00
2574,3,1251,control,2026-09-05 00:00:00
2575,2,649,control,2026-08-02 00:00:00
2576,1,524,control,2026-04-22 00:00:00
2577,1,128,control,2026-03-02 00:00:00
2578,3,304,treatment,2025-08-30 00:00:00
2579,3,1419,treatment,2025-08-15 00:00:00
2580,3,1741,treatment,2025-11-27 00:00:00
2581,2,1214,treatment,2026-01-18 00:00:00
2582,1,216,control,2025-11-02 00:00:00
2583,1,242,treatment,2025-06-16 00:00:00
2584,1,1527,control,2025-07-26 00:00:00
2585,3,71,treatment,2025-11-18 00:00:00
2586,2,1219,control,2026-05-31 00:00:00
2587,3,904,treatment,2026-05-26 00:00:00
2588,3,769,control,2026-02-27 00:00:00
2589,1,269,control,2025-06-14 00:00:00
2590,3,1644,treatment,2026-07-09 00:00:00
2591,3,277,control,2026-04-01 00:00:00
2592,2,951,control,2025-08-10 00:00:00
2593,3,1682,control,2025-10-28 00:00:00
2594,3,1554,treatment,2025-09-22 00:00:00
2595,2,156,control,2025-12-02 00:00:00
2596,3,994,control,2025-08-21 00:00:00
2597,2,198,treatment,2026-07-03 00:00:00
2598,2,217,control,2026-05-01 00:00:00
2599,2,357,control,2026-01-09 00:00:00
2600,1,1406,treatment,2026-08-06 00:00:00
2601,2,1169,treatment,2025-08-27 00:00:00
2602,3,1086,treatment,2025-08-28 00:00:00
2603,3,1550,control,2026-01-19 00:00:00
2604,3,1192,treatment,2026-05-18 00:00:00
2605,3,256,control,2025-10-23 00:00:00
2606,3,503,treatment,2025-11-11 00:00:00
2607,1,63,control,2025-11-27 00:00:00
2608,2,1311,control,2025-07-01 00:00:00
2609,3,426,treatment,2025-10-13 00:00:00
2610,2,296,treatment,2026-08-26 00:00:00
2611,3,857,control,2025-09-06 00:00:00
2612,2,1775,treatment,2026-04-02 00:00:00
2613,2,513,control,2025-07-27 00:00:00
2614,1,1505,treatment,2025-08-09 00:00:00
2615,1,1777,treatment,2025-10-16 00:00:00
2616,3,866,treatment,2026-09-06 00:00:00
2617,2,1563,treatment,2025-07-03 00:00:00
2618,2,1733,control,2026-08-15 00:00:00
2619,3,615,control,2025-10-17 00:00:00
2620,3,407,treatment,2026-01-06 00:00:00
2621,2,1338,control,2025-12-17 00:00:00
2622,1,1670,treatment,2026-02-04 00:00:00
2623,2,609,treatment,2025-12-06 00:00:00
2624,2,642,treatment,2025-07-26 00:00:00
2625,2,632,control,2026-08-02 00:00:00
2626,1,522,control,2025-05-11 00:00:00
2627,3,487,treatment,2026-07-22 00:00:00
2628,2,516,control,2025-06-27 00:00:00
2629,2,749,treatment,2025-12-11 00:00:00
2630,3,342,control,2025-09-02 00:00:00
2631,2,1379,control,2025-09-27 00:00:00
2632,1,582,treatment,2026-03-22 00:00:00
2633,2,759,treatment,2026-06-18 00:00:00
2634,1,1242,treatment,2025-09-09 00:00:00
2635,1,505,treatment,2026-06-18 00:00:00
2636,1,345,treatment,2026-07-27 00:00:00
2637,3,428,treatment,2025-08-14 00:00:00
2638,3,483,treatment,2025-08-18 00:00:00
2639,2,463,control,2025-12-08 00:00:00
2640,1,690,treatment,2025-07-25 00:00:00
2641,2,1785,control,2026-02-23 00:00:00
2642,1,1331,control,2025-05-18 00:00:00
2643,3,913,control,2025-11-22 00:00:00
2644,1,1639,treatment,2026-05-21 00:00:00
2645,2,1265,control,2026-03-28 00:00:00
2646,1,1010,treatment,2025-08-19 00:00:00
2647,1,1234,control,2026-06-07 00:00:00
2648,1,1434,treatment,2025-04-26 00:00:00
2649,1,259,treatment,2025-12-13 00:00:00
2650,1,412,treatment,2026-06-23 00:00:00
2651,2,55,control,2026-03-30 00:00:00
2652,2,845,control,2026-06-27 00:00:00
2653,2,259,treatment,2025-12-18 00:00:00
2654,2,422,control,2025-06-28 00:00:00
2655,2,1797,treatment,2026-02-26 00:00:00
2656,3,370,control,2025-08-21 00:00:00
2657,2,555,control,2025-09-20 00:00:00
2658,2,1166,treatment,2025-08-27 00:00:00
2659,3,1479,treatment,2025-09-01 00:00:00
2660,3,1132,treatment,2025-08-24 00:00:00
2661,2,1711,control,2026-02-22 00:00:00
2662,1,235,control,2025-05-19 00:00:00
2663,3,1007,control,2025-08-23 00:00:00
2664,3,1798,control,2026-08-27 00:00:00
2665,3,1640,control,2025-08-29 00:00:00
2666,2,698,treatment,2026-06-05 00:00:00
2667,1,1207,control,2025-05-13 00:00:00
2668,1,1330,control,2026-02-26 00:00:00
2669,1,855,control,2026-04-26 00:00:00
2670,2,1705,treatment,2026-03-07 00:00:00
2671,2,1332,control,2026-03-08 00:00:00
2672,1,486,treatment,2026-02-20 00:00:00
2673,1,416,control,2026-07-24 00:00:00
2674,3,228,control,2025-09-02 00:00:00
2675,1,343,treatment,2026-05-02 00:00:00
2676,1,1179,control,2026-02-16 00:00:00
2677,2,581,control,2026-06-06 00:00:00
2678,1,894,treatment,2025-04-23 00:00:00
2679,2,288,treatment,2025-07-04 00:00:00
2680,3,1087,control,2026-07-29 00:00:00
2681,3,14,treatment,2025-11-11 00:00:00
2682,2,298,control,2025-11-29 00:00:00
2683,3,1654,control,2025-08-18 00:00:00
2684,2,1551,treatment,2026-02-11 00:00:00
2685,2,26,control,2026-01-02 00:00:00
2686,2,825,treatment,2026-05-01 00:00:00
2687,3,162,treatment,2025-10-29 00:00:00
2688,1,1392,control,2026-07-17 00:00:00
2689,2,1678,control,2025-06-28 00:00:00
2690,1,790,control,2025-10-07 00:00:00
2691,3,86,control,2025-12-04 00:00:00
2692,2,652,control,2026-01-04 00:00:00
2693,1,1061,treatment,2026-04-04 00:00:00
2694,1,1331,control,2025-05-18 00:00:00
2695,3,869,control,2025-08-16 00:00:00
2696,1,598,control,2025-12-10 00:00:00
2697,1,148,treatment,2025-10-25 00:00:00
2698,3,1669,control,2025-08-20 00:00:00
2699,1,1091,control,2026-08-10 00:00:00
2700,2,764,control,2025-07-07 00:00:00
2701,2,1212,control,2025-08-24 00:00:00
2702,1,373,control,2026-02-19 00:00:00
2703,3,1007,treatment,2025-09-02 00:00:00
2704,2,349,treatment,2026-03-12 00:00:00
2705,3,1613,control,2026-03-19 00:00:00
2706,3,826,control,2025-10-04 00:00:00
2707,3,249,treatment,2025-11-28 00:00:00
2708,3,487,treatment,2026-07-12 00:00:00
2709,2,1028,treatment,2025-07-10 00:00:00
2710,2,1527,control,2025-08-09 00:00:00
2711,2,1652,treatment,2026-08-23 00:00:00
2712,3,1630,control,2026-07-24 00:00:00
2713,3,578,control,2026-05-27 00:00:00
2714,3,497,control,2026-03-22 00:00:00
2715,2,1381,treatment,2026-06-13 00:00:00
2716,3,1548,control,2025-08-17 00:00:00
2717,3,1157,treatment,2025-12-16 00:00:00
2718,3,710,control,2025-08-24 00:00:00
2719,2,159,treatment,2026-03-03 00:00:00
2720,1,1126,treatment,2025-06-26 00:00:00
2721,2,29,control,2026-03-10 00:00:00
2722,1,1586,control,2026-03-31 00:00:00
2723,2,1248,control,2025-11-21 00:00:00
2724,3,855,control,2026-04-18 00:00:00
2725,2,179,control,2026-07-18 00:00:00
2726,3,1321,control,2026-06-28 00:00:00
2727,1,1584,control,2025-06-18 00:00:00
2728,2,247,control,2026-05-06 00:00:00
2729,3,59,treatment,2025-11-04 00:00:00
2730,1,187,treatment,2026-05-31 00:00:00
2731,2,1184,control,2025-09-07 00:00:00
2732,3,910,treatment,2025-11-30 00:00:00
2733,3,967,control,2026-08-29 00:00:00
2734,1,1606,treatment,2025-08-15 00:00:00
2735,2,1635,control,2026-05-03 00:00:00
2736,1,1440,treatment,2025-04-25 00:00:00
2737,2,727,control,2025-11-14 00:00:00
2738,2,1461,treatment,2026-07-04 00:00:00
2739,2,294,treatment,2025-10-28 00:00:00
2740,3,832,control,2026-03-13 00:00:00
2741,1,1134,control,2026-02-21 00:00:00
2742,1,767,control,2026-05-29 00:00:00
2743,1,835,treatment,2025-05-06 00:00:00
2744,1,1799,control,2026-09-03 00:00:00
2745,3,1530,control,2026-05-20 00:00:00
2746,3,434,treatment,2026-05-29 00:00:00
2747,1,1782,control,2025-05-17 00:00:00
2748,3,507,treatment,2025-08-27 00:00:00
2749,1,1660,control,2026-02-28 00:00:00
2750,1,1186,treatment,2025-06-21 00:00:00
2751,1,1357,treatment,2025-04-30 00:00:00
2752,2,371,treatment,2026-06-13 00:00:00
2753,3,459,control,2025-09-01 00:00:00
2754,3,1019,treatment,2026-05-21 00:00:00
2755,3,1291,control,2025-08-17 00:00:00
2756,2,1131,treatment,2026-04-12 00:00:00
2757,2,203,treatment,2026-07-19 00:00:00
2758,2,58,treatment,2026-03-24 00:00:00
2759,1,1477,treatment,2026-09-05 00:00:00
2760,3,1186,treatment,2025-08-27 00:00:00
2761,3,263,treatment,2026-06-30 00:00:00
2762,2,1707,control,2025-08-12 00:00:00
2763,3,1128,control,2025-08-19 00:00:00
2764,3,1624,control,2025-08-30 00:00:00
2765,3,1296,treatment,2025-08-26 00:00:00
2766,1,588,treatment,2025-12-30 00:00:00
2767,1,7,treatment,2025-07-17 00:00:00
2768,3,354,control,2025-10-04 00:00:00
2769,3,74,treatment,2026-05-21 00:00:00
2770,2,597,treatment,2026-06-30 00:00:00
2771,3,281,treatment,2026-01-22 00:00:00
2772,1,352,control,2025-11-20 00:00:00
2773,3,337,treatment,2026-02-28 00:00:00
2774,2,1296,control,2025-07-04 00:00:00
2775,2,887,control,2025-07-01 00:00:00
2776,2,709,treatment,2025-06-15 00:00:00
2777,1,1082,treatment,2026-09-06 00:00:00
2778,3,11,treatment,2025-08-17 00:00:00
2779,3,1079,control,2026-08-27 00:00:00
2780,2,777,control,2025-06-19 00:00:00
2781,1,1573,control,2025-06-11 00:00:00
2782,1,1583,treatment,2026-06-19 00:00:00
2783,3,1343,control,2026-03-26 00:00:00
2784,2,784,treatment,2026-05-16 00:00:00
2785,2,1320,treatment,2026-06-24 00:00:00
