spend_id,campaign_id,spend_date,amount_spent,impressions,clicks
1,FB_JAN,2025-03-17,14923.4,16342,200
2,GOOGLE_SEARCH,2025-03-17,13116.82,31930,612
3,INSTA_REEL,2025-03-17,14348.99,14366,584
4,REFERRAL,2025-03-17,10492.97,33135,949
5,FB_JAN,2025-03-18,10561.07,2998,588
6,GOOGLE_SEARCH,2025-03-18,3871.64,2935,1673
7,INSTA_REEL,2025-03-18,7705.56,33561,2323
8,REFERRAL,2025-03-18,11766.45,3745,1471
9,FB_JAN,2025-03-19,11565.22,33149,735
10,GOOGLE_SEARCH,2025-03-19,11620.74,13603,2872
11,INSTA_REEL,2025-03-19,2029.63,6235,785
12,REFERRAL,2025-03-19,844.43,10626,2190
13,FB_JAN,2025-03-20,619.11,39540,2127
14,GOOGLE_SEARCH,2025-03-20,13589.78,38760,2579
15,INSTA_REEL,2025-03-20,4633.22,31405,1871
16,REFERRAL,2025-03-20,2852.83,43421,2475
17,FB_JAN,2025-03-21,2488.88,9109,864
18,GOOGLE_SEARCH,2025-03-21,10651.16,41549,645
19,INSTA_REEL,2025-03-21,3256.29,18553,1296
20,REFERRAL,2025-03-21,14914.55,25845,294
21,FB_JAN,2025-03-22,14806.16,35649,559
22,GOOGLE_SEARCH,2025-03-22,6255.19,29438,503
23,INSTA_REEL,2025-03-22,1326.3,13802,115
24,REFERRAL,2025-03-22,12882.3,26081,2220
25,FB_JAN,2025-03-23,2607.77,3140,2573
26,GOOGLE_SEARCH,2025-03-23,6119.35,1020,763
27,INSTA_REEL,2025-03-23,9847.68,8993,1981
28,REFERRAL,2025-03-23,8377.2,24402,268
29,FB_JAN,2025-03-24,5770.26,12027,1129
30,GOOGLE_SEARCH,2025-03-24,10124.09,8254,140
31,INSTA_REEL,2025-03-24,4003.75,25924,2803
32,REFERRAL,2025-03-24,5937.71,3072,1782
33,FB_JAN,2025-03-25,4655.7,1408,1049
34,GOOGLE_SEARCH,2025-03-25,14337.67,36777,1874
35,INSTA_REEL,2025-03-25,6146.5,21990,1285
36,REFERRAL,2025-03-25,11774.04,37838,211
37,FB_JAN,2025-03-26,2894.17,37782,809
38,GOOGLE_SEARCH,2025-03-26,4889.99,46262,1551
39,INSTA_REEL,2025-03-26,12932.37,33605,1821
40,REFERRAL,2025-03-26,14506.72,45043,2761
41,FB_JAN,2025-03-27,10633.16,13722,347
42,GOOGLE_SEARCH,2025-03-27,8755.66,30108,1030
43,INSTA_REEL,2025-03-27,6575.38,33269,151
44,REFERRAL,2025-03-27,12193.04,23193,2683
45,FB_JAN,2025-03-28,5185.35,10808,1075
46,GOOGLE_SEARCH,2025-03-28,12497.68,24287,2032
47,INSTA_REEL,2025-03-28,8526.99,7831,1971
48,REFERRAL,2025-03-28,4773.65,28627,2343
49,FB_JAN,2025-03-29,5234.1,33785,1468
50,GOOGLE_SEARCH,2025-03-29,9085.87,17722,2001
51,INSTA_REEL,2025-03-29,6976.11,39139,1245
52,REFERRAL,2025-03-29,1836.63,39498,1853
53,FB_JAN,2025-03-30,6791.17,24660,2775
54,GOOGLE_SEARCH,2025-03-30,2962.26,3700,440
55,INSTA_REEL,2025-03-30,3671.58,27054,2860
56,REFERRAL,2025-03-30,1368.31,12042,51
57,FB_JAN,2025-03-31,9535.34,18373,268
58,GOOGLE_SEARCH,2025-03-31,12666.02,36537,2872
59,INSTA_REEL,2025-03-31,12697.49,1199,905
60,REFERRAL,2025-03-31,6707.6,15899,673
61,FB_JAN,2025-04-01,3419.87,37305,278
62,GOOGLE_SEARCH,2025-04-01,10963.21,4862,258
63,INSTA_REEL,2025-04-01,11322.51,39269,240
64,REFERRAL,2025-04-01,10896.31,9874,1758
65,FB_JAN,2025-04-02,5950.82,38731,2896
66,GOOGLE_SEARCH,2025-04-02,8684.83,23463,721
67,INSTA_REEL,2025-04-02,3404.85,15979,1399
68,REFERRAL,2025-04-02,6391.17,32910,1563
69,FB_JAN,2025-04-03,595.08,33194,1185
70,GOOGLE_SEARCH,2025-04-03,11504.57,29153,1855
71,INSTA_REEL,2025-04-03,6188.9,19848,2320
72,REFERRAL,2025-04-03,4864.7,17840,2121
73,FB_JAN,2025-04-04,3872.74,30749,854
74,GOOGLE_SEARCH,2025-04-04,7363.26,5208,2137
75,INSTA_REEL,2025-04-04,5855.6,4750,655
76,REFERRAL,2025-04-04,11703.04,2075,1137
77,FB_JAN,2025-04-05,14225.54,5116,332
78,GOOGLE_SEARCH,2025-04-05,7729.64,14597,646
79,INSTA_REEL,2025-04-05,4389.03,13898,582
80,REFERRAL,2025-04-05,10776.48,29529,634
81,FB_JAN,2025-04-06,13067.63,6303,1310
82,GOOGLE_SEARCH,2025-04-06,13948.92,34276,132
83,INSTA_REEL,2025-04-06,12995.67,24510,1515
84,REFERRAL,2025-04-06,795.95,1305,1029
85,FB_JAN,2025-04-07,12664.13,37860,2993
86,GOOGLE_SEARCH,2025-04-07,7201.19,35378,2899
87,INSTA_REEL,2025-04-07,3133.57,40699,1112
88,REFERRAL,2025-04-07,2954.72,44628,1773
89,FB_JAN,2025-04-08,7735.31,2021,759
90,GOOGLE_SEARCH,2025-04-08,6453.67,23460,1928
91,INSTA_REEL,2025-04-08,4249.93,42085,2715
92,REFERRAL,2025-04-08,14028.89,12690,1863
93,FB_JAN,2025-04-09,5921.55,3864,2848
94,GOOGLE_SEARCH,2025-04-09,11347.87,41039,1644
95,INSTA_REEL,2025-04-09,3120.6,17663,356
96,REFERRAL,2025-04-09,2965.38,48014,656
97,FB_JAN,2025-04-10,10973.37,28237,2725
98,GOOGLE_SEARCH,2025-04-10,11419.04,48566,1731
99,INSTA_REEL,2025-04-10,8154.28,20654,2676
100,REFERRAL,2025-04-10,13236.88,12898,60
101,FB_JAN,2025-04-11,10276.51,21411,2430
102,GOOGLE_SEARCH,2025-04-11,2136.42,1837,1855
103,INSTA_REEL,2025-04-11,6767.05,25781,1650
104,REFERRAL,2025-04-11,1183.79,43183,2842
105,FB_JAN,2025-04-12,9336.92,11981,772
106,GOOGLE_SEARCH,2025-04-12,5366.59,26191,160
107,INSTA_REEL,2025-04-12,971.0,7964,1711
108,REFERRAL,2025-04-12,13629.24,7634,1468
109,FB_JAN,2025-04-13,7077.62,38437,912
110,GOOGLE_SEARCH,2025-04-13,4301.96,7496,2343
111,INSTA_REEL,2025-04-13,4851.32,13106,2259
112,REFERRAL,2025-04-13,8297.03,30832,2940
113,FB_JAN,2025-04-14,12336.79,39656,1147
114,GOOGLE_SEARCH,2025-04-14,8839.72,47473,1041
115,INSTA_REEL,2025-04-14,7028.02,17576,526
116,REFERRAL,2025-04-14,6752.76,17676,626
117,FB_JAN,2025-04-15,13754.92,48329,1205
118,GOOGLE_SEARCH,2025-04-15,12494.19,49694,527
119,INSTA_REEL,2025-04-15,8126.13,17238,948
120,REFERRAL,2025-04-15,12656.35,40486,729
121,FB_JAN,2025-04-16,3693.85,35197,592
122,GOOGLE_SEARCH,2025-04-16,1538.89,39436,1697
123,INSTA_REEL,2025-04-16,2439.88,16513,2698
124,REFERRAL,2025-04-16,3238.53,39602,2491
125,FB_JAN,2025-04-17,6260.94,21654,2570
126,GOOGLE_SEARCH,2025-04-17,11736.7,2226,864
127,INSTA_REEL,2025-04-17,10842.29,49173,2608
128,REFERRAL,2025-04-17,9554.84,35441,332
129,FB_JAN,2025-04-18,9450.0,6781,1207
130,GOOGLE_SEARCH,2025-04-18,4648.85,24830,1169
131,INSTA_REEL,2025-04-18,3418.84,15308,1122
132,REFERRAL,2025-04-18,2983.24,27929,2979
133,FB_JAN,2025-04-19,5536.37,21668,2666
134,GOOGLE_SEARCH,2025-04-19,12173.4,37414,626
135,INSTA_REEL,2025-04-19,12143.24,12929,1916
136,REFERRAL,2025-04-19,8759.79,9049,1278
137,FB_JAN,2025-04-20,3774.45,3926,1041
138,GOOGLE_SEARCH,2025-04-20,3025.0,36121,1637
139,INSTA_REEL,2025-04-20,10630.37,19774,2744
140,REFERRAL,2025-04-20,4009.39,14815,2057
141,FB_JAN,2025-04-21,12300.38,14887,647
142,GOOGLE_SEARCH,2025-04-21,4934.75,15955,2475
143,INSTA_REEL,2025-04-21,3001.63,34416,1306
144,REFERRAL,2025-04-21,6492.68,41961,1542
145,FB_JAN,2025-04-22,4163.88,33204,2309
146,GOOGLE_SEARCH,2025-04-22,7416.36,10230,1826
147,INSTA_REEL,2025-04-22,11100.35,31569,2669
148,REFERRAL,2025-04-22,7634.15,20448,808
149,FB_JAN,2025-04-23,2808.86,41911,285
150,GOOGLE_SEARCH,2025-04-23,7706.97,19063,1032
151,INSTA_REEL,2025-04-23,4594.69,44664,311
152,REFERRAL,2025-04-23,7683.05,27228,188
153,FB_JAN,2025-04-24,9315.57,37654,2627
154,GOOGLE_SEARCH,2025-04-24,4119.09,32034,367
155,INSTA_REEL,2025-04-24,9067.54,45782,1526
156,REFERRAL,2025-04-24,6506.73,27919,102
157,FB_JAN,2025-04-25,1694.33,33733,1303
158,GOOGLE_SEARCH,2025-04-25,2432.5,19383,2794
159,INSTA_REEL,2025-04-25,13569.56,40696,1678
160,REFERRAL,2025-04-25,11416.94,30192,1548
161,FB_JAN,2025-04-26,8971.63,2553,1789
162,GOOGLE_SEARCH,2025-04-26,7808.57,38468,2175
163,INSTA_REEL,2025-04-26,1841.58,36789,1445
164,REFERRAL,2025-04-26,12117.96,7778,495
165,FB_JAN,2025-04-27,6037.04,9001,2525
166,GOOGLE_SEARCH,2025-04-27,3211.18,12104,1223
167,INSTA_REEL,2025-04-27,8621.53,40578,1646
168,REFERRAL,2025-04-27,5785.56,37551,2776
169,FB_JAN,2025-04-28,5255.2,24442,2355
170,GOOGLE_SEARCH,2025-04-28,9723.88,10171,976
171,INSTA_REEL,2025-04-28,8651.81,23087,1253
172,REFERRAL,2025-04-28,13470.68,37553,2298
173,FB_JAN,2025-04-29,13907.2,34106,1133
174,GOOGLE_SEARCH,2025-04-29,11171.35,28698,2382
175,INSTA_REEL,2025-04-29,9830.82,15038,296
176,REFERRAL,2025-04-29,12581.76,6111,249
177,FB_JAN,2025-04-30,13121.93,48312,1272
178,GOOGLE_SEARCH,2025-04-30,10727.99,42195,1495
179,INSTA_REEL,2025-04-30,14591.38,17418,2444
180,REFERRAL,2025-04-30,10838.5,18479,209
181,FB_JAN,2025-05-01,11357.28,36912,2890
182,GOOGLE_SEARCH,2025-05-01,14581.03,8371,1037
183,INSTA_REEL,2025-05-01,8775.56,13790,2291
184,REFERRAL,2025-05-01,742.82,7340,1825
185,FB_JAN,2025-05-02,14573.3,40371,817
186,GOOGLE_SEARCH,2025-05-02,3144.05,48038,802
187,INSTA_REEL,2025-05-02,3277.45,24058,666
188,REFERRAL,2025-05-02,11954.76,48279,1334
189,FB_JAN,2025-05-03,2320.94,19326,538
190,GOOGLE_SEARCH,2025-05-03,11914.23,48213,1629
191,INSTA_REEL,2025-05-03,3790.65,14454,2515
192,REFERRAL,2025-05-03,13562.79,21883,1670
193,FB_JAN,2025-05-04,2630.0,4734,51
194,GOOGLE_SEARCH,2025-05-04,3123.32,11996,2603
195,INSTA_REEL,2025-05-04,4289.14,2048,181
196,REFERRAL,2025-05-04,12789.2,22422,376
197,FB_JAN,2025-05-05,2500.21,17129,1796
198,GOOGLE_SEARCH,2025-05-05,5816.95,20343,2203
199,INSTA_REEL,2025-05-05,4064.87,22591,2561
200,REFERRAL,2025-05-05,11566.75,19960,1598
201,FB_JAN,2025-05-06,6213.77,46842,2846
202,GOOGLE_SEARCH,2025-05-06,12600.17,6110,883
203,INSTA_REEL,2025-05-06,4286.26,19665,2533
204,REFERRAL,2025-05-06,2058.93,24964,1368
205,FB_JAN,2025-05-07,4546.02,31848,2686
206,GOOGLE_SEARCH,2025-05-07,14874.97,38108,1285
207,INSTA_REEL,2025-05-07,3283.6,22685,1109
208,REFERRAL,2025-05-07,1701.03,37908,2312
209,FB_JAN,2025-05-08,3869.95,7576,704
210,GOOGLE_SEARCH,2025-05-08,13669.57,23158,634
211,INSTA_REEL,2025-05-08,9700.39,30509,1147
212,REFERRAL,2025-05-08,11888.15,4082,1032
213,FB_JAN,2025-05-09,8043.76,29893,1843
214,GOOGLE_SEARCH,2025-05-09,10052.91,38329,1833
215,INSTA_REEL,2025-05-09,810.45,9014,2976
216,REFERRAL,2025-05-09,8938.62,48377,610
217,FB_JAN,2025-05-10,1055.26,19392,1094
218,GOOGLE_SEARCH,2025-05-10,7676.61,45628,61
219,INSTA_REEL,2025-05-10,10976.98,28835,193
220,REFERRAL,2025-05-10,4198.06,38774,1989
221,FB_JAN,2025-05-11,13131.53,34167,2452
222,GOOGLE_SEARCH,2025-05-11,4804.48,5667,1296
223,INSTA_REEL,2025-05-11,10120.29,30557,2120
224,REFERRAL,2025-05-11,2656.34,20836,1308
225,FB_JAN,2025-05-12,9448.43,32567,1305
226,GOOGLE_SEARCH,2025-05-12,13472.23,13610,2518
227,INSTA_REEL,2025-05-12,8475.57,18053,1489
228,REFERRAL,2025-05-12,9228.9,18337,580
229,FB_JAN,2025-05-13,7639.57,6697,2669
230,GOOGLE_SEARCH,2025-05-13,6850.74,3829,542
231,INSTA_REEL,2025-05-13,1506.39,31220,2361
232,REFERRAL,2025-05-13,1207.03,9969,2545
233,FB_JAN,2025-05-14,6426.45,12173,1240
234,GOOGLE_SEARCH,2025-05-14,6800.47,14426,610
235,INSTA_REEL,2025-05-14,14348.06,46766,676
236,REFERRAL,2025-05-14,1543.97,41539,1726
237,FB_JAN,2025-05-15,13296.74,34048,947
238,GOOGLE_SEARCH,2025-05-15,5950.38,49961,2893
239,INSTA_REEL,2025-05-15,9058.32,35460,1683
240,REFERRAL,2025-05-15,2032.23,2690,2419
241,FB_JAN,2025-05-16,3043.08,38757,65
242,GOOGLE_SEARCH,2025-05-16,4767.38,27674,1824
243,INSTA_REEL,2025-05-16,6532.09,32364,660
244,REFERRAL,2025-05-16,11792.73,17114,210
245,FB_JAN,2025-05-17,14453.97,4260,1845
246,GOOGLE_SEARCH,2025-05-17,3274.68,33667,2082
247,INSTA_REEL,2025-05-17,11369.38,9309,433
248,REFERRAL,2025-05-17,13338.43,9398,1339
249,FB_JAN,2025-05-18,1593.06,7614,2049
250,GOOGLE_SEARCH,2025-05-18,3827.06,22864,2008
251,INSTA_REEL,2025-05-18,12610.55,39012,1044
252,REFERRAL,2025-05-18,11641.39,42521,1774
253,FB_JAN,2025-05-19,9079.04,30474,1143
254,GOOGLE_SEARCH,2025-05-19,10749.89,36731,901
255,INSTA_REEL,2025-05-19,3967.0,46059,2653
256,REFERRAL,2025-05-19,9516.55,42088,752
257,FB_JAN,2025-05-20,9358.97,22558,2388
258,GOOGLE_SEARCH,2025-05-20,11286.98,49317,2963
259,INSTA_REEL,2025-05-20,7696.57,22632,2664
260,REFERRAL,2025-05-20,10455.18,39519,864
261,FB_JAN,2025-05-21,792.33,49632,2259
262,GOOGLE_SEARCH,2025-05-21,1126.55,45587,1728
263,INSTA_REEL,2025-05-21,6395.95,26001,1469
264,REFERRAL,2025-05-21,10330.43,16030,1297
265,FB_JAN,2025-05-22,11960.12,44322,830
266,GOOGLE_SEARCH,2025-05-22,7713.19,17954,1060
267,INSTA_REEL,2025-05-22,1440.15,10584,1740
268,REFERRAL,2025-05-22,14220.02,11728,682
269,FB_JAN,2025-05-23,9650.55,1707,1836
270,GOOGLE_SEARCH,2025-05-23,14738.81,8526,2528
271,INSTA_REEL,2025-05-23,6491.99,40011,501
272,REFERRAL,2025-05-23,5234.49,9725,1170
273,FB_JAN,2025-05-24,4669.2,6138,1286
274,GOOGLE_SEARCH,2025-05-24,13814.21,16670,60
275,INSTA_REEL,2025-05-24,4881.4,10986,831
276,REFERRAL,2025-05-24,11736.5,43509,783
277,FB_JAN,2025-05-25,5294.86,23452,2999
278,GOOGLE_SEARCH,2025-05-25,3445.23,44677,2805
279,INSTA_REEL,2025-05-25,11642.1,1679,1841
280,REFERRAL,2025-05-25,3601.78,45476,1022
281,FB_JAN,2025-05-26,10069.36,14404,1486
282,GOOGLE_SEARCH,2025-05-26,773.88,40333,890
283,INSTA_REEL,2025-05-26,5806.13,16994,695
284,REFERRAL,2025-05-26,7699.92,36845,1588
285,FB_JAN,2025-05-27,8483.81,4044,1669
286,GOOGLE_SEARCH,2025-05-27,11178.68,10791,2846
287,INSTA_REEL,2025-05-27,10599.19,32275,435
288,REFERRAL,2025-05-27,1387.85,17781,2837
289,FB_JAN,2025-05-28,10475.09,37883,1903
290,GOOGLE_SEARCH,2025-05-28,504.52,10242,910
291,INSTA_REEL,2025-05-28,4389.85,22121,2139
292,REFERRAL,2025-05-28,10795.38,1409,137
293,FB_JAN,2025-05-29,5543.91,13464,2342
294,GOOGLE_SEARCH,2025-05-29,3630.0,40410,2836
295,INSTA_REEL,2025-05-29,4677.49,21136,2607
296,REFERRAL,2025-05-29,7990.91,49952,2719
297,FB_JAN,2025-05-30,3671.21,38761,2267
298,GOOGLE_SEARCH,2025-05-30,11311.48,2515,2829
299,INSTA_REEL,2025-05-30,11557.17,43718,1220
300,REFERRAL,2025-05-30,8024.31,12637,2232
301,FB_JAN,2025-05-31,4854.63,40286,1837
302,GOOGLE_SEARCH,2025-05-31,12488.67,43890,858
303,INSTA_REEL,2025-05-31,1333.01,40591,2388
304,REFERRAL,2025-05-31,3452.24,9375,979
305,FB_JAN,2025-06-01,8201.46,10698,2443
306,GOOGLE_SEARCH,2025-06-01,8623.34,38889,631
307,INSTA_REEL,2025-06-01,663.52,26440,419
308,REFERRAL,2025-06-01,12223.29,23471,1396
309,FB_JAN,2025-06-02,6321.27,42002,1324
310,GOOGLE_SEARCH,2025-06-02,6213.77,10872,2474
311,INSTA_REEL,2025-06-02,6608.89,26873,2790
312,REFERRAL,2025-06-02,12251.28,30423,2097
313,FB_JAN,2025-06-03,14615.73,2060,80
314,GOOGLE_SEARCH,2025-06-03,12352.73,11153,1656
315,INSTA_REEL,2025-06-03,11821.85,38938,2135
316,REFERRAL,2025-06-03,12942.26,48340,733
317,FB_JAN,2025-06-04,12539.46,6068,2905
318,GOOGLE_SEARCH,2025-06-04,2383.66,12983,865
319,INSTA_REEL,2025-06-04,4413.49,13613,673
320,REFERRAL,2025-06-04,1267.95,43596,1282
321,FB_JAN,2025-06-05,14436.92,28228,2134
322,GOOGLE_SEARCH,2025-06-05,14308.94,10346,1148
323,INSTA_REEL,2025-06-05,1903.0,44323,2025
324,REFERRAL,2025-06-05,1033.37,21499,1379
325,FB_JAN,2025-06-06,12547.87,8776,1768
326,GOOGLE_SEARCH,2025-06-06,9688.62,48755,1747
327,INSTA_REEL,2025-06-06,13941.78,43109,1957
328,REFERRAL,2025-06-06,2738.01,47423,592
329,FB_JAN,2025-06-07,3005.13,22111,825
330,GOOGLE_SEARCH,2025-06-07,2010.61,13292,1436
331,INSTA_REEL,2025-06-07,13576.24,42864,2543
332,REFERRAL,2025-06-07,4876.34,6161,2182
333,FB_JAN,2025-06-08,8818.04,27019,1655
334,GOOGLE_SEARCH,2025-06-08,8117.94,46357,2162
335,INSTA_REEL,2025-06-08,7792.79,17883,1542
336,REFERRAL,2025-06-08,4221.62,47267,709
337,FB_JAN,2025-06-09,1361.44,22004,2686
338,GOOGLE_SEARCH,2025-06-09,13047.89,32714,1180
339,INSTA_REEL,2025-06-09,7191.77,44923,1096
340,REFERRAL,2025-06-09,10918.56,10842,1703
341,FB_JAN,2025-06-10,5310.0,23430,913
342,GOOGLE_SEARCH,2025-06-10,5758.33,30204,851
343,INSTA_REEL,2025-06-10,9402.62,21993,558
344,REFERRAL,2025-06-10,13952.91,35152,381
345,FB_JAN,2025-06-11,3257.31,12679,1039
346,GOOGLE_SEARCH,2025-06-11,1134.56,33995,2974
347,INSTA_REEL,2025-06-11,13855.72,32333,1966
348,REFERRAL,2025-06-11,10833.75,46433,238
349,FB_JAN,2025-06-12,4853.11,12137,2261
350,GOOGLE_SEARCH,2025-06-12,7700.06,29236,2276
351,INSTA_REEL,2025-06-12,10855.85,41526,1753
352,REFERRAL,2025-06-12,9009.22,16195,895
353,FB_JAN,2025-06-13,6607.48,3031,1901
354,GOOGLE_SEARCH,2025-06-13,14467.93,38593,1398
355,INSTA_REEL,2025-06-13,3045.33,4482,161
356,REFERRAL,2025-06-13,13471.96,11454,1051
357,FB_JAN,2025-06-14,609.46,2293,2865
358,GOOGLE_SEARCH,2025-06-14,9781.99,35162,2260
359,INSTA_REEL,2025-06-14,13219.41,29830,284
360,REFERRAL,2025-06-14,1202.23,7164,2764
361,FB_JAN,2025-06-15,2967.01,49925,2527
362,GOOGLE_SEARCH,2025-06-15,10430.27,18151,2642
363,INSTA_REEL,2025-06-15,7832.28,42016,912
364,REFERRAL,2025-06-15,10972.84,22589,1561
365,FB_JAN,2025-06-16,8943.0,21264,1233
366,GOOGLE_SEARCH,2025-06-16,11106.34,19435,1338
367,INSTA_REEL,2025-06-16,7620.48,31642,460
368,REFERRAL,2025-06-16,8665.6,9431,1009
369,FB_JAN,2025-06-17,12353.36,38445,1347
370,GOOGLE_SEARCH,2025-06-17,6338.62,27290,643
371,INSTA_REEL,2025-06-17,13593.7,18793,2855
372,REFERRAL,2025-06-17,8965.99,17233,507
373,FB_JAN,2025-06-18,10063.78,6125,2016
374,GOOGLE_SEARCH,2025-06-18,13308.18,7346,2374
375,INSTA_REEL,2025-06-18,3427.06,6344,2430
376,REFERRAL,2025-06-18,8645.54,41837,1617
377,FB_JAN,2025-06-19,8508.89,15563,470
378,GOOGLE_SEARCH,2025-06-19,3480.59,26445,1550
379,INSTA_REEL,2025-06-19,12485.95,4900,2043
380,REFERRAL,2025-06-19,8524.16,42809,2923
381,FB_JAN,2025-06-20,5183.32,7047,2285
382,GOOGLE_SEARCH,2025-06-20,3489.83,42768,1129
383,INSTA_REEL,2025-06-20,5751.53,22912,1736
384,REFERRAL,2025-06-20,4921.51,40895,2455
385,FB_JAN,2025-06-21,887.06,12178,2768
386,GOOGLE_SEARCH,2025-06-21,8031.89,26309,2917
387,INSTA_REEL,2025-06-21,4963.66,46119,1121
388,REFERRAL,2025-06-21,8736.12,19519,2069
389,FB_JAN,2025-06-22,5491.45,33011,949
390,GOOGLE_SEARCH,2025-06-22,10836.48,24243,1581
391,INSTA_REEL,2025-06-22,6557.99,15660,1001
392,REFERRAL,2025-06-22,4330.03,23805,2901
393,FB_JAN,2025-06-23,7713.24,14177,2688
394,GOOGLE_SEARCH,2025-06-23,10680.97,41696,2559
395,INSTA_REEL,2025-06-23,8067.18,36152,2165
396,REFERRAL,2025-06-23,9122.16,1260,746
397,FB_JAN,2025-06-24,14441.09,48844,2935
398,GOOGLE_SEARCH,2025-06-24,9494.21,43128,792
399,INSTA_REEL,2025-06-24,9793.29,28360,1618
400,REFERRAL,2025-06-24,5063.2,45412,1840
401,FB_JAN,2025-06-25,14762.78,41239,2191
402,GOOGLE_SEARCH,2025-06-25,5035.86,17570,950
403,INSTA_REEL,2025-06-25,3441.05,16052,1363
404,REFERRAL,2025-06-25,6634.64,6157,1297
405,FB_JAN,2025-06-26,11224.63,12666,1208
406,GOOGLE_SEARCH,2025-06-26,4106.19,15515,2249
407,INSTA_REEL,2025-06-26,6836.78,44337,2113
408,REFERRAL,2025-06-26,1231.16,42951,1226
409,FB_JAN,2025-06-27,6396.59,28594,2144
410,GOOGLE_SEARCH,2025-06-27,4256.16,21805,734
411,INSTA_REEL,2025-06-27,8108.35,32336,2466
412,REFERRAL,2025-06-27,726.04,47990,2187
413,FB_JAN,2025-06-28,891.31,45220,2545
414,GOOGLE_SEARCH,2025-06-28,1334.48,44223,2704
415,INSTA_REEL,2025-06-28,6848.3,7509,1338
416,REFERRAL,2025-06-28,738.73,5314,726
417,FB_JAN,2025-06-29,9642.28,48411,1040
418,GOOGLE_SEARCH,2025-06-29,8737.6,47170,1736
419,INSTA_REEL,2025-06-29,9974.99,1583,2113
420,REFERRAL,2025-06-29,7734.87,36793,1774
421,FB_JAN,2025-06-30,11341.02,14620,2639
422,GOOGLE_SEARCH,2025-06-30,9925.15,40718,2135
423,INSTA_REEL,2025-06-30,3563.05,21698,1335
424,REFERRAL,2025-06-30,5310.07,46953,1862
425,FB_JAN,2025-07-01,7691.16,32856,1819
426,GOOGLE_SEARCH,2025-07-01,9800.89,12100,1741
427,INSTA_REEL,2025-07-01,6528.33,39850,2639
428,REFERRAL,2025-07-01,14310.34,37093,912
429,FB_JAN,2025-07-02,6000.73,2330,2163
430,GOOGLE_SEARCH,2025-07-02,13560.57,42516,336
431,INSTA_REEL,2025-07-02,12415.93,49223,71
432,REFERRAL,2025-07-02,2988.78,29128,2998
433,FB_JAN,2025-07-03,6972.14,33363,257
434,GOOGLE_SEARCH,2025-07-03,12584.54,47678,1203
435,INSTA_REEL,2025-07-03,2167.32,39680,1757
436,REFERRAL,2025-07-03,14485.12,34815,2907
437,FB_JAN,2025-07-04,3006.07,1011,76
438,GOOGLE_SEARCH,2025-07-04,5479.99,48273,2346
439,INSTA_REEL,2025-07-04,13330.74,36391,2056
440,REFERRAL,2025-07-04,4280.12,4664,1466
441,FB_JAN,2025-07-05,12086.36,35772,2530
442,GOOGLE_SEARCH,2025-07-05,2031.53,7257,687
443,INSTA_REEL,2025-07-05,2527.47,39521,845
444,REFERRAL,2025-07-05,1741.44,30930,1265
445,FB_JAN,2025-07-06,6962.23,2385,2844
446,GOOGLE_SEARCH,2025-07-06,3849.98,3619,910
447,INSTA_REEL,2025-07-06,7257.54,9525,1737
448,REFERRAL,2025-07-06,14013.54,16612,1422
449,FB_JAN,2025-07-07,5833.03,22995,1392
450,GOOGLE_SEARCH,2025-07-07,5528.93,9798,2006
451,INSTA_REEL,2025-07-07,7767.87,27914,1611
452,REFERRAL,2025-07-07,6304.69,17839,2225
453,FB_JAN,2025-07-08,11117.84,25735,1701
454,GOOGLE_SEARCH,2025-07-08,1234.37,11513,1519
455,INSTA_REEL,2025-07-08,8851.35,41545,2822
456,REFERRAL,2025-07-08,9465.99,14197,2924
457,FB_JAN,2025-07-09,4635.1,32472,2774
458,GOOGLE_SEARCH,2025-07-09,2083.26,34512,617
459,INSTA_REEL,2025-07-09,3258.9,6766,2620
460,REFERRAL,2025-07-09,4169.11,12357,2037
461,FB_JAN,2025-07-10,5720.6,40639,2198
462,GOOGLE_SEARCH,2025-07-10,6537.12,18387,1903
463,INSTA_REEL,2025-07-10,14294.54,8767,568
464,REFERRAL,2025-07-10,2386.44,38238,425
465,FB_JAN,2025-07-11,9469.03,37588,367
466,GOOGLE_SEARCH,2025-07-11,5150.44,31048,2614
467,INSTA_REEL,2025-07-11,1577.2,33651,1291
468,REFERRAL,2025-07-11,4052.86,41933,2324
469,FB_JAN,2025-07-12,9035.19,8285,1864
470,GOOGLE_SEARCH,2025-07-12,11646.66,12591,458
471,INSTA_REEL,2025-07-12,10010.41,26812,845
472,REFERRAL,2025-07-12,11093.67,32542,1536
473,FB_JAN,2025-07-13,4264.95,25646,985
474,GOOGLE_SEARCH,2025-07-13,7901.28,30310,540
475,INSTA_REEL,2025-07-13,6036.2,32912,736
476,REFERRAL,2025-07-13,13147.04,44779,2089
477,FB_JAN,2025-07-14,4874.49,46605,2795
478,GOOGLE_SEARCH,2025-07-14,10576.54,8517,2818
479,INSTA_REEL,2025-07-14,7589.4,23422,2364
480,REFERRAL,2025-07-14,1414.11,34245,442
481,FB_JAN,2025-07-15,8722.94,6012,570
482,GOOGLE_SEARCH,2025-07-15,4872.7,17537,1580
483,INSTA_REEL,2025-07-15,13848.97,12422,113
484,REFERRAL,2025-07-15,1338.51,44258,2780
485,FB_JAN,2025-07-16,12316.17,9744,1542
486,GOOGLE_SEARCH,2025-07-16,9841.54,46541,619
487,INSTA_REEL,2025-07-16,6061.61,48643,2153
488,REFERRAL,2025-07-16,10207.45,13229,324
489,FB_JAN,2025-07-17,14234.58,43834,429
490,GOOGLE_SEARCH,2025-07-17,2866.37,30667,828
491,INSTA_REEL,2025-07-17,3654.19,43725,1009
492,REFERRAL,2025-07-17,8657.89,14663,2276
493,FB_JAN,2025-07-18,7791.39,10188,2016
494,GOOGLE_SEARCH,2025-07-18,2436.4,44968,928
495,INSTA_REEL,2025-07-18,6582.28,41499,2382
496,REFERRAL,2025-07-18,2896.2,24200,2573
497,FB_JAN,2025-07-19,12675.86,30728,1088
498,GOOGLE_SEARCH,2025-07-19,2225.61,32954,2607
499,INSTA_REEL,2025-07-19,7548.72,30274,348
500,REFERRAL,2025-07-19,6144.07,6971,2162
501,FB_JAN,2025-07-20,4908.63,25572,1849
502,GOOGLE_SEARCH,2025-07-20,7245.94,36903,1422
503,INSTA_REEL,2025-07-20,14366.15,2875,2061
504,REFERRAL,2025-07-20,2536.43,30780,1690
505,FB_JAN,2025-07-21,8799.52,24436,2109
506,GOOGLE_SEARCH,2025-07-21,10797.25,6966,2606
507,INSTA_REEL,2025-07-21,11318.57,8266,301
508,REFERRAL,2025-07-21,1116.59,46814,985
509,FB_JAN,2025-07-22,5882.83,5474,95
510,GOOGLE_SEARCH,2025-07-22,7153.66,41763,268
511,INSTA_REEL,2025-07-22,4470.84,35336,444
512,REFERRAL,2025-07-22,6750.35,26239,2469
513,FB_JAN,2025-07-23,12812.0,37536,1447
514,GOOGLE_SEARCH,2025-07-23,5732.41,7337,665
515,INSTA_REEL,2025-07-23,4229.42,8852,908
516,REFERRAL,2025-07-23,11803.8,32678,2657
517,FB_JAN,2025-07-24,8764.62,27063,1195
518,GOOGLE_SEARCH,2025-07-24,2836.63,34310,398
519,INSTA_REEL,2025-07-24,9268.02,48527,751
520,REFERRAL,2025-07-24,8420.63,18348,2063
521,FB_JAN,2025-07-25,5738.18,18526,885
522,GOOGLE_SEARCH,2025-07-25,9028.87,32949,1133
523,INSTA_REEL,2025-07-25,5733.54,23492,1621
524,REFERRAL,2025-07-25,1137.48,38090,1724
525,FB_JAN,2025-07-26,2450.36,41913,622
526,GOOGLE_SEARCH,2025-07-26,7776.67,12519,2298
527,INSTA_REEL,2025-07-26,3273.54,3404,493
528,REFERRAL,2025-07-26,4279.88,9800,2944
529,FB_JAN,2025-07-27,11763.08,6212,1587
530,GOOGLE_SEARCH,2025-07-27,12593.5,3437,1951
531,INSTA_REEL,2025-07-27,10411.48,3624,2371
532,REFERRAL,2025-07-27,8902.21,38368,1534
533,FB_JAN,2025-07-28,8042.59,46060,951
534,GOOGLE_SEARCH,2025-07-28,13308.32,17512,1338
535,INSTA_REEL,2025-07-28,6898.19,43249,1254
536,REFERRAL,2025-07-28,5080.32,49998,845
537,FB_JAN,2025-07-29,4544.09,13551,919
538,GOOGLE_SEARCH,2025-07-29,14337.76,44040,1489
539,INSTA_REEL,2025-07-29,2667.2,34882,2589
540,REFERRAL,2025-07-29,2705.01,25923,1373
541,FB_JAN,2025-07-30,5265.58,30752,2876
542,GOOGLE_SEARCH,2025-07-30,7169.18,30744,1775
543,INSTA_REEL,2025-07-30,8928.19,26236,87
544,REFERRAL,2025-07-30,8944.72,45667,1152
545,FB_JAN,2025-07-31,14205.01,26176,1147
546,GOOGLE_SEARCH,2025-07-31,12641.22,14148,2650
547,INSTA_REEL,2025-07-31,11047.83,41801,533
548,REFERRAL,2025-07-31,6285.0,11788,2049
549,FB_JAN,2025-08-01,10307.99,38041,972
550,GOOGLE_SEARCH,2025-08-01,1088.25,2160,1895
551,INSTA_REEL,2025-08-01,9648.49,36145,1893
552,REFERRAL,2025-08-01,9543.54,19376,1497
553,FB_JAN,2025-08-02,12592.08,28132,832
554,GOOGLE_SEARCH,2025-08-02,4654.32,5466,2973
555,INSTA_REEL,2025-08-02,13206.36,37379,112
556,REFERRAL,2025-08-02,12063.06,7777,2677
557,FB_JAN,2025-08-03,3768.14,22846,1010
558,GOOGLE_SEARCH,2025-08-03,5158.24,37273,1380
559,INSTA_REEL,2025-08-03,7437.08,39356,1633
560,REFERRAL,2025-08-03,7272.24,40274,828
561,FB_JAN,2025-08-04,8031.93,19272,2599
562,GOOGLE_SEARCH,2025-08-04,12217.78,8148,2342
563,INSTA_REEL,2025-08-04,3591.24,4070,1607
564,REFERRAL,2025-08-04,1889.9,19393,372
565,FB_JAN,2025-08-05,7096.03,33858,945
566,GOOGLE_SEARCH,2025-08-05,5935.26,6604,2885
567,INSTA_REEL,2025-08-05,13193.72,43702,278
568,REFERRAL,2025-08-05,14371.69,4976,472
569,FB_JAN,2025-08-06,14212.79,29871,842
570,GOOGLE_SEARCH,2025-08-06,13417.43,47827,612
571,INSTA_REEL,2025-08-06,13742.05,49364,492
572,REFERRAL,2025-08-06,2091.8,9497,1699
573,FB_JAN,2025-08-07,11295.52,19767,2417
574,GOOGLE_SEARCH,2025-08-07,6756.63,29446,1683
575,INSTA_REEL,2025-08-07,14119.93,9891,2362
576,REFERRAL,2025-08-07,6515.86,11252,843
577,FB_JAN,2025-08-08,13977.15,32638,801
578,GOOGLE_SEARCH,2025-08-08,14964.3,25409,2053
579,INSTA_REEL,2025-08-08,11986.81,48113,138
580,REFERRAL,2025-08-08,6430.71,30863,2784
581,FB_JAN,2025-08-09,2121.39,17485,912
582,GOOGLE_SEARCH,2025-08-09,9633.75,4249,1234
583,INSTA_REEL,2025-08-09,6666.03,42596,1955
584,REFERRAL,2025-08-09,9153.23,41162,836
585,FB_JAN,2025-08-10,2937.25,45298,1230
586,GOOGLE_SEARCH,2025-08-10,8606.37,44780,2979
587,INSTA_REEL,2025-08-10,540.45,4462,587
588,REFERRAL,2025-08-10,4927.87,9496,1596
589,FB_JAN,2025-08-11,3549.31,44508,461
590,GOOGLE_SEARCH,2025-08-11,7869.4,26778,456
591,INSTA_REEL,2025-08-11,12663.79,46326,491
592,REFERRAL,2025-08-11,13592.47,14304,484
593,FB_JAN,2025-08-12,12108.4,35587,1698
594,GOOGLE_SEARCH,2025-08-12,7033.78,10774,793
595,INSTA_REEL,2025-08-12,11828.63,35098,75
596,REFERRAL,2025-08-12,9257.53,22351,1295
597,FB_JAN,2025-08-13,5639.46,38719,1076
598,GOOGLE_SEARCH,2025-08-13,12713.11,21640,352
599,INSTA_REEL,2025-08-13,11463.06,22644,790
600,REFERRAL,2025-08-13,8459.01,28179,2739
601,FB_JAN,2025-08-14,11859.38,7329,2528
602,GOOGLE_SEARCH,2025-08-14,5645.64,5068,1298
603,INSTA_REEL,2025-08-14,13356.26,22314,2023
604,REFERRAL,2025-08-14,4186.7,43803,165
605,FB_JAN,2025-08-15,6414.19,41127,1513
606,GOOGLE_SEARCH,2025-08-15,10482.74,5306,1806
607,INSTA_REEL,2025-08-15,13237.01,11240,2683
608,REFERRAL,2025-08-15,13175.61,26166,2009
609,FB_JAN,2025-08-16,11794.0,27221,471
610,GOOGLE_SEARCH,2025-08-16,12286.92,26010,1224
611,INSTA_REEL,2025-08-16,14349.67,26168,1804
612,REFERRAL,2025-08-16,10671.66,7699,356
613,FB_JAN,2025-08-17,11880.53,38279,2096
614,GOOGLE_SEARCH,2025-08-17,1937.75,2626,1636
615,INSTA_REEL,2025-08-17,9651.54,42932,2338
616,REFERRAL,2025-08-17,12865.4,19825,795
617,FB_JAN,2025-08-18,10638.45,26169,2327
618,GOOGLE_SEARCH,2025-08-18,6807.66,42193,2732
619,INSTA_REEL,2025-08-18,13953.12,48616,2303
620,REFERRAL,2025-08-18,13346.72,22216,2811
621,FB_JAN,2025-08-19,12385.74,13464,98
622,GOOGLE_SEARCH,2025-08-19,10885.12,10782,1968
623,INSTA_REEL,2025-08-19,12992.2,49800,521
624,REFERRAL,2025-08-19,11583.45,33637,461
625,FB_JAN,2025-08-20,3864.02,4044,537
626,GOOGLE_SEARCH,2025-08-20,9756.53,48825,245
627,INSTA_REEL,2025-08-20,721.79,13801,1342
628,REFERRAL,2025-08-20,9758.79,8057,894
629,FB_JAN,2025-08-21,6775.69,7952,2110
630,GOOGLE_SEARCH,2025-08-21,6743.24,40363,241
631,INSTA_REEL,2025-08-21,1905.2,32018,348
632,REFERRAL,2025-08-21,4474.55,42982,1130
633,FB_JAN,2025-08-22,10961.33,27937,297
634,GOOGLE_SEARCH,2025-08-22,5739.96,21343,2162
635,INSTA_REEL,2025-08-22,12566.69,26195,404
636,REFERRAL,2025-08-22,13669.07,34551,2869
637,FB_JAN,2025-08-23,12202.35,31565,2943
638,GOOGLE_SEARCH,2025-08-23,1578.95,34399,1898
639,INSTA_REEL,2025-08-23,10877.26,8970,1549
640,REFERRAL,2025-08-23,2350.18,33697,1997
641,FB_JAN,2025-08-24,10812.65,21842,1224
642,GOOGLE_SEARCH,2025-08-24,11038.5,8553,1392
643,INSTA_REEL,2025-08-24,4905.35,39788,2396
644,REFERRAL,2025-08-24,2106.97,41242,189
645,FB_JAN,2025-08-25,7255.95,23316,2819
646,GOOGLE_SEARCH,2025-08-25,1596.01,12920,2520
647,INSTA_REEL,2025-08-25,10662.47,48292,334
648,REFERRAL,2025-08-25,13543.0,10649,1721
649,FB_JAN,2025-08-26,3661.16,21794,2693
650,GOOGLE_SEARCH,2025-08-26,2639.17,4429,2189
651,INSTA_REEL,2025-08-26,3010.23,36198,1481
652,REFERRAL,2025-08-26,6838.99,11461,2225
653,FB_JAN,2025-08-27,3348.7,47300,1903
654,GOOGLE_SEARCH,2025-08-27,7095.51,29318,2865
655,INSTA_REEL,2025-08-27,3311.49,40603,2097
656,REFERRAL,2025-08-27,13810.55,5983,1410
657,FB_JAN,2025-08-28,13788.67,25160,2107
658,GOOGLE_SEARCH,2025-08-28,6777.91,28463,827
659,INSTA_REEL,2025-08-28,9238.96,12249,612
660,REFERRAL,2025-08-28,2292.55,39162,1302
661,FB_JAN,2025-08-29,5617.21,45088,1601
662,GOOGLE_SEARCH,2025-08-29,8510.23,29353,63
663,INSTA_REEL,2025-08-29,5651.56,48171,1313
664,REFERRAL,2025-08-29,3503.35,15017,1908
665,FB_JAN,2025-08-30,12145.0,39479,570
666,GOOGLE_SEARCH,2025-08-30,9664.23,10495,1430
667,INSTA_REEL,2025-08-30,7928.45,49989,2021
668,REFERRAL,2025-08-30,3427.12,43132,72
669,FB_JAN,2025-08-31,6018.2,4527,2949
670,GOOGLE_SEARCH,2025-08-31,8174.7,9220,80
671,INSTA_REEL,2025-08-31,3787.81,35436,1662
672,REFERRAL,2025-08-31,586.85,14206,1642
673,FB_JAN,2025-09-01,12369.16,27746,2591
674,GOOGLE_SEARCH,2025-09-01,8669.72,8403,2623
675,INSTA_REEL,2025-09-01,13489.15,19268,111
676,REFERRAL,2025-09-01,13257.94,8419,2124
677,FB_JAN,2025-09-02,11896.33,15981,1802
678,GOOGLE_SEARCH,2025-09-02,5574.59,38907,2196
679,INSTA_REEL,2025-09-02,8288.56,8498,2159
680,REFERRAL,2025-09-02,638.05,36934,1005
681,FB_JAN,2025-09-03,2491.73,40024,2361
682,GOOGLE_SEARCH,2025-09-03,5718.24,13284,262
683,INSTA_REEL,2025-09-03,7791.55,19336,2137
684,REFERRAL,2025-09-03,9374.55,46356,2290
685,FB_JAN,2025-09-04,7058.07,47460,1905
686,GOOGLE_SEARCH,2025-09-04,14527.24,21455,86
687,INSTA_REEL,2025-09-04,10845.77,49937,1530
688,REFERRAL,2025-09-04,7413.89,17242,706
689,FB_JAN,2025-09-05,4085.46,3501,239
690,GOOGLE_SEARCH,2025-09-05,7829.3,36517,2256
691,INSTA_REEL,2025-09-05,8029.48,32799,237
692,REFERRAL,2025-09-05,2069.7,14728,531
693,FB_JAN,2025-09-06,5800.26,11662,1837
694,GOOGLE_SEARCH,2025-09-06,7452.94,36269,853
695,INSTA_REEL,2025-09-06,4296.5,10877,1608
696,REFERRAL,2025-09-06,4874.8,28402,1962
697,FB_JAN,2025-09-07,10470.57,34530,730
698,GOOGLE_SEARCH,2025-09-07,10373.92,10878,2186
699,INSTA_REEL,2025-09-07,9141.39,49375,2733
700,REFERRAL,2025-09-07,13278.53,44002,2493
701,FB_JAN,2025-09-08,4423.24,19535,2198
702,GOOGLE_SEARCH,2025-09-08,2415.69,19601,1533
703,INSTA_REEL,2025-09-08,9957.31,1398,1251
704,REFERRAL,2025-09-08,14723.05,45192,159
705,FB_JAN,2025-09-09,7409.12,49276,2675
706,GOOGLE_SEARCH,2025-09-09,1686.88,18483,148
707,INSTA_REEL,2025-09-09,13447.65,32829,2447
708,REFERRAL,2025-09-09,9437.72,41495,1946
709,FB_JAN,2025-09-10,7649.93,28936,717
710,GOOGLE_SEARCH,2025-09-10,12421.03,11734,1709
711,INSTA_REEL,2025-09-10,8201.58,16213,2153
712,REFERRAL,2025-09-10,940.33,18017,2923
713,FB_JAN,2025-09-11,14225.05,24472,1790
714,GOOGLE_SEARCH,2025-09-11,12595.33,30415,2975
715,INSTA_REEL,2025-09-11,9385.34,20931,2461
716,REFERRAL,2025-09-11,13272.9,16338,1363
717,FB_JAN,2025-09-12,5031.44,27881,2849
718,GOOGLE_SEARCH,2025-09-12,14808.16,26944,1711
719,INSTA_REEL,2025-09-12,2103.74,46592,1047
720,REFERRAL,2025-09-12,7130.37,20386,2796
721,FB_JAN,2025-09-13,5795.11,28722,1945
722,GOOGLE_SEARCH,2025-09-13,5882.77,40629,1989
723,INSTA_REEL,2025-09-13,7082.64,16392,582
724,REFERRAL,2025-09-13,629.52,35934,1116
725,FB_JAN,2025-09-14,920.99,36962,2166
726,GOOGLE_SEARCH,2025-09-14,14298.64,11593,1622
727,INSTA_REEL,2025-09-14,6052.1,38017,1362
728,REFERRAL,2025-09-14,2247.33,46475,1854
729,FB_JAN,2025-09-15,4499.55,3154,2151
730,GOOGLE_SEARCH,2025-09-15,13237.19,11086,270
731,INSTA_REEL,2025-09-15,14230.17,40309,456
732,REFERRAL,2025-09-15,4579.4,45840,532
733,FB_JAN,2025-09-16,11790.23,3833,1836
734,GOOGLE_SEARCH,2025-09-16,5064.18,18121,106
735,INSTA_REEL,2025-09-16,8825.98,3364,2962
736,REFERRAL,2025-09-16,6962.09,36427,1542
737,FB_JAN,2025-09-17,3270.83,9960,233
738,GOOGLE_SEARCH,2025-09-17,2719.06,43759,2504
739,INSTA_REEL,2025-09-17,12551.76,31217,1443
740,REFERRAL,2025-09-17,539.27,18704,124
741,FB_JAN,2025-09-18,13958.27,43145,395
742,GOOGLE_SEARCH,2025-09-18,649.15,47143,182
743,INSTA_REEL,2025-09-18,8824.9,5375,1668
744,REFERRAL,2025-09-18,12996.34,21727,1191
745,FB_JAN,2025-09-19,7756.0,10382,1671
746,GOOGLE_SEARCH,2025-09-19,10166.26,11065,219
747,INSTA_REEL,2025-09-19,5848.44,46540,944
748,REFERRAL,2025-09-19,3369.42,4079,321
749,FB_JAN,2025-09-20,12599.11,12116,1613
750,GOOGLE_SEARCH,2025-09-20,704.79,37464,287
751,INSTA_REEL,2025-09-20,8196.27,39251,2114
752,REFERRAL,2025-09-20,4775.98,36230,1312
753,FB_JAN,2025-09-21,6795.16,8136,1424
754,GOOGLE_SEARCH,2025-09-21,12175.23,36529,2349
755,INSTA_REEL,2025-09-21,7971.02,24137,2241
756,REFERRAL,2025-09-21,861.96,39261,159
757,FB_JAN,2025-09-22,4254.0,20655,2410
758,GOOGLE_SEARCH,2025-09-22,5440.13,21236,2276
759,INSTA_REEL,2025-09-22,4464.93,5285,2510
760,REFERRAL,2025-09-22,7261.63,28254,1809
761,FB_JAN,2025-09-23,14156.55,16801,2916
762,GOOGLE_SEARCH,2025-09-23,14119.51,31970,2312
763,INSTA_REEL,2025-09-23,5768.4,18344,2743
764,REFERRAL,2025-09-23,5701.57,49064,127
765,FB_JAN,2025-09-24,11211.81,34246,2122
766,GOOGLE_SEARCH,2025-09-24,11136.61,25843,1283
767,INSTA_REEL,2025-09-24,13393.86,10322,2921
768,REFERRAL,2025-09-24,9648.84,8086,1826
769,FB_JAN,2025-09-25,6823.16,7128,1968
770,GOOGLE_SEARCH,2025-09-25,11652.92,33452,165
771,INSTA_REEL,2025-09-25,9245.35,1852,2803
772,REFERRAL,2025-09-25,10577.51,12946,2128
773,FB_JAN,2025-09-26,10604.35,10263,89
774,GOOGLE_SEARCH,2025-09-26,7555.74,3106,2257
775,INSTA_REEL,2025-09-26,4769.18,4862,2711
776,REFERRAL,2025-09-26,1666.78,45648,1451
777,FB_JAN,2025-09-27,14862.5,24771,645
778,GOOGLE_SEARCH,2025-09-27,8230.16,9743,1463
779,INSTA_REEL,2025-09-27,789.7,29432,2532
780,REFERRAL,2025-09-27,1693.03,45935,2460
781,FB_JAN,2025-09-28,7952.79,8857,2770
782,GOOGLE_SEARCH,2025-09-28,2752.59,36612,705
783,INSTA_REEL,2025-09-28,4493.5,23786,1610
784,REFERRAL,2025-09-28,13824.96,23274,2461
785,FB_JAN,2025-09-29,9338.95,37030,2449
786,GOOGLE_SEARCH,2025-09-29,2704.01,12702,1359
787,INSTA_REEL,2025-09-29,4847.53,19649,2497
788,REFERRAL,2025-09-29,6625.34,15805,2006
789,FB_JAN,2025-09-30,11215.75,25376,1398
790,GOOGLE_SEARCH,2025-09-30,8867.29,30744,218
791,INSTA_REEL,2025-09-30,10565.19,26776,578
792,REFERRAL,2025-09-30,5758.53,12329,1157
793,FB_JAN,2025-10-01,10640.38,10056,377
794,GOOGLE_SEARCH,2025-10-01,10063.87,38594,1426
795,INSTA_REEL,2025-10-01,5781.04,35163,1141
796,REFERRAL,2025-10-01,6579.16,24889,2439
797,FB_JAN,2025-10-02,1908.1,31577,2570
798,GOOGLE_SEARCH,2025-10-02,4382.57,13095,2649
799,INSTA_REEL,2025-10-02,8902.4,27472,1793
800,REFERRAL,2025-10-02,7867.68,15843,468
801,FB_JAN,2025-10-03,14661.55,14683,1730
802,GOOGLE_SEARCH,2025-10-03,5863.13,26996,1148
803,INSTA_REEL,2025-10-03,5820.16,17994,1409
804,REFERRAL,2025-10-03,13432.2,10266,2716
805,FB_JAN,2025-10-04,3505.48,37566,1369
806,GOOGLE_SEARCH,2025-10-04,8580.59,48339,2729
807,INSTA_REEL,2025-10-04,9606.11,47225,797
808,REFERRAL,2025-10-04,7790.83,19030,283
809,FB_JAN,2025-10-05,3116.68,38350,1000
810,GOOGLE_SEARCH,2025-10-05,13750.13,12863,1687
811,INSTA_REEL,2025-10-05,8451.28,13182,588
812,REFERRAL,2025-10-05,4745.86,7954,1224
813,FB_JAN,2025-10-06,8532.29,37300,2116
814,GOOGLE_SEARCH,2025-10-06,3210.11,15711,141
815,INSTA_REEL,2025-10-06,6662.36,15014,280
816,REFERRAL,2025-10-06,13096.49,27607,2622
817,FB_JAN,2025-10-07,3202.08,2722,177
818,GOOGLE_SEARCH,2025-10-07,3506.2,20791,1372
819,INSTA_REEL,2025-10-07,9997.91,45844,1188
820,REFERRAL,2025-10-07,12727.23,41520,850
821,FB_JAN,2025-10-08,4561.89,38376,624
822,GOOGLE_SEARCH,2025-10-08,10443.82,14449,1439
823,INSTA_REEL,2025-10-08,9655.8,6967,1502
824,REFERRAL,2025-10-08,7422.43,25067,2125
825,FB_JAN,2025-10-09,12313.79,17344,1838
826,GOOGLE_SEARCH,2025-10-09,6475.6,6651,208
827,INSTA_REEL,2025-10-09,3464.34,7617,2972
828,REFERRAL,2025-10-09,5815.39,33639,2521
829,FB_JAN,2025-10-10,10032.32,30049,2014
830,GOOGLE_SEARCH,2025-10-10,10697.94,36929,1720
831,INSTA_REEL,2025-10-10,10395.41,33560,2516
832,REFERRAL,2025-10-10,10891.65,17533,129
833,FB_JAN,2025-10-11,5300.91,15476,1112
834,GOOGLE_SEARCH,2025-10-11,11609.58,8359,965
835,INSTA_REEL,2025-10-11,13554.3,42478,374
836,REFERRAL,2025-10-11,13174.07,4183,222
837,FB_JAN,2025-10-12,5451.11,48825,1701
838,GOOGLE_SEARCH,2025-10-12,3215.63,48988,1038
839,INSTA_REEL,2025-10-12,7208.41,25019,2118
840,REFERRAL,2025-10-12,9421.72,20888,1135
841,FB_JAN,2025-10-13,2528.4,47707,2625
842,GOOGLE_SEARCH,2025-10-13,4322.24,45845,525
843,INSTA_REEL,2025-10-13,2933.38,9803,2069
844,REFERRAL,2025-10-13,3541.48,13800,1310
845,FB_JAN,2025-10-14,12903.46,9350,518
846,GOOGLE_SEARCH,2025-10-14,8524.3,38698,981
847,INSTA_REEL,2025-10-14,2198.32,2124,2819
848,REFERRAL,2025-10-14,2844.82,40405,2430
849,FB_JAN,2025-10-15,10681.13,34642,2566
850,GOOGLE_SEARCH,2025-10-15,14494.4,1325,2033
851,INSTA_REEL,2025-10-15,7821.62,4911,1817
852,REFERRAL,2025-10-15,1128.41,38224,807
853,FB_JAN,2025-10-16,7144.33,45333,1315
854,GOOGLE_SEARCH,2025-10-16,5151.69,14789,590
855,INSTA_REEL,2025-10-16,5221.58,8604,1437
856,REFERRAL,2025-10-16,13226.51,45050,1797
857,FB_JAN,2025-10-17,3881.25,37116,2839
858,GOOGLE_SEARCH,2025-10-17,12937.48,31806,2928
859,INSTA_REEL,2025-10-17,5096.56,41659,686
860,REFERRAL,2025-10-17,11860.37,9271,1514
861,FB_JAN,2025-10-18,2686.86,33570,1714
862,GOOGLE_SEARCH,2025-10-18,4701.2,47797,2432
863,INSTA_REEL,2025-10-18,6764.54,8377,2262
864,REFERRAL,2025-10-18,576.7,44154,2625
865,FB_JAN,2025-10-19,13245.99,24873,2258
866,GOOGLE_SEARCH,2025-10-19,12610.11,29086,2439
867,INSTA_REEL,2025-10-19,6790.41,42714,887
868,REFERRAL,2025-10-19,1209.48,18311,1559
869,FB_JAN,2025-10-20,1452.58,8314,2349
870,GOOGLE_SEARCH,2025-10-20,7543.6,5013,2462
871,INSTA_REEL,2025-10-20,12707.35,39999,2799
872,REFERRAL,2025-10-20,9830.74,3500,1659
873,FB_JAN,2025-10-21,14160.55,49126,201
874,GOOGLE_SEARCH,2025-10-21,11517.06,20601,2499
875,INSTA_REEL,2025-10-21,12889.88,12925,128
876,REFERRAL,2025-10-21,9848.87,29878,1385
877,FB_JAN,2025-10-22,11538.47,11809,457
878,GOOGLE_SEARCH,2025-10-22,2978.26,12824,115
879,INSTA_REEL,2025-10-22,4560.84,8164,2247
880,REFERRAL,2025-10-22,13651.15,26216,270
881,FB_JAN,2025-10-23,13764.89,33993,1182
882,GOOGLE_SEARCH,2025-10-23,3497.73,13234,2347
883,INSTA_REEL,2025-10-23,10013.79,30229,2216
884,REFERRAL,2025-10-23,13055.85,41364,1049
885,FB_JAN,2025-10-24,11740.48,46276,1908
886,GOOGLE_SEARCH,2025-10-24,8578.11,21708,254
887,INSTA_REEL,2025-10-24,12241.69,7838,1904
888,REFERRAL,2025-10-24,7300.78,29737,897
889,FB_JAN,2025-10-25,3103.24,41403,2804
890,GOOGLE_SEARCH,2025-10-25,557.6,11797,141
891,INSTA_REEL,2025-10-25,1248.95,5993,736
892,REFERRAL,2025-10-25,13301.92,42150,1375
893,FB_JAN,2025-10-26,7550.87,5028,959
894,GOOGLE_SEARCH,2025-10-26,7184.45,10272,1246
895,INSTA_REEL,2025-10-26,12216.88,18446,2564
896,REFERRAL,2025-10-26,8767.8,45339,812
897,FB_JAN,2025-10-27,2314.57,49849,78
898,GOOGLE_SEARCH,2025-10-27,13091.95,27864,2147
899,INSTA_REEL,2025-10-27,6522.53,33734,2328
900,REFERRAL,2025-10-27,11248.11,23045,1350
901,FB_JAN,2025-10-28,689.35,43727,796
902,GOOGLE_SEARCH,2025-10-28,1091.96,10400,757
903,INSTA_REEL,2025-10-28,12815.09,12252,2504
904,REFERRAL,2025-10-28,12821.58,4576,1579
905,FB_JAN,2025-10-29,13630.58,20262,1861
906,GOOGLE_SEARCH,2025-10-29,11001.91,21014,2519
907,INSTA_REEL,2025-10-29,8708.65,14405,1501
908,REFERRAL,2025-10-29,7253.38,21257,487
909,FB_JAN,2025-10-30,2461.23,46065,644
910,GOOGLE_SEARCH,2025-10-30,4053.7,15393,1643
911,INSTA_REEL,2025-10-30,8592.95,19298,444
912,REFERRAL,2025-10-30,6864.75,5292,2970
913,FB_JAN,2025-10-31,14007.61,47454,2664
914,GOOGLE_SEARCH,2025-10-31,9580.66,42265,500
915,INSTA_REEL,2025-10-31,3032.78,7420,2339
916,REFERRAL,2025-10-31,5038.05,45753,228
917,FB_JAN,2025-11-01,7167.31,6455,162
918,GOOGLE_SEARCH,2025-11-01,14135.67,42448,799
919,INSTA_REEL,2025-11-01,7244.52,31601,839
920,REFERRAL,2025-11-01,14058.8,5274,1157
921,FB_JAN,2025-11-02,995.47,6080,1226
922,GOOGLE_SEARCH,2025-11-02,2897.43,49568,1149
923,INSTA_REEL,2025-11-02,4204.71,25379,1097
924,REFERRAL,2025-11-02,11888.2,40607,116
925,FB_JAN,2025-11-03,6286.62,43764,89
926,GOOGLE_SEARCH,2025-11-03,7405.51,2545,1315
927,INSTA_REEL,2025-11-03,2872.18,2348,1129
928,REFERRAL,2025-11-03,2636.34,22067,2044
929,FB_JAN,2025-11-04,7477.82,31894,89
930,GOOGLE_SEARCH,2025-11-04,8631.65,34523,121
931,INSTA_REEL,2025-11-04,10466.59,10511,2470
932,REFERRAL,2025-11-04,11398.52,12342,2873
933,FB_JAN,2025-11-05,14764.37,47141,2980
934,GOOGLE_SEARCH,2025-11-05,10453.79,27206,2554
935,INSTA_REEL,2025-11-05,10943.61,17568,1536
936,REFERRAL,2025-11-05,9475.64,31014,2762
937,FB_JAN,2025-11-06,11145.9,10663,956
938,GOOGLE_SEARCH,2025-11-06,1882.31,49084,1377
939,INSTA_REEL,2025-11-06,8336.55,24010,2514
940,REFERRAL,2025-11-06,11041.28,20966,2670
941,FB_JAN,2025-11-07,9247.43,1642,1310
942,GOOGLE_SEARCH,2025-11-07,3895.42,42330,2596
943,INSTA_REEL,2025-11-07,2616.34,47636,1268
944,REFERRAL,2025-11-07,4121.62,37167,97
945,FB_JAN,2025-11-08,8259.75,22104,2181
946,GOOGLE_SEARCH,2025-11-08,8618.43,12205,2184
947,INSTA_REEL,2025-11-08,4714.81,44105,1422
948,REFERRAL,2025-11-08,12910.23,44984,1324
949,FB_JAN,2025-11-09,6857.77,38952,374
950,GOOGLE_SEARCH,2025-11-09,7333.74,11589,1898
951,INSTA_REEL,2025-11-09,8269.06,23198,1563
952,REFERRAL,2025-11-09,9701.41,22785,1160
953,FB_JAN,2025-11-10,4135.66,27149,150
954,GOOGLE_SEARCH,2025-11-10,8359.27,4562,1247
955,INSTA_REEL,2025-11-10,12944.92,31946,274
956,REFERRAL,2025-11-10,8560.04,40656,1847
957,FB_JAN,2025-11-11,11186.06,36493,2138
958,GOOGLE_SEARCH,2025-11-11,2368.98,25108,2666
959,INSTA_REEL,2025-11-11,11384.87,17192,1424
960,REFERRAL,2025-11-11,9923.65,33222,411
961,FB_JAN,2025-11-12,6813.01,12604,1458
962,GOOGLE_SEARCH,2025-11-12,5038.46,15414,1012
963,INSTA_REEL,2025-11-12,11304.7,20483,1565
964,REFERRAL,2025-11-12,1986.49,15386,1808
965,FB_JAN,2025-11-13,14528.2,14292,176
966,GOOGLE_SEARCH,2025-11-13,10050.1,11289,742
967,INSTA_REEL,2025-11-13,14099.5,41823,634
968,REFERRAL,2025-11-13,5471.66,12165,305
969,FB_JAN,2025-11-14,9742.47,26251,1198
970,GOOGLE_SEARCH,2025-11-14,8069.39,32895,1295
971,INSTA_REEL,2025-11-14,6038.23,48150,2316
972,REFERRAL,2025-11-14,6315.01,10822,1229
973,FB_JAN,2025-11-15,14549.76,33648,2714
974,GOOGLE_SEARCH,2025-11-15,8930.48,20022,1417
975,INSTA_REEL,2025-11-15,8930.42,3920,2000
976,REFERRAL,2025-11-15,5497.81,21047,2424
977,FB_JAN,2025-11-16,12668.34,1838,1376
978,GOOGLE_SEARCH,2025-11-16,4784.57,22549,1288
979,INSTA_REEL,2025-11-16,4378.01,29146,2742
980,REFERRAL,2025-11-16,14446.28,28971,2886
981,FB_JAN,2025-11-17,7839.08,44723,2523
982,GOOGLE_SEARCH,2025-11-17,8110.35,44415,2762
983,INSTA_REEL,2025-11-17,8706.38,38870,596
984,REFERRAL,2025-11-17,14078.77,35270,475
985,FB_JAN,2025-11-18,7409.09,32084,351
986,GOOGLE_SEARCH,2025-11-18,5413.37,13304,565
987,INSTA_REEL,2025-11-18,4709.73,48814,2252
988,REFERRAL,2025-11-18,5593.58,10450,2979
989,FB_JAN,2025-11-19,10046.57,11289,1793
990,GOOGLE_SEARCH,2025-11-19,2857.68,41205,797
991,INSTA_REEL,2025-11-19,4972.93,41220,1892
992,REFERRAL,2025-11-19,10151.99,26486,2909
993,FB_JAN,2025-11-20,7858.41,2874,1750
994,GOOGLE_SEARCH,2025-11-20,11402.08,46724,445
995,INSTA_REEL,2025-11-20,9705.02,1233,2276
996,REFERRAL,2025-11-20,7536.97,45482,2973
997,FB_JAN,2025-11-21,3198.21,14695,2504
998,GOOGLE_SEARCH,2025-11-21,8437.31,24028,263
999,INSTA_REEL,2025-11-21,1702.36,48008,980
1000,REFERRAL,2025-11-21,11229.78,34898,1158
1001,FB_JAN,2025-11-22,14953.38,7207,2278
1002,GOOGLE_SEARCH,2025-11-22,8482.24,29679,539
1003,INSTA_REEL,2025-11-22,13440.98,30430,550
1004,REFERRAL,2025-11-22,5759.33,4505,2300
1005,FB_JAN,2025-11-23,3698.86,5651,2382
1006,GOOGLE_SEARCH,2025-11-23,3687.48,6417,1712
1007,INSTA_REEL,2025-11-23,13457.73,21526,2625
1008,REFERRAL,2025-11-23,4456.6,16279,756
1009,FB_JAN,2025-11-24,1572.46,24554,929
1010,GOOGLE_SEARCH,2025-11-24,8178.58,29679,813
1011,INSTA_REEL,2025-11-24,7476.07,8867,1662
1012,REFERRAL,2025-11-24,1852.25,10673,2285
1013,FB_JAN,2025-11-25,6844.43,41046,2208
1014,GOOGLE_SEARCH,2025-11-25,13230.61,6124,1643
1015,INSTA_REEL,2025-11-25,1247.75,19323,906
1016,REFERRAL,2025-11-25,6562.16,17467,1501
1017,FB_JAN,2025-11-26,4520.3,42818,1643
1018,GOOGLE_SEARCH,2025-11-26,9318.51,33516,367
1019,INSTA_REEL,2025-11-26,13146.93,45717,1863
1020,REFERRAL,2025-11-26,2430.7,27489,861
1021,FB_JAN,2025-11-27,5982.9,9643,2291
1022,GOOGLE_SEARCH,2025-11-27,6038.02,12048,153
1023,INSTA_REEL,2025-11-27,5164.54,37934,1104
1024,REFERRAL,2025-11-27,3051.06,34202,1053
1025,FB_JAN,2025-11-28,10149.4,18936,236
1026,GOOGLE_SEARCH,2025-11-28,986.07,12381,2304
1027,INSTA_REEL,2025-11-28,2606.69,43681,1665
1028,REFERRAL,2025-11-28,14578.92,44939,1458
1029,FB_JAN,2025-11-29,6121.31,27813,255
1030,GOOGLE_SEARCH,2025-11-29,4597.05,7740,902
1031,INSTA_REEL,2025-11-29,12648.75,19367,1627
1032,REFERRAL,2025-11-29,4962.57,35767,2532
1033,FB_JAN,2025-11-30,2022.23,31492,1709
1034,GOOGLE_SEARCH,2025-11-30,10305.56,34076,2282
1035,INSTA_REEL,2025-11-30,11311.85,3919,2646
1036,REFERRAL,2025-11-30,10467.95,15611,1737
1037,FB_JAN,2025-12-01,14326.55,11662,2166
1038,GOOGLE_SEARCH,2025-12-01,7115.09,18200,2752
1039,INSTA_REEL,2025-12-01,9197.03,18176,1004
1040,REFERRAL,2025-12-01,1354.79,47092,260
1041,FB_JAN,2025-12-02,7870.89,18588,2239
1042,GOOGLE_SEARCH,2025-12-02,13168.83,1235,2490
1043,INSTA_REEL,2025-12-02,11451.34,41255,2662
1044,REFERRAL,2025-12-02,5120.01,36052,2524
1045,FB_JAN,2025-12-03,1907.38,32405,2921
1046,GOOGLE_SEARCH,2025-12-03,4794.49,29336,1577
1047,INSTA_REEL,2025-12-03,12559.16,35462,442
1048,REFERRAL,2025-12-03,7185.45,9618,729
1049,FB_JAN,2025-12-04,3436.38,5927,1204
1050,GOOGLE_SEARCH,2025-12-04,8904.59,49559,2874
1051,INSTA_REEL,2025-12-04,13285.27,15463,2731
1052,REFERRAL,2025-12-04,5746.6,30805,817
1053,FB_JAN,2025-12-05,2832.56,25567,2142
1054,GOOGLE_SEARCH,2025-12-05,9875.05,23726,2032
1055,INSTA_REEL,2025-12-05,9532.34,29808,679
1056,REFERRAL,2025-12-05,6881.63,33083,1563
1057,FB_JAN,2025-12-06,14471.15,30325,2076
1058,GOOGLE_SEARCH,2025-12-06,1153.65,38692,389
1059,INSTA_REEL,2025-12-06,12163.32,39764,1167
1060,REFERRAL,2025-12-06,8969.7,20241,1623
1061,FB_JAN,2025-12-07,7816.0,14948,1502
1062,GOOGLE_SEARCH,2025-12-07,12923.71,5038,899
1063,INSTA_REEL,2025-12-07,13850.25,44984,1085
1064,REFERRAL,2025-12-07,7057.15,41343,222
1065,FB_JAN,2025-12-08,3616.78,48514,2098
1066,GOOGLE_SEARCH,2025-12-08,5891.19,13238,1853
1067,INSTA_REEL,2025-12-08,1898.35,10321,2098
1068,REFERRAL,2025-12-08,2913.87,27539,1352
1069,FB_JAN,2025-12-09,11141.37,33501,1019
1070,GOOGLE_SEARCH,2025-12-09,11028.55,39741,919
1071,INSTA_REEL,2025-12-09,12470.88,34106,2873
1072,REFERRAL,2025-12-09,6158.99,31980,123
1073,FB_JAN,2025-12-10,6715.91,28823,1472
1074,GOOGLE_SEARCH,2025-12-10,10165.98,34992,809
1075,INSTA_REEL,2025-12-10,6171.26,21924,2077
1076,REFERRAL,2025-12-10,5488.97,45833,2272
1077,FB_JAN,2025-12-11,10552.16,21481,178
1078,GOOGLE_SEARCH,2025-12-11,6891.38,45062,2230
1079,INSTA_REEL,2025-12-11,9061.67,36378,2119
1080,REFERRAL,2025-12-11,12232.11,5253,1066
1081,FB_JAN,2025-12-12,3270.8,6734,1801
1082,GOOGLE_SEARCH,2025-12-12,6476.0,42812,1108
1083,INSTA_REEL,2025-12-12,6931.81,20872,2042
1084,REFERRAL,2025-12-12,2501.29,48129,819
1085,FB_JAN,2025-12-13,4441.98,3963,543
1086,GOOGLE_SEARCH,2025-12-13,13050.22,13056,323
1087,INSTA_REEL,2025-12-13,3834.18,6199,2868
1088,REFERRAL,2025-12-13,14291.6,20055,2456
1089,FB_JAN,2025-12-14,13400.79,33703,2790
1090,GOOGLE_SEARCH,2025-12-14,13296.13,26978,2824
1091,INSTA_REEL,2025-12-14,6923.38,26925,2546
1092,REFERRAL,2025-12-14,7649.97,15364,2678
1093,FB_JAN,2025-12-15,13666.0,22710,1948
1094,GOOGLE_SEARCH,2025-12-15,12051.33,16976,2556
1095,INSTA_REEL,2025-12-15,6379.95,46843,2938
1096,REFERRAL,2025-12-15,13133.61,15596,1039
1097,FB_JAN,2025-12-16,7936.83,42782,1873
1098,GOOGLE_SEARCH,2025-12-16,14876.08,47582,2776
1099,INSTA_REEL,2025-12-16,2646.32,48462,1712
1100,REFERRAL,2025-12-16,3907.3,30480,1765
1101,FB_JAN,2025-12-17,11946.33,19437,2319
1102,GOOGLE_SEARCH,2025-12-17,10985.61,35545,412
1103,INSTA_REEL,2025-12-17,8302.79,49328,1181
1104,REFERRAL,2025-12-17,5986.81,31817,2254
1105,FB_JAN,2025-12-18,7643.9,9657,1014
1106,GOOGLE_SEARCH,2025-12-18,12855.14,46267,395
1107,INSTA_REEL,2025-12-18,13785.59,1153,1761
1108,REFERRAL,2025-12-18,4283.39,40171,506
1109,FB_JAN,2025-12-19,3587.01,15291,2404
1110,GOOGLE_SEARCH,2025-12-19,12599.45,47331,2355
1111,INSTA_REEL,2025-12-19,2784.61,17001,2738
1112,REFERRAL,2025-12-19,11237.44,49591,1004
1113,FB_JAN,2025-12-20,13558.08,10362,71
1114,GOOGLE_SEARCH,2025-12-20,7849.5,28602,1669
1115,INSTA_REEL,2025-12-20,6807.53,1465,1279
1116,REFERRAL,2025-12-20,12411.61,43516,2902
1117,FB_JAN,2025-12-21,13861.7,32736,1866
1118,GOOGLE_SEARCH,2025-12-21,9695.75,6681,2368
1119,INSTA_REEL,2025-12-21,13586.15,16820,312
1120,REFERRAL,2025-12-21,3601.81,46680,1892
1121,FB_JAN,2025-12-22,2530.04,35383,1018
1122,GOOGLE_SEARCH,2025-12-22,11128.03,10566,714
1123,INSTA_REEL,2025-12-22,13189.13,41385,1475
1124,REFERRAL,2025-12-22,13466.19,28996,848
1125,FB_JAN,2025-12-23,8848.61,19686,1309
1126,GOOGLE_SEARCH,2025-12-23,10962.82,4989,1420
1127,INSTA_REEL,2025-12-23,8411.38,21850,922
1128,REFERRAL,2025-12-23,5870.49,20299,2973
1129,FB_JAN,2025-12-24,3358.46,45375,1441
1130,GOOGLE_SEARCH,2025-12-24,12147.58,23291,1866
1131,INSTA_REEL,2025-12-24,14996.69,30103,2892
1132,REFERRAL,2025-12-24,6374.96,18475,497
1133,FB_JAN,2025-12-25,7343.72,37136,218
1134,GOOGLE_SEARCH,2025-12-25,6010.74,35433,843
1135,INSTA_REEL,2025-12-25,6151.46,27427,1126
1136,REFERRAL,2025-12-25,12514.74,33413,627
1137,FB_JAN,2025-12-26,7368.06,6931,2000
1138,GOOGLE_SEARCH,2025-12-26,2552.82,8555,550
1139,INSTA_REEL,2025-12-26,11934.87,17384,1992
1140,REFERRAL,2025-12-26,3394.26,29203,582
1141,FB_JAN,2025-12-27,10861.8,23995,1156
1142,GOOGLE_SEARCH,2025-12-27,12828.76,13725,496
1143,INSTA_REEL,2025-12-27,7996.43,4150,1499
1144,REFERRAL,2025-12-27,3988.46,23814,289
1145,FB_JAN,2025-12-28,616.86,14679,929
1146,GOOGLE_SEARCH,2025-12-28,11832.07,12800,1052
1147,INSTA_REEL,2025-12-28,1235.55,19809,1985
1148,REFERRAL,2025-12-28,2990.92,14851,2464
1149,FB_JAN,2025-12-29,6270.49,35855,1547
1150,GOOGLE_SEARCH,2025-12-29,12122.51,39294,1221
1151,INSTA_REEL,2025-12-29,1306.89,3431,2820
1152,REFERRAL,2025-12-29,10069.32,3033,286
1153,FB_JAN,2025-12-30,9150.36,38260,207
1154,GOOGLE_SEARCH,2025-12-30,9189.27,30494,1362
1155,INSTA_REEL,2025-12-30,3947.2,48222,2202
1156,REFERRAL,2025-12-30,8340.8,39658,2071
1157,FB_JAN,2025-12-31,3606.02,5879,1326
1158,GOOGLE_SEARCH,2025-12-31,3074.53,45985,1595
1159,INSTA_REEL,2025-12-31,2778.78,32303,586
1160,REFERRAL,2025-12-31,12640.52,22579,1553
1161,FB_JAN,2026-01-01,7192.96,22353,305
1162,GOOGLE_SEARCH,2026-01-01,5610.63,43049,1030
1163,INSTA_REEL,2026-01-01,840.34,17109,987
1164,REFERRAL,2026-01-01,4564.04,27539,1609
1165,FB_JAN,2026-01-02,13297.25,30286,92
1166,GOOGLE_SEARCH,2026-01-02,9160.3,25045,572
1167,INSTA_REEL,2026-01-02,3972.31,21202,1806
1168,REFERRAL,2026-01-02,10814.28,3512,472
1169,FB_JAN,2026-01-03,12396.57,25218,1082
1170,GOOGLE_SEARCH,2026-01-03,3365.22,17391,1540
1171,INSTA_REEL,2026-01-03,5832.69,15101,1822
1172,REFERRAL,2026-01-03,2569.95,49769,349
1173,FB_JAN,2026-01-04,2884.56,46605,2595
1174,GOOGLE_SEARCH,2026-01-04,4409.73,49074,410
1175,INSTA_REEL,2026-01-04,9883.65,19218,617
1176,REFERRAL,2026-01-04,8170.76,11568,467
1177,FB_JAN,2026-01-05,671.82,14670,1461
1178,GOOGLE_SEARCH,2026-01-05,11100.4,39455,1546
1179,INSTA_REEL,2026-01-05,1438.17,38699,1896
1180,REFERRAL,2026-01-05,10011.68,22831,383
1181,FB_JAN,2026-01-06,6256.32,42993,702
1182,GOOGLE_SEARCH,2026-01-06,762.29,49230,1670
1183,INSTA_REEL,2026-01-06,8494.78,28696,2951
1184,REFERRAL,2026-01-06,8118.63,7644,1157
1185,FB_JAN,2026-01-07,13248.56,35904,861
1186,GOOGLE_SEARCH,2026-01-07,3058.94,3802,2043
1187,INSTA_REEL,2026-01-07,5701.51,35857,1138
1188,REFERRAL,2026-01-07,5859.26,10633,607
1189,FB_JAN,2026-01-08,965.52,18379,60
1190,GOOGLE_SEARCH,2026-01-08,13055.18,2960,1513
1191,INSTA_REEL,2026-01-08,10474.64,24048,183
1192,REFERRAL,2026-01-08,10740.55,19910,1555
1193,FB_JAN,2026-01-09,14033.85,44810,357
1194,GOOGLE_SEARCH,2026-01-09,13846.56,5864,2779
1195,INSTA_REEL,2026-01-09,9354.81,46626,2154
1196,REFERRAL,2026-01-09,2475.69,25135,858
1197,FB_JAN,2026-01-10,10913.56,1766,646
1198,GOOGLE_SEARCH,2026-01-10,5553.78,7809,2131
1199,INSTA_REEL,2026-01-10,8413.13,6792,2117
1200,REFERRAL,2026-01-10,8902.08,20799,1174
1201,FB_JAN,2026-01-11,8431.99,43042,2511
1202,GOOGLE_SEARCH,2026-01-11,12918.87,26593,1524
1203,INSTA_REEL,2026-01-11,11570.06,18991,1479
1204,REFERRAL,2026-01-11,13851.28,11050,2092
1205,FB_JAN,2026-01-12,9914.66,37852,1756
1206,GOOGLE_SEARCH,2026-01-12,9505.27,48168,1319
1207,INSTA_REEL,2026-01-12,6952.69,12157,106
1208,REFERRAL,2026-01-12,5409.24,45181,187
1209,FB_JAN,2026-01-13,13166.76,35124,2899
1210,GOOGLE_SEARCH,2026-01-13,13898.29,7938,2552
1211,INSTA_REEL,2026-01-13,12515.2,17528,1094
1212,REFERRAL,2026-01-13,3379.65,31515,685
1213,FB_JAN,2026-01-14,2730.87,31127,1623
1214,GOOGLE_SEARCH,2026-01-14,4887.51,35767,1293
1215,INSTA_REEL,2026-01-14,8707.15,14663,960
1216,REFERRAL,2026-01-14,9859.14,2769,931
1217,FB_JAN,2026-01-15,11666.79,5626,637
1218,GOOGLE_SEARCH,2026-01-15,7083.48,6430,2154
1219,INSTA_REEL,2026-01-15,3455.99,1862,636
1220,REFERRAL,2026-01-15,1468.19,11408,2016
1221,FB_JAN,2026-01-16,13768.53,46326,951
1222,GOOGLE_SEARCH,2026-01-16,7483.52,20190,238
1223,INSTA_REEL,2026-01-16,709.49,48877,2487
1224,REFERRAL,2026-01-16,7280.65,1623,311
1225,FB_JAN,2026-01-17,3632.15,16694,1199
1226,GOOGLE_SEARCH,2026-01-17,9580.05,4383,196
1227,INSTA_REEL,2026-01-17,4025.36,38273,1766
1228,REFERRAL,2026-01-17,11215.94,18334,681
1229,FB_JAN,2026-01-18,7107.96,8794,2930
1230,GOOGLE_SEARCH,2026-01-18,7718.39,46593,89
1231,INSTA_REEL,2026-01-18,10977.7,33808,1982
1232,REFERRAL,2026-01-18,5446.29,43080,403
1233,FB_JAN,2026-01-19,11806.28,31081,2936
1234,GOOGLE_SEARCH,2026-01-19,4066.12,21889,1496
1235,INSTA_REEL,2026-01-19,12568.06,17457,635
1236,REFERRAL,2026-01-19,12101.35,5701,2081
1237,FB_JAN,2026-01-20,13902.93,36738,1145
1238,GOOGLE_SEARCH,2026-01-20,10813.79,47139,1889
1239,INSTA_REEL,2026-01-20,13445.48,40607,1515
1240,REFERRAL,2026-01-20,9716.18,37432,1779
1241,FB_JAN,2026-01-21,12576.5,1510,101
1242,GOOGLE_SEARCH,2026-01-21,5617.76,3879,2606
1243,INSTA_REEL,2026-01-21,14003.19,8245,1458
1244,REFERRAL,2026-01-21,12577.2,44192,1695
1245,FB_JAN,2026-01-22,6859.26,19300,1294
1246,GOOGLE_SEARCH,2026-01-22,6813.89,23120,1377
1247,INSTA_REEL,2026-01-22,12241.08,15570,2954
1248,REFERRAL,2026-01-22,882.76,7237,1297
1249,FB_JAN,2026-01-23,14074.88,30775,1565
1250,GOOGLE_SEARCH,2026-01-23,3166.68,26802,91
1251,INSTA_REEL,2026-01-23,12482.91,22238,253
1252,REFERRAL,2026-01-23,3771.18,38751,367
1253,FB_JAN,2026-01-24,1368.54,33999,1956
1254,GOOGLE_SEARCH,2026-01-24,8133.56,31115,1977
1255,INSTA_REEL,2026-01-24,9149.39,1081,2604
1256,REFERRAL,2026-01-24,10824.87,22133,1348
1257,FB_JAN,2026-01-25,6644.8,24458,1790
1258,GOOGLE_SEARCH,2026-01-25,2952.67,31392,119
1259,INSTA_REEL,2026-01-25,13798.27,28051,2805
1260,REFERRAL,2026-01-25,3667.85,7237,2490
1261,FB_JAN,2026-01-26,3211.89,24156,2046
1262,GOOGLE_SEARCH,2026-01-26,1423.24,39527,2426
1263,INSTA_REEL,2026-01-26,12462.66,27921,233
1264,REFERRAL,2026-01-26,6879.1,27342,1011
1265,FB_JAN,2026-01-27,2051.0,29763,1218
1266,GOOGLE_SEARCH,2026-01-27,13986.09,48753,894
1267,INSTA_REEL,2026-01-27,13439.29,31944,997
1268,REFERRAL,2026-01-27,6329.53,28619,1750
1269,FB_JAN,2026-01-28,4939.13,46772,2278
1270,GOOGLE_SEARCH,2026-01-28,4805.85,34381,2826
1271,INSTA_REEL,2026-01-28,7739.47,21812,2785
1272,REFERRAL,2026-01-28,1205.38,6678,618
1273,FB_JAN,2026-01-29,7591.99,36577,2164
1274,GOOGLE_SEARCH,2026-01-29,13105.8,42547,2056
1275,INSTA_REEL,2026-01-29,10657.78,27517,1955
1276,REFERRAL,2026-01-29,13454.46,43867,2005
1277,FB_JAN,2026-01-30,1497.93,34491,1994
1278,GOOGLE_SEARCH,2026-01-30,11019.1,11661,916
1279,INSTA_REEL,2026-01-30,10932.03,40258,2738
1280,REFERRAL,2026-01-30,1984.98,44412,2683
1281,FB_JAN,2026-01-31,7209.74,20731,919
1282,GOOGLE_SEARCH,2026-01-31,4142.72,9908,2753
1283,INSTA_REEL,2026-01-31,7318.59,34640,1646
1284,REFERRAL,2026-01-31,10519.75,43803,61
1285,FB_JAN,2026-02-01,11774.59,5986,2269
1286,GOOGLE_SEARCH,2026-02-01,14723.18,31453,1383
1287,INSTA_REEL,2026-02-01,11742.47,49494,2146
1288,REFERRAL,2026-02-01,14235.48,29459,868
1289,FB_JAN,2026-02-02,9270.08,6190,1451
1290,GOOGLE_SEARCH,2026-02-02,9625.09,6361,2043
1291,INSTA_REEL,2026-02-02,12066.14,30984,890
1292,REFERRAL,2026-02-02,1853.76,38872,2960
1293,FB_JAN,2026-02-03,1876.64,44318,251
1294,GOOGLE_SEARCH,2026-02-03,3743.39,35870,1253
1295,INSTA_REEL,2026-02-03,12155.62,43484,715
1296,REFERRAL,2026-02-03,12655.74,35287,2641
1297,FB_JAN,2026-02-04,14543.92,17663,2946
1298,GOOGLE_SEARCH,2026-02-04,874.75,21714,1974
1299,INSTA_REEL,2026-02-04,7926.26,4152,2401
1300,REFERRAL,2026-02-04,3099.16,49544,1047
1301,FB_JAN,2026-02-05,11824.99,20597,202
1302,GOOGLE_SEARCH,2026-02-05,11186.1,38065,2785
1303,INSTA_REEL,2026-02-05,8016.84,12226,2691
1304,REFERRAL,2026-02-05,12918.95,27848,632
1305,FB_JAN,2026-02-06,14820.71,31960,76
1306,GOOGLE_SEARCH,2026-02-06,13598.76,41983,2453
1307,INSTA_REEL,2026-02-06,14821.23,11218,1682
1308,REFERRAL,2026-02-06,5681.54,37735,2677
1309,FB_JAN,2026-02-07,9741.22,11789,1557
1310,GOOGLE_SEARCH,2026-02-07,6897.68,27528,1441
1311,INSTA_REEL,2026-02-07,587.31,36545,2848
1312,REFERRAL,2026-02-07,9885.9,27465,2718
1313,FB_JAN,2026-02-08,4248.16,24265,955
1314,GOOGLE_SEARCH,2026-02-08,7707.73,37806,2290
1315,INSTA_REEL,2026-02-08,5459.65,17497,729
1316,REFERRAL,2026-02-08,13669.43,41369,2088
1317,FB_JAN,2026-02-09,7269.86,6853,400
1318,GOOGLE_SEARCH,2026-02-09,13468.43,22321,1786
1319,INSTA_REEL,2026-02-09,9373.54,38032,2105
1320,REFERRAL,2026-02-09,4793.28,20473,1898
1321,FB_JAN,2026-02-10,1193.28,38377,1354
1322,GOOGLE_SEARCH,2026-02-10,2881.27,26208,149
1323,INSTA_REEL,2026-02-10,4446.75,13538,372
1324,REFERRAL,2026-02-10,8427.61,6179,2486
1325,FB_JAN,2026-02-11,14404.07,49016,1670
1326,GOOGLE_SEARCH,2026-02-11,3863.74,6136,2813
1327,INSTA_REEL,2026-02-11,8694.52,16523,137
1328,REFERRAL,2026-02-11,737.13,2182,2260
1329,FB_JAN,2026-02-12,1733.22,42919,2436
1330,GOOGLE_SEARCH,2026-02-12,13917.96,2408,1481
1331,INSTA_REEL,2026-02-12,6493.02,49336,874
1332,REFERRAL,2026-02-12,11436.75,29780,221
1333,FB_JAN,2026-02-13,6941.57,47212,2591
1334,GOOGLE_SEARCH,2026-02-13,7883.97,39939,2312
1335,INSTA_REEL,2026-02-13,7930.35,8035,1341
1336,REFERRAL,2026-02-13,14971.52,22599,1147
1337,FB_JAN,2026-02-14,10047.91,40119,670
1338,GOOGLE_SEARCH,2026-02-14,5905.8,2168,2949
1339,INSTA_REEL,2026-02-14,4665.15,21285,794
1340,REFERRAL,2026-02-14,8742.9,31852,1663
1341,FB_JAN,2026-02-15,702.96,2667,957
1342,GOOGLE_SEARCH,2026-02-15,8182.61,39193,1845
1343,INSTA_REEL,2026-02-15,6569.12,23319,970
1344,REFERRAL,2026-02-15,11012.01,9119,135
1345,FB_JAN,2026-02-16,4264.24,7435,1164
1346,GOOGLE_SEARCH,2026-02-16,1697.66,36338,1230
1347,INSTA_REEL,2026-02-16,5111.56,41812,213
1348,REFERRAL,2026-02-16,1912.01,47907,553
1349,FB_JAN,2026-02-17,4036.88,5154,608
1350,GOOGLE_SEARCH,2026-02-17,5327.52,27890,2050
1351,INSTA_REEL,2026-02-17,12687.66,44303,2465
1352,REFERRAL,2026-02-17,6658.03,49252,1002
1353,FB_JAN,2026-02-18,7207.91,15704,1837
1354,GOOGLE_SEARCH,2026-02-18,8842.16,37902,1496
1355,INSTA_REEL,2026-02-18,2454.88,9520,1385
1356,REFERRAL,2026-02-18,3932.17,10780,2141
1357,FB_JAN,2026-02-19,2739.27,21989,1596
1358,GOOGLE_SEARCH,2026-02-19,7469.78,33348,1128
1359,INSTA_REEL,2026-02-19,1423.43,4274,1177
1360,REFERRAL,2026-02-19,8259.86,14105,1674
1361,FB_JAN,2026-02-20,3344.78,48896,1412
1362,GOOGLE_SEARCH,2026-02-20,13796.34,10432,376
1363,INSTA_REEL,2026-02-20,13805.89,9736,2203
1364,REFERRAL,2026-02-20,8278.65,30329,2424
1365,FB_JAN,2026-02-21,9888.37,40713,2239
1366,GOOGLE_SEARCH,2026-02-21,2376.95,31293,2385
1367,INSTA_REEL,2026-02-21,9976.08,3727,2516
1368,REFERRAL,2026-02-21,2052.76,26356,2205
1369,FB_JAN,2026-02-22,13924.13,2561,1832
1370,GOOGLE_SEARCH,2026-02-22,644.25,20807,2685
1371,INSTA_REEL,2026-02-22,11436.57,10209,1773
1372,REFERRAL,2026-02-22,10425.89,4150,464
1373,FB_JAN,2026-02-23,14762.48,34321,1776
1374,GOOGLE_SEARCH,2026-02-23,12788.09,20610,1701
1375,INSTA_REEL,2026-02-23,1991.64,17579,1756
1376,REFERRAL,2026-02-23,4289.45,38065,2501
1377,FB_JAN,2026-02-24,9100.17,45563,2457
1378,GOOGLE_SEARCH,2026-02-24,6079.66,30890,543
1379,INSTA_REEL,2026-02-24,9630.22,37204,1825
1380,REFERRAL,2026-02-24,1949.22,29645,1354
1381,FB_JAN,2026-02-25,10811.75,41604,431
1382,GOOGLE_SEARCH,2026-02-25,14333.0,33753,1928
1383,INSTA_REEL,2026-02-25,2619.67,37812,1394
1384,REFERRAL,2026-02-25,9618.28,48733,1874
1385,FB_JAN,2026-02-26,10542.94,6265,2085
1386,GOOGLE_SEARCH,2026-02-26,3223.21,36083,1616
1387,INSTA_REEL,2026-02-26,12112.86,17762,1380
1388,REFERRAL,2026-02-26,12864.1,34285,2381
1389,FB_JAN,2026-02-27,7168.53,40639,1283
1390,GOOGLE_SEARCH,2026-02-27,3121.32,39543,505
1391,INSTA_REEL,2026-02-27,5401.66,41398,1452
1392,REFERRAL,2026-02-27,14731.71,23407,1730
1393,FB_JAN,2026-02-28,6257.42,6237,2693
1394,GOOGLE_SEARCH,2026-02-28,8797.39,14894,821
1395,INSTA_REEL,2026-02-28,2115.6,6499,2001
1396,REFERRAL,2026-02-28,9013.69,39626,553
1397,FB_JAN,2026-03-01,2797.03,40077,2199
1398,GOOGLE_SEARCH,2026-03-01,542.53,19895,1729
1399,INSTA_REEL,2026-03-01,4678.92,25434,2269
1400,REFERRAL,2026-03-01,1864.39,22166,2923
1401,FB_JAN,2026-03-02,5172.98,26694,2289
1402,GOOGLE_SEARCH,2026-03-02,1926.06,11429,1775
1403,INSTA_REEL,2026-03-02,4742.47,23851,1905
1404,REFERRAL,2026-03-02,13670.6,45259,1982
1405,FB_JAN,2026-03-03,12647.95,4129,2012
1406,GOOGLE_SEARCH,2026-03-03,12536.0,13097,933
1407,INSTA_REEL,2026-03-03,7427.88,5172,2751
1408,REFERRAL,2026-03-03,2957.93,16044,2538
1409,FB_JAN,2026-03-04,1428.55,48010,737
1410,GOOGLE_SEARCH,2026-03-04,4514.98,27729,2297
1411,INSTA_REEL,2026-03-04,9173.13,20762,2224
1412,REFERRAL,2026-03-04,9631.34,24577,2538
1413,FB_JAN,2026-03-05,10632.47,41524,340
1414,GOOGLE_SEARCH,2026-03-05,12042.74,5174,1130
1415,INSTA_REEL,2026-03-05,2537.5,30979,100
1416,REFERRAL,2026-03-05,11574.3,46291,2587
1417,FB_JAN,2026-03-06,13370.5,28593,2526
1418,GOOGLE_SEARCH,2026-03-06,6112.31,43048,106
1419,INSTA_REEL,2026-03-06,1877.78,21079,1343
1420,REFERRAL,2026-03-06,2984.33,29991,2937
1421,FB_JAN,2026-03-07,3597.71,38939,938
1422,GOOGLE_SEARCH,2026-03-07,10070.59,8004,262
1423,INSTA_REEL,2026-03-07,1317.77,30575,2185
1424,REFERRAL,2026-03-07,13526.82,8278,972
1425,FB_JAN,2026-03-08,10610.74,18325,2993
1426,GOOGLE_SEARCH,2026-03-08,1234.33,8083,1851
1427,INSTA_REEL,2026-03-08,4387.42,11230,1030
1428,REFERRAL,2026-03-08,11883.22,29548,1995
1429,FB_JAN,2026-03-09,8596.25,5890,1282
1430,GOOGLE_SEARCH,2026-03-09,10306.16,8002,2179
1431,INSTA_REEL,2026-03-09,8270.79,31869,542
1432,REFERRAL,2026-03-09,13392.73,11348,903
1433,FB_JAN,2026-03-10,5004.89,32218,834
1434,GOOGLE_SEARCH,2026-03-10,1891.81,1446,1309
1435,INSTA_REEL,2026-03-10,7922.01,33570,590
1436,REFERRAL,2026-03-10,5590.17,34707,1027
1437,FB_JAN,2026-03-11,14956.76,24149,2204
1438,GOOGLE_SEARCH,2026-03-11,6414.5,17339,1909
1439,INSTA_REEL,2026-03-11,2637.05,4543,191
1440,REFERRAL,2026-03-11,2444.04,4196,601
1441,FB_JAN,2026-03-12,11546.09,27887,1955
1442,GOOGLE_SEARCH,2026-03-12,5041.97,1043,933
1443,INSTA_REEL,2026-03-12,14664.04,22091,708
1444,REFERRAL,2026-03-12,4027.06,30577,2493
1445,FB_JAN,2026-03-13,12699.43,7447,2250
1446,GOOGLE_SEARCH,2026-03-13,7573.21,11437,390
1447,INSTA_REEL,2026-03-13,1448.44,27783,1638
1448,REFERRAL,2026-03-13,14095.98,38442,2038
1449,FB_JAN,2026-03-14,9497.78,29135,1290
1450,GOOGLE_SEARCH,2026-03-14,7816.51,22582,393
1451,INSTA_REEL,2026-03-14,5105.53,30079,218
1452,REFERRAL,2026-03-14,7571.84,44545,2664
1453,FB_JAN,2026-03-15,12023.93,37049,2604
1454,GOOGLE_SEARCH,2026-03-15,5612.75,35654,1048
1455,INSTA_REEL,2026-03-15,12715.67,12743,2497
1456,REFERRAL,2026-03-15,7037.49,4120,987
1457,FB_JAN,2026-03-16,11469.02,18258,2691
1458,GOOGLE_SEARCH,2026-03-16,1350.65,29061,1303
1459,INSTA_REEL,2026-03-16,10007.05,34347,2743
1460,REFERRAL,2026-03-16,13797.56,39924,1853
1461,FB_JAN,2026-03-17,7356.27,23834,1561
1462,GOOGLE_SEARCH,2026-03-17,4090.78,18702,1970
1463,INSTA_REEL,2026-03-17,11779.31,2237,2430
1464,REFERRAL,2026-03-17,14709.8,4270,77
1465,FB_JAN,2026-03-18,4982.83,41447,2891
1466,GOOGLE_SEARCH,2026-03-18,1934.18,4692,2647
1467,INSTA_REEL,2026-03-18,5565.21,44503,1383
1468,REFERRAL,2026-03-18,2305.59,17831,2739
1469,FB_JAN,2026-03-19,9068.73,35133,342
1470,GOOGLE_SEARCH,2026-03-19,9391.07,45742,1048
1471,INSTA_REEL,2026-03-19,2557.03,9540,535
1472,REFERRAL,2026-03-19,10188.8,49253,236
1473,FB_JAN,2026-03-20,1276.95,24751,2144
1474,GOOGLE_SEARCH,2026-03-20,7072.42,6882,2247
1475,INSTA_REEL,2026-03-20,13245.38,43062,1036
1476,REFERRAL,2026-03-20,12211.76,31110,2817
1477,FB_JAN,2026-03-21,14558.71,48302,2979
1478,GOOGLE_SEARCH,2026-03-21,12383.67,2030,1647
1479,INSTA_REEL,2026-03-21,11626.89,13799,1598
1480,REFERRAL,2026-03-21,12878.5,12202,2752
1481,FB_JAN,2026-03-22,11899.95,47907,1094
1482,GOOGLE_SEARCH,2026-03-22,4838.57,18483,1907
1483,INSTA_REEL,2026-03-22,6778.78,16571,206
1484,REFERRAL,2026-03-22,9403.38,37733,344
1485,FB_JAN,2026-03-23,6237.48,8075,1320
1486,GOOGLE_SEARCH,2026-03-23,10393.21,32063,2639
1487,INSTA_REEL,2026-03-23,2585.68,28117,484
1488,REFERRAL,2026-03-23,4149.77,40848,2390
1489,FB_JAN,2026-03-24,3532.18,8333,1230
1490,GOOGLE_SEARCH,2026-03-24,9362.96,16533,2189
1491,INSTA_REEL,2026-03-24,694.96,24619,2071
1492,REFERRAL,2026-03-24,13650.14,6299,723
1493,FB_JAN,2026-03-25,7809.93,22619,1790
1494,GOOGLE_SEARCH,2026-03-25,9810.25,28926,1141
1495,INSTA_REEL,2026-03-25,4297.16,49912,1228
1496,REFERRAL,2026-03-25,2415.66,3621,1988
1497,FB_JAN,2026-03-26,4465.58,15097,1791
1498,GOOGLE_SEARCH,2026-03-26,840.2,40343,262
1499,INSTA_REEL,2026-03-26,6003.88,19875,2561
1500,REFERRAL,2026-03-26,546.3,12735,1051
1501,FB_JAN,2026-03-27,8050.7,3453,1265
1502,GOOGLE_SEARCH,2026-03-27,7679.06,2952,2447
1503,INSTA_REEL,2026-03-27,519.86,20390,2514
1504,REFERRAL,2026-03-27,928.14,18114,603
1505,FB_JAN,2026-03-28,6729.3,36323,1275
1506,GOOGLE_SEARCH,2026-03-28,12540.81,45391,63
1507,INSTA_REEL,2026-03-28,8493.82,47170,1339
1508,REFERRAL,2026-03-28,949.07,8758,667
1509,FB_JAN,2026-03-29,5098.35,28404,2809
1510,GOOGLE_SEARCH,2026-03-29,14162.76,13708,119
1511,INSTA_REEL,2026-03-29,895.75,20080,2366
1512,REFERRAL,2026-03-29,8272.56,26207,2056
1513,FB_JAN,2026-03-30,14205.45,34275,884
1514,GOOGLE_SEARCH,2026-03-30,4312.46,49768,1875
1515,INSTA_REEL,2026-03-30,14727.94,16275,2728
1516,REFERRAL,2026-03-30,11671.81,23113,2654
1517,FB_JAN,2026-03-31,6795.47,38709,915
1518,GOOGLE_SEARCH,2026-03-31,10864.29,17672,2205
1519,INSTA_REEL,2026-03-31,1084.45,22773,2215
1520,REFERRAL,2026-03-31,12577.26,36707,1215
1521,FB_JAN,2026-04-01,960.91,31187,1491
1522,GOOGLE_SEARCH,2026-04-01,9461.93,13390,52
1523,INSTA_REEL,2026-04-01,5075.72,29951,2746
1524,REFERRAL,2026-04-01,14994.92,12298,1229
1525,FB_JAN,2026-04-02,7216.7,22870,109
1526,GOOGLE_SEARCH,2026-04-02,1118.32,49595,912
1527,INSTA_REEL,2026-04-02,11490.89,40795,2654
1528,REFERRAL,2026-04-02,14368.41,8243,2818
1529,FB_JAN,2026-04-03,14147.53,24299,1546
1530,GOOGLE_SEARCH,2026-04-03,6309.16,47067,1269
1531,INSTA_REEL,2026-04-03,4290.7,29563,608
1532,REFERRAL,2026-04-03,14897.57,25851,700
1533,FB_JAN,2026-04-04,14685.19,34011,581
1534,GOOGLE_SEARCH,2026-04-04,9271.35,24142,1893
1535,INSTA_REEL,2026-04-04,7564.75,41920,1558
1536,REFERRAL,2026-04-04,1075.94,42819,563
1537,FB_JAN,2026-04-05,11718.95,34757,641
1538,GOOGLE_SEARCH,2026-04-05,12443.28,9999,2252
1539,INSTA_REEL,2026-04-05,4572.21,9553,2381
1540,REFERRAL,2026-04-05,13334.44,43124,2093
1541,FB_JAN,2026-04-06,5722.36,47620,415
1542,GOOGLE_SEARCH,2026-04-06,9687.85,18805,2545
1543,INSTA_REEL,2026-04-06,5931.69,30672,275
1544,REFERRAL,2026-04-06,10842.12,4427,486
1545,FB_JAN,2026-04-07,12721.3,46297,2977
1546,GOOGLE_SEARCH,2026-04-07,14789.68,30142,2301
1547,INSTA_REEL,2026-04-07,14288.02,42930,1787
1548,REFERRAL,2026-04-07,13965.56,18963,1691
1549,FB_JAN,2026-04-08,9663.28,13425,1765
1550,GOOGLE_SEARCH,2026-04-08,11723.07,16567,962
1551,INSTA_REEL,2026-04-08,13805.69,24879,372
1552,REFERRAL,2026-04-08,8839.62,30369,990
1553,FB_JAN,2026-04-09,2021.34,32402,1836
1554,GOOGLE_SEARCH,2026-04-09,7637.72,4017,1241
1555,INSTA_REEL,2026-04-09,3309.84,38852,1423
1556,REFERRAL,2026-04-09,10343.4,45345,1684
1557,FB_JAN,2026-04-10,5975.0,28712,662
1558,GOOGLE_SEARCH,2026-04-10,3981.93,34441,1597
1559,INSTA_REEL,2026-04-10,6286.56,4779,2175
1560,REFERRAL,2026-04-10,1567.01,31516,597
1561,FB_JAN,2026-04-11,12239.86,9432,1185
1562,GOOGLE_SEARCH,2026-04-11,12394.98,37505,624
1563,INSTA_REEL,2026-04-11,2009.2,25365,598
1564,REFERRAL,2026-04-11,14007.3,26452,1857
1565,FB_JAN,2026-04-12,4315.42,25144,2742
1566,GOOGLE_SEARCH,2026-04-12,11827.78,1583,1082
1567,INSTA_REEL,2026-04-12,13109.13,33533,569
1568,REFERRAL,2026-04-12,3128.52,46683,762
1569,FB_JAN,2026-04-13,2776.13,2044,2130
1570,GOOGLE_SEARCH,2026-04-13,4869.48,20192,767
1571,INSTA_REEL,2026-04-13,12467.81,40840,280
1572,REFERRAL,2026-04-13,3765.83,31018,1630
1573,FB_JAN,2026-04-14,8533.57,14943,1358
1574,GOOGLE_SEARCH,2026-04-14,14125.32,5347,192
1575,INSTA_REEL,2026-04-14,2245.34,11052,2094
1576,REFERRAL,2026-04-14,9289.33,6665,923
1577,FB_JAN,2026-04-15,11305.89,11826,2835
1578,GOOGLE_SEARCH,2026-04-15,2935.7,7709,86
1579,INSTA_REEL,2026-04-15,11790.17,11759,1084
1580,REFERRAL,2026-04-15,13711.37,41555,58
1581,FB_JAN,2026-04-16,11371.75,48348,1836
1582,GOOGLE_SEARCH,2026-04-16,880.34,41956,100
1583,INSTA_REEL,2026-04-16,4312.02,20160,2877
1584,REFERRAL,2026-04-16,1858.65,32377,620
1585,FB_JAN,2026-04-17,3934.15,1210,2185
1586,GOOGLE_SEARCH,2026-04-17,13463.41,29302,1198
1587,INSTA_REEL,2026-04-17,2624.28,31253,209
1588,REFERRAL,2026-04-17,702.88,28486,1730
1589,FB_JAN,2026-04-18,8538.77,41180,1479
1590,GOOGLE_SEARCH,2026-04-18,4826.89,25579,231
1591,INSTA_REEL,2026-04-18,9685.18,36762,1691
1592,REFERRAL,2026-04-18,904.71,9955,1201
1593,FB_JAN,2026-04-19,4209.32,49041,2017
1594,GOOGLE_SEARCH,2026-04-19,9442.11,42846,1570
1595,INSTA_REEL,2026-04-19,11035.05,32268,1513
1596,REFERRAL,2026-04-19,8021.15,40081,336
1597,FB_JAN,2026-04-20,11239.3,35945,1016
1598,GOOGLE_SEARCH,2026-04-20,12519.83,43530,239
1599,INSTA_REEL,2026-04-20,12196.28,11802,2818
1600,REFERRAL,2026-04-20,4863.6,31477,1641
1601,FB_JAN,2026-04-21,4384.08,3037,1708
1602,GOOGLE_SEARCH,2026-04-21,1052.8,18280,2263
1603,INSTA_REEL,2026-04-21,13080.04,1353,2657
1604,REFERRAL,2026-04-21,3303.7,17454,555
1605,FB_JAN,2026-04-22,12576.16,46867,396
1606,GOOGLE_SEARCH,2026-04-22,1355.4,7460,1287
1607,INSTA_REEL,2026-04-22,13051.62,44443,939
1608,REFERRAL,2026-04-22,1785.73,27184,2099
1609,FB_JAN,2026-04-23,13648.08,14653,688
1610,GOOGLE_SEARCH,2026-04-23,9177.93,24441,413
1611,INSTA_REEL,2026-04-23,11414.52,32010,1900
1612,REFERRAL,2026-04-23,10664.23,47582,606
1613,FB_JAN,2026-04-24,8044.78,18484,1864
1614,GOOGLE_SEARCH,2026-04-24,3610.97,31147,1621
1615,INSTA_REEL,2026-04-24,8161.11,14056,2379
1616,REFERRAL,2026-04-24,7379.74,25565,2082
1617,FB_JAN,2026-04-25,12451.12,6369,1962
1618,GOOGLE_SEARCH,2026-04-25,3760.54,29143,213
1619,INSTA_REEL,2026-04-25,12826.77,16985,2086
1620,REFERRAL,2026-04-25,4041.25,3088,1579
1621,FB_JAN,2026-04-26,922.45,33091,362
1622,GOOGLE_SEARCH,2026-04-26,7909.38,13215,1155
1623,INSTA_REEL,2026-04-26,13130.01,45516,1292
1624,REFERRAL,2026-04-26,5785.72,6824,1650
1625,FB_JAN,2026-04-27,4621.24,21580,2941
1626,GOOGLE_SEARCH,2026-04-27,1719.62,44532,2271
1627,INSTA_REEL,2026-04-27,9171.95,12049,193
1628,REFERRAL,2026-04-27,5286.49,28819,158
1629,FB_JAN,2026-04-28,2271.43,30521,2631
1630,GOOGLE_SEARCH,2026-04-28,5430.31,42064,2402
1631,INSTA_REEL,2026-04-28,6155.02,48167,1872
1632,REFERRAL,2026-04-28,8410.72,46286,2757
1633,FB_JAN,2026-04-29,6027.44,47423,2298
1634,GOOGLE_SEARCH,2026-04-29,3504.14,36425,2071
1635,INSTA_REEL,2026-04-29,8290.69,16735,744
1636,REFERRAL,2026-04-29,5929.7,4156,894
1637,FB_JAN,2026-04-30,11321.83,38293,1383
1638,GOOGLE_SEARCH,2026-04-30,7541.75,30383,774
1639,INSTA_REEL,2026-04-30,14404.55,28730,2431
1640,REFERRAL,2026-04-30,6979.5,45660,1759
1641,FB_JAN,2026-05-01,7729.45,18451,1717
1642,GOOGLE_SEARCH,2026-05-01,9327.64,5878,1586
1643,INSTA_REEL,2026-05-01,583.04,29549,2860
1644,REFERRAL,2026-05-01,14912.25,22825,1086
1645,FB_JAN,2026-05-02,14931.91,14985,2696
1646,GOOGLE_SEARCH,2026-05-02,965.53,13458,2696
1647,INSTA_REEL,2026-05-02,6507.47,24334,1445
1648,REFERRAL,2026-05-02,6227.1,36363,753
1649,FB_JAN,2026-05-03,5724.13,23225,1205
1650,GOOGLE_SEARCH,2026-05-03,9972.84,23750,2741
1651,INSTA_REEL,2026-05-03,12476.67,32842,2050
1652,REFERRAL,2026-05-03,2074.47,39792,2674
1653,FB_JAN,2026-05-04,11024.48,49162,1567
1654,GOOGLE_SEARCH,2026-05-04,8516.75,3061,1835
1655,INSTA_REEL,2026-05-04,2117.28,10243,1248
1656,REFERRAL,2026-05-04,14304.12,21327,2679
1657,FB_JAN,2026-05-05,5053.23,8649,922
1658,GOOGLE_SEARCH,2026-05-05,6830.1,22517,158
1659,INSTA_REEL,2026-05-05,10272.91,8782,1012
1660,REFERRAL,2026-05-05,3425.18,47282,1069
1661,FB_JAN,2026-05-06,14802.03,6246,1141
1662,GOOGLE_SEARCH,2026-05-06,10555.78,8783,2080
1663,INSTA_REEL,2026-05-06,1633.13,5879,2977
1664,REFERRAL,2026-05-06,12123.85,7471,227
1665,FB_JAN,2026-05-07,1147.67,47995,2873
1666,GOOGLE_SEARCH,2026-05-07,4251.72,26923,1888
1667,INSTA_REEL,2026-05-07,3999.21,6124,1525
1668,REFERRAL,2026-05-07,7038.33,5832,1054
1669,FB_JAN,2026-05-08,6149.06,28292,2676
1670,GOOGLE_SEARCH,2026-05-08,2611.16,39858,296
1671,INSTA_REEL,2026-05-08,2206.68,6249,2134
1672,REFERRAL,2026-05-08,641.08,38575,509
1673,FB_JAN,2026-05-09,11112.47,39192,1020
1674,GOOGLE_SEARCH,2026-05-09,5060.59,30406,213
1675,INSTA_REEL,2026-05-09,14493.0,18894,80
1676,REFERRAL,2026-05-09,2890.3,21905,323
1677,FB_JAN,2026-05-10,13189.08,28257,2597
1678,GOOGLE_SEARCH,2026-05-10,10725.93,41401,1655
1679,INSTA_REEL,2026-05-10,10234.59,18335,1766
1680,REFERRAL,2026-05-10,5573.43,39774,1322
1681,FB_JAN,2026-05-11,6294.23,2838,1802
1682,GOOGLE_SEARCH,2026-05-11,6111.11,4686,1738
1683,INSTA_REEL,2026-05-11,7622.66,45171,464
1684,REFERRAL,2026-05-11,1417.52,21864,2837
1685,FB_JAN,2026-05-12,9163.22,32446,1811
1686,GOOGLE_SEARCH,2026-05-12,7370.81,20167,583
1687,INSTA_REEL,2026-05-12,11866.13,15967,2210
1688,REFERRAL,2026-05-12,5594.52,28119,2247
1689,FB_JAN,2026-05-13,9710.52,27844,1179
1690,GOOGLE_SEARCH,2026-05-13,9989.3,33142,967
1691,INSTA_REEL,2026-05-13,8406.09,16378,1837
1692,REFERRAL,2026-05-13,4818.54,6725,1930
1693,FB_JAN,2026-05-14,4937.01,40194,580
1694,GOOGLE_SEARCH,2026-05-14,2500.77,37016,303
1695,INSTA_REEL,2026-05-14,2200.05,4555,920
1696,REFERRAL,2026-05-14,4102.77,4943,2811
1697,FB_JAN,2026-05-15,6841.69,16991,2716
1698,GOOGLE_SEARCH,2026-05-15,1035.38,32637,147
1699,INSTA_REEL,2026-05-15,6667.08,1633,675
1700,REFERRAL,2026-05-15,9140.85,7263,2071
1701,FB_JAN,2026-05-16,5920.3,25768,742
1702,GOOGLE_SEARCH,2026-05-16,5810.84,25868,2903
1703,INSTA_REEL,2026-05-16,12728.39,25046,327
1704,REFERRAL,2026-05-16,14114.48,25377,2402
1705,FB_JAN,2026-05-17,13589.58,27580,671
1706,GOOGLE_SEARCH,2026-05-17,8214.29,40485,2234
1707,INSTA_REEL,2026-05-17,5191.04,21765,838
1708,REFERRAL,2026-05-17,6390.06,14991,2606
1709,FB_JAN,2026-05-18,8828.53,29655,658
1710,GOOGLE_SEARCH,2026-05-18,7365.02,1902,467
1711,INSTA_REEL,2026-05-18,872.46,14575,921
1712,REFERRAL,2026-05-18,10901.65,47064,2316
1713,FB_JAN,2026-05-19,1087.99,42153,1467
1714,GOOGLE_SEARCH,2026-05-19,620.65,34224,2041
1715,INSTA_REEL,2026-05-19,2351.41,41910,2287
1716,REFERRAL,2026-05-19,1839.32,30865,1836
1717,FB_JAN,2026-05-20,2834.36,3281,380
1718,GOOGLE_SEARCH,2026-05-20,6339.58,36323,738
1719,INSTA_REEL,2026-05-20,14493.3,49042,940
1720,REFERRAL,2026-05-20,13396.52,5877,121
1721,FB_JAN,2026-05-21,9624.48,10217,1539
1722,GOOGLE_SEARCH,2026-05-21,2811.58,10716,2277
1723,INSTA_REEL,2026-05-21,3137.9,16187,2241
1724,REFERRAL,2026-05-21,9917.17,15678,2912
1725,FB_JAN,2026-05-22,10499.19,33146,2263
1726,GOOGLE_SEARCH,2026-05-22,8333.46,45806,2090
1727,INSTA_REEL,2026-05-22,750.96,38962,2341
1728,REFERRAL,2026-05-22,7870.64,12364,2972
1729,FB_JAN,2026-05-23,5680.1,5287,2282
1730,GOOGLE_SEARCH,2026-05-23,5114.76,6519,1185
1731,INSTA_REEL,2026-05-23,5119.0,25834,553
1732,REFERRAL,2026-05-23,6476.09,42789,2445
1733,FB_JAN,2026-05-24,1862.99,11555,2172
1734,GOOGLE_SEARCH,2026-05-24,12559.35,29233,1021
1735,INSTA_REEL,2026-05-24,14502.91,6868,560
1736,REFERRAL,2026-05-24,7933.65,34212,2845
1737,FB_JAN,2026-05-25,13203.85,22104,1131
1738,GOOGLE_SEARCH,2026-05-25,5866.73,30732,759
1739,INSTA_REEL,2026-05-25,14678.88,44778,279
1740,REFERRAL,2026-05-25,7509.76,22203,1961
1741,FB_JAN,2026-05-26,4435.3,6222,1064
1742,GOOGLE_SEARCH,2026-05-26,14323.68,22382,1945
1743,INSTA_REEL,2026-05-26,4523.82,2936,1725
1744,REFERRAL,2026-05-26,11936.84,8339,1930
1745,FB_JAN,2026-05-27,12380.49,33836,552
1746,GOOGLE_SEARCH,2026-05-27,14671.84,45343,2598
1747,INSTA_REEL,2026-05-27,6774.36,16445,2181
1748,REFERRAL,2026-05-27,9870.28,10783,2760
1749,FB_JAN,2026-05-28,14906.64,46890,530
1750,GOOGLE_SEARCH,2026-05-28,11581.0,16230,1636
1751,INSTA_REEL,2026-05-28,3690.98,45829,1380
1752,REFERRAL,2026-05-28,8564.45,13717,789
1753,FB_JAN,2026-05-29,5154.92,11452,2049
1754,GOOGLE_SEARCH,2026-05-29,8784.97,38916,726
1755,INSTA_REEL,2026-05-29,14387.42,36415,2222
1756,REFERRAL,2026-05-29,8681.72,14946,1611
1757,FB_JAN,2026-05-30,995.44,7810,2556
1758,GOOGLE_SEARCH,2026-05-30,6509.61,2754,1351
1759,INSTA_REEL,2026-05-30,11109.23,34498,562
1760,REFERRAL,2026-05-30,6407.24,28575,727
1761,FB_JAN,2026-05-31,5255.68,24773,584
1762,GOOGLE_SEARCH,2026-05-31,7137.22,27020,996
1763,INSTA_REEL,2026-05-31,6668.62,34358,1433
1764,REFERRAL,2026-05-31,4953.72,19292,884
1765,FB_JAN,2026-06-01,1356.42,27487,171
1766,GOOGLE_SEARCH,2026-06-01,9300.4,27673,1224
1767,INSTA_REEL,2026-06-01,4271.3,3907,2721
1768,REFERRAL,2026-06-01,2453.25,32210,2253
1769,FB_JAN,2026-06-02,669.77,5546,2491
1770,GOOGLE_SEARCH,2026-06-02,9221.0,17896,1303
1771,INSTA_REEL,2026-06-02,11119.51,31659,2168
1772,REFERRAL,2026-06-02,11910.09,17911,1649
1773,FB_JAN,2026-06-03,7016.11,49411,1987
1774,GOOGLE_SEARCH,2026-06-03,8915.13,39094,959
1775,INSTA_REEL,2026-06-03,14993.86,34810,911
1776,REFERRAL,2026-06-03,11677.23,4238,978
1777,FB_JAN,2026-06-04,7629.81,4085,712
1778,GOOGLE_SEARCH,2026-06-04,10523.16,43777,1891
1779,INSTA_REEL,2026-06-04,9319.8,32592,2461
1780,REFERRAL,2026-06-04,2746.91,20394,192
1781,FB_JAN,2026-06-05,2074.71,42630,630
1782,GOOGLE_SEARCH,2026-06-05,12230.15,32484,900
1783,INSTA_REEL,2026-06-05,11469.64,1127,2552
1784,REFERRAL,2026-06-05,3369.48,17188,2096
1785,FB_JAN,2026-06-06,8071.72,10613,1121
1786,GOOGLE_SEARCH,2026-06-06,4637.29,7524,1323
1787,INSTA_REEL,2026-06-06,2958.87,45846,2950
1788,REFERRAL,2026-06-06,4865.14,46761,1127
1789,FB_JAN,2026-06-07,7884.35,42807,2024
1790,GOOGLE_SEARCH,2026-06-07,1452.36,38606,1885
1791,INSTA_REEL,2026-06-07,4046.14,17893,1383
1792,REFERRAL,2026-06-07,7882.5,30378,896
1793,FB_JAN,2026-06-08,12975.05,26264,1655
1794,GOOGLE_SEARCH,2026-06-08,11896.36,10452,2034
1795,INSTA_REEL,2026-06-08,14825.35,49876,984
1796,REFERRAL,2026-06-08,2574.7,21220,1366
1797,FB_JAN,2026-06-09,2010.09,17469,2133
1798,GOOGLE_SEARCH,2026-06-09,5238.73,9656,763
1799,INSTA_REEL,2026-06-09,8944.57,27521,1595
1800,REFERRAL,2026-06-09,3142.84,17414,1387
1801,FB_JAN,2026-06-10,10895.29,22759,772
1802,GOOGLE_SEARCH,2026-06-10,1247.12,5684,965
1803,INSTA_REEL,2026-06-10,3076.14,26669,2013
1804,REFERRAL,2026-06-10,7142.53,45658,483
1805,FB_JAN,2026-06-11,5963.33,39449,901
1806,GOOGLE_SEARCH,2026-06-11,11727.7,14738,2440
1807,INSTA_REEL,2026-06-11,10257.71,49205,419
1808,REFERRAL,2026-06-11,14347.5,5941,430
1809,FB_JAN,2026-06-12,6537.05,12702,1115
1810,GOOGLE_SEARCH,2026-06-12,4308.41,40131,80
1811,INSTA_REEL,2026-06-12,8261.96,22991,1310
1812,REFERRAL,2026-06-12,12224.19,42769,1483
1813,FB_JAN,2026-06-13,5628.1,46098,1359
1814,GOOGLE_SEARCH,2026-06-13,760.48,8571,551
1815,INSTA_REEL,2026-06-13,13829.46,19843,493
1816,REFERRAL,2026-06-13,1123.46,34003,1839
1817,FB_JAN,2026-06-14,12718.02,25967,2055
1818,GOOGLE_SEARCH,2026-06-14,5414.82,35591,157
1819,INSTA_REEL,2026-06-14,5401.68,15360,1441
1820,REFERRAL,2026-06-14,7257.12,1531,549
1821,FB_JAN,2026-06-15,13769.68,15828,1094
1822,GOOGLE_SEARCH,2026-06-15,7865.49,27429,2060
1823,INSTA_REEL,2026-06-15,6561.14,19222,1627
1824,REFERRAL,2026-06-15,10943.93,8887,2091
1825,FB_JAN,2026-06-16,2357.82,6126,554
1826,GOOGLE_SEARCH,2026-06-16,11663.7,31961,1058
1827,INSTA_REEL,2026-06-16,3701.51,9546,1655
1828,REFERRAL,2026-06-16,5742.2,20062,2747
1829,FB_JAN,2026-06-17,13016.09,43792,1590
1830,GOOGLE_SEARCH,2026-06-17,4617.67,26847,1815
1831,INSTA_REEL,2026-06-17,7607.06,45745,914
1832,REFERRAL,2026-06-17,9358.9,44765,2277
1833,FB_JAN,2026-06-18,709.35,1028,2718
1834,GOOGLE_SEARCH,2026-06-18,11423.16,17539,1744
1835,INSTA_REEL,2026-06-18,2794.36,46597,1525
1836,REFERRAL,2026-06-18,9745.35,19741,647
1837,FB_JAN,2026-06-19,1052.82,14299,2109
1838,GOOGLE_SEARCH,2026-06-19,6646.18,5899,191
1839,INSTA_REEL,2026-06-19,14552.22,5740,924
1840,REFERRAL,2026-06-19,13553.11,29984,2652
1841,FB_JAN,2026-06-20,7645.2,15936,1029
1842,GOOGLE_SEARCH,2026-06-20,633.29,13107,1637
1843,INSTA_REEL,2026-06-20,7443.77,26780,2460
1844,REFERRAL,2026-06-20,7447.07,22014,833
1845,FB_JAN,2026-06-21,5289.49,13648,263
1846,GOOGLE_SEARCH,2026-06-21,12586.23,48683,2804
1847,INSTA_REEL,2026-06-21,12559.32,9230,1055
1848,REFERRAL,2026-06-21,2438.02,25763,2261
1849,FB_JAN,2026-06-22,1372.19,2998,338
1850,GOOGLE_SEARCH,2026-06-22,12178.51,42618,888
1851,INSTA_REEL,2026-06-22,3254.53,45827,1936
1852,REFERRAL,2026-06-22,13249.97,42165,1855
1853,FB_JAN,2026-06-23,5490.2,45894,1900
1854,GOOGLE_SEARCH,2026-06-23,3312.6,11247,639
1855,INSTA_REEL,2026-06-23,6524.97,34359,1783
1856,REFERRAL,2026-06-23,11849.04,10777,1632
1857,FB_JAN,2026-06-24,9466.0,36848,788
1858,GOOGLE_SEARCH,2026-06-24,14147.74,39287,2596
1859,INSTA_REEL,2026-06-24,1411.16,49283,2510
1860,REFERRAL,2026-06-24,9828.33,49160,2005
1861,FB_JAN,2026-06-25,14805.84,24394,1599
1862,GOOGLE_SEARCH,2026-06-25,13231.34,1531,1635
1863,INSTA_REEL,2026-06-25,10149.83,20322,808
1864,REFERRAL,2026-06-25,14200.59,26235,2637
1865,FB_JAN,2026-06-26,13788.71,32176,965
1866,GOOGLE_SEARCH,2026-06-26,11259.44,24078,2387
1867,INSTA_REEL,2026-06-26,794.98,8342,2627
1868,REFERRAL,2026-06-26,3480.7,46524,2511
1869,FB_JAN,2026-06-27,7899.53,20888,1273
1870,GOOGLE_SEARCH,2026-06-27,793.79,17528,889
1871,INSTA_REEL,2026-06-27,10788.0,45477,2854
1872,REFERRAL,2026-06-27,11761.27,36065,1141
1873,FB_JAN,2026-06-28,6937.48,43669,1488
1874,GOOGLE_SEARCH,2026-06-28,9893.66,4038,1607
1875,INSTA_REEL,2026-06-28,4798.04,17949,76
1876,REFERRAL,2026-06-28,4764.28,4358,2981
1877,FB_JAN,2026-06-29,9209.01,31018,2200
1878,GOOGLE_SEARCH,2026-06-29,9452.97,18754,2386
1879,INSTA_REEL,2026-06-29,8141.9,6516,197
1880,REFERRAL,2026-06-29,2692.22,23603,1478
1881,FB_JAN,2026-06-30,12639.64,38917,527
1882,GOOGLE_SEARCH,2026-06-30,10548.62,37865,964
1883,INSTA_REEL,2026-06-30,8711.6,43292,1882
1884,REFERRAL,2026-06-30,7866.12,5039,169
1885,FB_JAN,2026-07-01,11750.57,20272,2367
1886,GOOGLE_SEARCH,2026-07-01,3244.55,11361,2087
1887,INSTA_REEL,2026-07-01,11729.64,20228,582
1888,REFERRAL,2026-07-01,12640.14,23819,2228
1889,FB_JAN,2026-07-02,12592.63,27416,90
1890,GOOGLE_SEARCH,2026-07-02,8285.36,40345,1087
1891,INSTA_REEL,2026-07-02,6586.07,32553,1753
1892,REFERRAL,2026-07-02,8994.25,26824,2908
1893,FB_JAN,2026-07-03,7157.88,34752,1270
1894,GOOGLE_SEARCH,2026-07-03,2559.16,7441,2061
1895,INSTA_REEL,2026-07-03,4666.45,43007,258
1896,REFERRAL,2026-07-03,1912.17,29905,943
1897,FB_JAN,2026-07-04,10573.71,25449,1977
1898,GOOGLE_SEARCH,2026-07-04,8016.32,8081,293
1899,INSTA_REEL,2026-07-04,7879.1,2515,278
1900,REFERRAL,2026-07-04,3399.29,27939,1723
1901,FB_JAN,2026-07-05,1510.41,9064,2136
1902,GOOGLE_SEARCH,2026-07-05,14649.61,13539,1848
1903,INSTA_REEL,2026-07-05,5949.99,47452,301
1904,REFERRAL,2026-07-05,3677.08,41267,2800
1905,FB_JAN,2026-07-06,8286.46,22275,1192
1906,GOOGLE_SEARCH,2026-07-06,2719.59,28138,191
1907,INSTA_REEL,2026-07-06,1054.55,12426,1359
1908,REFERRAL,2026-07-06,10949.1,41542,171
1909,FB_JAN,2026-07-07,8492.95,13326,1357
1910,GOOGLE_SEARCH,2026-07-07,13686.42,2666,426
1911,INSTA_REEL,2026-07-07,1355.03,11096,1847
1912,REFERRAL,2026-07-07,9162.22,48267,2054
1913,FB_JAN,2026-07-08,6189.17,35245,2218
1914,GOOGLE_SEARCH,2026-07-08,3513.79,31472,2714
1915,INSTA_REEL,2026-07-08,4332.67,21803,355
1916,REFERRAL,2026-07-08,11325.26,43000,2897
1917,FB_JAN,2026-07-09,8773.95,28882,1227
1918,GOOGLE_SEARCH,2026-07-09,6837.43,33447,412
1919,INSTA_REEL,2026-07-09,4400.62,1390,2998
1920,REFERRAL,2026-07-09,13005.24,29813,2053
1921,FB_JAN,2026-07-10,2403.82,42062,1887
1922,GOOGLE_SEARCH,2026-07-10,10325.77,16442,1058
1923,INSTA_REEL,2026-07-10,10676.58,12313,925
1924,REFERRAL,2026-07-10,13316.97,4496,1538
1925,FB_JAN,2026-07-11,5621.8,2843,1919
1926,GOOGLE_SEARCH,2026-07-11,9808.76,39027,1318
1927,INSTA_REEL,2026-07-11,9101.43,20057,706
1928,REFERRAL,2026-07-11,1570.41,41557,2504
1929,FB_JAN,2026-07-12,10838.09,40551,2176
1930,GOOGLE_SEARCH,2026-07-12,9859.03,46472,1470
1931,INSTA_REEL,2026-07-12,9060.24,42442,1194
1932,REFERRAL,2026-07-12,1242.12,20148,163
1933,FB_JAN,2026-07-13,8011.58,18276,1560
1934,GOOGLE_SEARCH,2026-07-13,5588.66,30022,1804
1935,INSTA_REEL,2026-07-13,2623.53,14772,2674
1936,REFERRAL,2026-07-13,10510.86,40802,815
1937,FB_JAN,2026-07-14,12184.25,4229,1884
1938,GOOGLE_SEARCH,2026-07-14,9461.31,45404,2808
1939,INSTA_REEL,2026-07-14,7839.63,10921,1321
1940,REFERRAL,2026-07-14,9673.61,22734,2419
1941,FB_JAN,2026-07-15,12762.94,18019,2484
1942,GOOGLE_SEARCH,2026-07-15,1049.94,37102,1760
1943,INSTA_REEL,2026-07-15,14244.43,31010,2562
1944,REFERRAL,2026-07-15,8530.86,16120,2083
1945,FB_JAN,2026-07-16,5638.01,30502,686
1946,GOOGLE_SEARCH,2026-07-16,3083.7,9765,1172
1947,INSTA_REEL,2026-07-16,614.37,36558,744
1948,REFERRAL,2026-07-16,6662.05,9357,2422
1949,FB_JAN,2026-07-17,8086.84,21892,2609
1950,GOOGLE_SEARCH,2026-07-17,10497.4,42068,2968
1951,INSTA_REEL,2026-07-17,10410.89,32950,1133
1952,REFERRAL,2026-07-17,6013.85,21483,581
1953,FB_JAN,2026-07-18,8621.66,36537,1307
1954,GOOGLE_SEARCH,2026-07-18,6413.25,18965,647
1955,INSTA_REEL,2026-07-18,13827.64,38773,1540
1956,REFERRAL,2026-07-18,6343.37,25953,731
1957,FB_JAN,2026-07-19,13814.74,17222,453
1958,GOOGLE_SEARCH,2026-07-19,12681.74,9104,291
1959,INSTA_REEL,2026-07-19,8885.8,30556,2587
1960,REFERRAL,2026-07-19,5927.21,19350,218
1961,FB_JAN,2026-07-20,11638.92,25390,2310
1962,GOOGLE_SEARCH,2026-07-20,2148.37,18906,1987
1963,INSTA_REEL,2026-07-20,8691.33,37277,1393
1964,REFERRAL,2026-07-20,9859.23,12844,1794
1965,FB_JAN,2026-07-21,1476.12,22381,206
1966,GOOGLE_SEARCH,2026-07-21,2875.55,43570,412
1967,INSTA_REEL,2026-07-21,7775.25,17796,1277
1968,REFERRAL,2026-07-21,14329.9,27815,1494
1969,FB_JAN,2026-07-22,6599.0,16433,2754
1970,GOOGLE_SEARCH,2026-07-22,4759.76,14937,761
1971,INSTA_REEL,2026-07-22,10669.23,33902,634
1972,REFERRAL,2026-07-22,4212.14,15007,826
1973,FB_JAN,2026-07-23,5981.22,31790,1386
1974,GOOGLE_SEARCH,2026-07-23,11562.96,48178,1492
1975,INSTA_REEL,2026-07-23,8854.58,38877,2175
1976,REFERRAL,2026-07-23,9823.49,17050,469
1977,FB_JAN,2026-07-24,11569.79,26956,2990
1978,GOOGLE_SEARCH,2026-07-24,9744.78,39757,2945
1979,INSTA_REEL,2026-07-24,7127.86,10063,371
1980,REFERRAL,2026-07-24,10788.68,20196,1906
1981,FB_JAN,2026-07-25,9424.01,28943,2945
1982,GOOGLE_SEARCH,2026-07-25,11680.1,13937,1027
1983,INSTA_REEL,2026-07-25,2781.98,17434,946
1984,REFERRAL,2026-07-25,11211.06,3529,583
1985,FB_JAN,2026-07-26,8906.02,3285,1488
1986,GOOGLE_SEARCH,2026-07-26,1202.75,25371,1932
1987,INSTA_REEL,2026-07-26,10135.39,5157,784
1988,REFERRAL,2026-07-26,14856.53,46263,2132
1989,FB_JAN,2026-07-27,11642.84,12079,369
1990,GOOGLE_SEARCH,2026-07-27,3579.31,2667,1601
1991,INSTA_REEL,2026-07-27,9993.97,41162,2787
1992,REFERRAL,2026-07-27,3641.84,1514,1168
1993,FB_JAN,2026-07-28,4482.99,23722,543
1994,GOOGLE_SEARCH,2026-07-28,8682.27,5662,2625
1995,INSTA_REEL,2026-07-28,10425.99,22734,2399
1996,REFERRAL,2026-07-28,4665.36,43411,121
1997,FB_JAN,2026-07-29,14565.14,15587,2858
1998,GOOGLE_SEARCH,2026-07-29,1918.79,4876,1782
1999,INSTA_REEL,2026-07-29,4062.57,27250,1731
2000,REFERRAL,2026-07-29,631.27,26299,191
2001,FB_JAN,2026-07-30,7146.08,1985,1702
2002,GOOGLE_SEARCH,2026-07-30,2093.5,3447,344
2003,INSTA_REEL,2026-07-30,6899.77,17413,788
2004,REFERRAL,2026-07-30,13921.64,20114,270
2005,FB_JAN,2026-07-31,9415.67,6352,1476
2006,GOOGLE_SEARCH,2026-07-31,12623.56,48383,625
2007,INSTA_REEL,2026-07-31,4160.86,12256,1433
2008,REFERRAL,2026-07-31,8368.59,10496,907
2009,FB_JAN,2026-08-01,4450.79,30514,1306
2010,GOOGLE_SEARCH,2026-08-01,5118.39,29030,1518
2011,INSTA_REEL,2026-08-01,7300.29,41622,2897
2012,REFERRAL,2026-08-01,5706.01,37227,544
2013,FB_JAN,2026-08-02,2087.51,9605,931
2014,GOOGLE_SEARCH,2026-08-02,1098.39,49129,865
2015,INSTA_REEL,2026-08-02,2895.93,12735,2679
2016,REFERRAL,2026-08-02,2863.07,24414,231
2017,FB_JAN,2026-08-03,14836.79,28413,558
2018,GOOGLE_SEARCH,2026-08-03,13109.96,48032,1719
2019,INSTA_REEL,2026-08-03,14126.18,12496,2917
2020,REFERRAL,2026-08-03,14916.96,43815,1713
2021,FB_JAN,2026-08-04,1452.36,22057,2255
2022,GOOGLE_SEARCH,2026-08-04,13555.87,37390,565
2023,INSTA_REEL,2026-08-04,14283.97,13387,1098
2024,REFERRAL,2026-08-04,14882.87,1580,220
2025,FB_JAN,2026-08-05,12020.92,24438,511
2026,GOOGLE_SEARCH,2026-08-05,2776.21,6257,73
2027,INSTA_REEL,2026-08-05,3444.62,25147,2346
2028,REFERRAL,2026-08-05,5528.91,26073,2522
2029,FB_JAN,2026-08-06,9181.49,42156,1642
2030,GOOGLE_SEARCH,2026-08-06,5787.97,33533,185
2031,INSTA_REEL,2026-08-06,7581.28,16132,2576
2032,REFERRAL,2026-08-06,7515.02,4688,1040
2033,FB_JAN,2026-08-07,6314.26,3926,746
2034,GOOGLE_SEARCH,2026-08-07,10490.68,44593,2581
2035,INSTA_REEL,2026-08-07,6882.62,9162,2374
2036,REFERRAL,2026-08-07,10003.41,34854,2276
2037,FB_JAN,2026-08-08,2518.21,40319,1658
2038,GOOGLE_SEARCH,2026-08-08,11361.52,25650,1433
2039,INSTA_REEL,2026-08-08,808.32,31066,1787
2040,REFERRAL,2026-08-08,9910.93,10217,374
2041,FB_JAN,2026-08-09,4931.17,42319,370
2042,GOOGLE_SEARCH,2026-08-09,13362.22,42925,498
2043,INSTA_REEL,2026-08-09,11717.67,11911,92
2044,REFERRAL,2026-08-09,2236.58,16309,2678
2045,FB_JAN,2026-08-10,7210.42,16454,2734
2046,GOOGLE_SEARCH,2026-08-10,10665.44,17447,274
2047,INSTA_REEL,2026-08-10,8510.88,28802,2126
2048,REFERRAL,2026-08-10,1908.34,8896,2551
2049,FB_JAN,2026-08-11,5088.1,28791,1794
2050,GOOGLE_SEARCH,2026-08-11,8622.34,5608,713
2051,INSTA_REEL,2026-08-11,1560.11,17613,483
2052,REFERRAL,2026-08-11,1746.14,38119,149
2053,FB_JAN,2026-08-12,1268.0,11249,98
2054,GOOGLE_SEARCH,2026-08-12,12079.37,43796,1853
2055,INSTA_REEL,2026-08-12,4616.41,15646,1150
2056,REFERRAL,2026-08-12,2684.83,16951,645
2057,FB_JAN,2026-08-13,4305.98,12583,2584
2058,GOOGLE_SEARCH,2026-08-13,10441.14,40524,1008
2059,INSTA_REEL,2026-08-13,6207.62,41328,1217
2060,REFERRAL,2026-08-13,12035.32,14973,447
2061,FB_JAN,2026-08-14,14468.61,42520,361
2062,GOOGLE_SEARCH,2026-08-14,6500.68,16732,2871
2063,INSTA_REEL,2026-08-14,2198.11,34573,842
2064,REFERRAL,2026-08-14,11917.13,26326,1875
2065,FB_JAN,2026-08-15,9669.52,41996,2029
2066,GOOGLE_SEARCH,2026-08-15,12105.21,5835,1676
2067,INSTA_REEL,2026-08-15,11878.32,46090,1662
2068,REFERRAL,2026-08-15,13165.52,29488,1724
2069,FB_JAN,2026-08-16,6046.65,41243,1726
2070,GOOGLE_SEARCH,2026-08-16,713.89,21149,1422
2071,INSTA_REEL,2026-08-16,9876.41,13434,1404
2072,REFERRAL,2026-08-16,8306.41,1487,665
2073,FB_JAN,2026-08-17,2044.65,48261,276
2074,GOOGLE_SEARCH,2026-08-17,6377.88,20429,2477
2075,INSTA_REEL,2026-08-17,9875.96,49234,2495
2076,REFERRAL,2026-08-17,3958.61,44474,1350
2077,FB_JAN,2026-08-18,2083.29,4042,932
2078,GOOGLE_SEARCH,2026-08-18,12255.71,29215,1826
2079,INSTA_REEL,2026-08-18,14413.85,24248,1943
2080,REFERRAL,2026-08-18,7984.35,2139,1530
2081,FB_JAN,2026-08-19,12865.6,30081,2023
2082,GOOGLE_SEARCH,2026-08-19,4236.73,12811,1548
2083,INSTA_REEL,2026-08-19,8432.46,5089,1985
2084,REFERRAL,2026-08-19,6978.94,20424,258
2085,FB_JAN,2026-08-20,1532.68,9783,2653
2086,GOOGLE_SEARCH,2026-08-20,3943.19,4124,1434
2087,INSTA_REEL,2026-08-20,9460.13,29927,2343
2088,REFERRAL,2026-08-20,1521.91,34774,2737
2089,FB_JAN,2026-08-21,6559.83,6674,451
2090,GOOGLE_SEARCH,2026-08-21,8923.78,20288,383
2091,INSTA_REEL,2026-08-21,9261.06,41945,2393
2092,REFERRAL,2026-08-21,14403.73,46602,457
2093,FB_JAN,2026-08-22,4870.01,26209,1889
2094,GOOGLE_SEARCH,2026-08-22,9056.54,44372,536
2095,INSTA_REEL,2026-08-22,10806.04,40931,2206
2096,REFERRAL,2026-08-22,2209.43,33218,429
2097,FB_JAN,2026-08-23,2822.71,48973,2976
2098,GOOGLE_SEARCH,2026-08-23,5915.84,38919,2123
2099,INSTA_REEL,2026-08-23,4312.12,36898,1451
2100,REFERRAL,2026-08-23,13632.46,9807,1990
2101,FB_JAN,2026-08-24,3333.91,40476,1743
2102,GOOGLE_SEARCH,2026-08-24,8435.79,16257,720
2103,INSTA_REEL,2026-08-24,4678.42,35154,401
2104,REFERRAL,2026-08-24,9324.94,47617,2064
2105,FB_JAN,2026-08-25,13953.43,14504,186
2106,GOOGLE_SEARCH,2026-08-25,3550.96,35992,640
2107,INSTA_REEL,2026-08-25,1233.47,36986,2987
2108,REFERRAL,2026-08-25,10399.49,23865,2038
2109,FB_JAN,2026-08-26,11921.7,8286,216
2110,GOOGLE_SEARCH,2026-08-26,9859.83,37597,1383
2111,INSTA_REEL,2026-08-26,8519.59,13616,1358
2112,REFERRAL,2026-08-26,14130.52,9527,1098
2113,FB_JAN,2026-08-27,9611.81,4930,1484
2114,GOOGLE_SEARCH,2026-08-27,3894.83,47759,2325
2115,INSTA_REEL,2026-08-27,6112.98,6258,665
2116,REFERRAL,2026-08-27,8512.17,18569,1541
2117,FB_JAN,2026-08-28,1958.17,9737,2125
2118,GOOGLE_SEARCH,2026-08-28,11125.51,16898,1031
2119,INSTA_REEL,2026-08-28,1571.43,24544,1348
2120,REFERRAL,2026-08-28,11673.67,1825,1450
2121,FB_JAN,2026-08-29,2031.02,8001,805
2122,GOOGLE_SEARCH,2026-08-29,3446.29,40107,491
2123,INSTA_REEL,2026-08-29,6335.05,32780,127
2124,REFERRAL,2026-08-29,6601.47,49967,2067
2125,FB_JAN,2026-08-30,12308.5,36283,1333
2126,GOOGLE_SEARCH,2026-08-30,10267.46,35153,2820
2127,INSTA_REEL,2026-08-30,10942.23,31597,1772
2128,REFERRAL,2026-08-30,9491.39,1127,170
2129,FB_JAN,2026-08-31,9533.83,27925,1086
2130,GOOGLE_SEARCH,2026-08-31,2559.9,1712,691
2131,INSTA_REEL,2026-08-31,2502.21,9182,1407
2132,REFERRAL,2026-08-31,13598.74,20351,2856
2133,FB_JAN,2026-09-01,12128.32,27840,995
2134,GOOGLE_SEARCH,2026-09-01,5995.27,11776,546
2135,INSTA_REEL,2026-09-01,14674.56,19950,349
2136,REFERRAL,2026-09-01,2258.12,41761,259
2137,FB_JAN,2026-09-02,5694.56,11375,1002
2138,GOOGLE_SEARCH,2026-09-02,9272.52,18961,2343
2139,INSTA_REEL,2026-09-02,3075.26,14531,710
2140,REFERRAL,2026-09-02,1113.41,35466,2014
2141,FB_JAN,2026-09-03,7897.78,13671,2592
2142,GOOGLE_SEARCH,2026-09-03,10516.98,5669,486
2143,INSTA_REEL,2026-09-03,5443.44,25268,1545
2144,REFERRAL,2026-09-03,11731.95,44636,1746
2145,FB_JAN,2026-09-04,3847.47,18531,1587
2146,GOOGLE_SEARCH,2026-09-04,2972.4,22200,1938
2147,INSTA_REEL,2026-09-04,3020.26,14071,1849
2148,REFERRAL,2026-09-04,996.35,29430,2986
2149,FB_JAN,2026-09-05,3625.17,49426,1787
2150,GOOGLE_SEARCH,2026-09-05,1555.77,40130,697
2151,INSTA_REEL,2026-09-05,9765.28,3077,2372
2152,REFERRAL,2026-09-05,11037.86,29469,2505
2153,FB_JAN,2026-09-06,9620.82,16762,2217
2154,GOOGLE_SEARCH,2026-09-06,13725.16,18035,2655
2155,INSTA_REEL,2026-09-06,4392.27,9027,68
2156,REFERRAL,2026-09-06,3905.03,13311,2956
2157,FB_JAN,2026-09-07,9724.84,5562,1224
2158,GOOGLE_SEARCH,2026-09-07,11414.11,31246,2062
2159,INSTA_REEL,2026-09-07,2875.36,35329,1920
2160,REFERRAL,2026-09-07,2281.44,31411,1410
2161,FB_JAN,2026-09-08,5570.34,17088,104
2162,GOOGLE_SEARCH,2026-09-08,11317.11,9459,2520
2163,INSTA_REEL,2026-09-08,4162.15,31550,2537
2164,REFERRAL,2026-09-08,12798.86,27126,1632
2165,FB_JAN,2025-03-17,8059.36,30976,2841
2166,GOOGLE_SEARCH,2025-03-17,4533.04,19876,1182
2167,INSTA_REEL,2025-03-17,14791.7,22232,180
2168,REFERRAL,2025-03-17,12426.82,36335,1195
2169,FB_JAN,2025-03-18,11820.4,28819,1635
2170,GOOGLE_SEARCH,2025-03-18,13381.32,4120,2500
2171,INSTA_REEL,2025-03-18,4781.27,29099,2072
2172,REFERRAL,2025-03-18,1009.88,33355,573
2173,FB_JAN,2025-03-19,8239.33,15692,1462
2174,GOOGLE_SEARCH,2025-03-19,11536.86,5374,2056
2175,INSTA_REEL,2025-03-19,6242.35,22969,1640
2176,REFERRAL,2025-03-19,12633.65,43750,975
2177,FB_JAN,2025-03-20,3933.24,25685,388
2178,GOOGLE_SEARCH,2025-03-20,3611.72,45137,2358
2179,INSTA_REEL,2025-03-20,2542.57,46686,2444
2180,REFERRAL,2025-03-20,2249.42,40091,1940
2181,FB_JAN,2025-03-21,6151.22,42680,1684
2182,GOOGLE_SEARCH,2025-03-21,4113.43,17912,1596
2183,INSTA_REEL,2025-03-21,7798.08,16902,1006
2184,REFERRAL,2025-03-21,8962.54,29062,2929
2185,FB_JAN,2025-03-22,5609.95,47172,1691
2186,GOOGLE_SEARCH,2025-03-22,5334.5,9763,348
2187,INSTA_REEL,2025-03-22,6918.97,12193,2490
2188,REFERRAL,2025-03-22,12796.97,25569,1439
2189,FB_JAN,2025-03-23,12535.21,31440,454
2190,GOOGLE_SEARCH,2025-03-23,1665.05,40330,723
2191,INSTA_REEL,2025-03-23,6481.91,14155,1652
2192,REFERRAL,2025-03-23,6263.86,25938,2327
2193,FB_JAN,2025-03-24,6420.06,16102,1235
2194,GOOGLE_SEARCH,2025-03-24,9274.52,7018,2228
2195,INSTA_REEL,2025-03-24,7411.78,1338,1281
2196,REFERRAL,2025-03-24,7033.87,46184,377
2197,FB_JAN,2025-03-25,4274.47,4489,2774
2198,GOOGLE_SEARCH,2025-03-25,8815.54,34276,2364
2199,INSTA_REEL,2025-03-25,2884.85,40958,2517
2200,REFERRAL,2025-03-25,12826.22,16548,81
2201,FB_JAN,2025-03-26,14258.82,7963,2830
2202,GOOGLE_SEARCH,2025-03-26,13527.17,49163,1071
2203,INSTA_REEL,2025-03-26,10687.03,25225,2780
2204,REFERRAL,2025-03-26,9809.41,37801,1766
2205,FB_JAN,2025-03-27,11606.28,21313,443
2206,GOOGLE_SEARCH,2025-03-27,12193.66,48168,1599
2207,INSTA_REEL,2025-03-27,6558.65,1107,2356
2208,REFERRAL,2025-03-27,5111.42,11665,1763
2209,FB_JAN,2025-03-28,14780.99,15977,2684
2210,GOOGLE_SEARCH,2025-03-28,717.55,46371,1879
2211,INSTA_REEL,2025-03-28,8995.76,33987,2922
2212,REFERRAL,2025-03-28,3767.11,27697,1453
2213,FB_JAN,2025-03-29,5446.77,30538,2702
2214,GOOGLE_SEARCH,2025-03-29,6193.28,40442,612
2215,INSTA_REEL,2025-03-29,1963.72,31794,1575
2216,REFERRAL,2025-03-29,7023.5,13818,2351
2217,FB_JAN,2025-03-30,11640.01,9511,1742
2218,GOOGLE_SEARCH,2025-03-30,11120.46,21763,1846
2219,INSTA_REEL,2025-03-30,14761.12,21328,905
2220,REFERRAL,2025-03-30,2629.99,37890,1435
2221,FB_JAN,2025-03-31,2418.05,49613,1935
2222,GOOGLE_SEARCH,2025-03-31,9138.75,24337,610
2223,INSTA_REEL,2025-03-31,12294.0,12453,158
2224,REFERRAL,2025-03-31,1854.24,16519,2007
2225,FB_JAN,2025-04-01,1329.91,10807,2810
2226,GOOGLE_SEARCH,2025-04-01,4317.29,7298,2385
2227,INSTA_REEL,2025-04-01,6657.67,20461,1947
2228,REFERRAL,2025-04-01,8952.57,49486,2781
2229,FB_JAN,2025-04-02,1157.71,23343,1488
2230,GOOGLE_SEARCH,2025-04-02,2771.36,24205,1842
2231,INSTA_REEL,2025-04-02,9303.7,23824,809
2232,REFERRAL,2025-04-02,6679.52,3651,2551
2233,FB_JAN,2025-04-03,10316.14,39753,1129
2234,GOOGLE_SEARCH,2025-04-03,1931.22,26506,2854
2235,INSTA_REEL,2025-04-03,2779.03,4397,391
2236,REFERRAL,2025-04-03,3234.18,47888,168
2237,FB_JAN,2025-04-04,14612.41,49068,1557
2238,GOOGLE_SEARCH,2025-04-04,3478.31,17076,2688
2239,INSTA_REEL,2025-04-04,5249.21,18058,1398
2240,REFERRAL,2025-04-04,10910.46,41268,1925
2241,FB_JAN,2025-04-05,1986.52,3887,1775
2242,GOOGLE_SEARCH,2025-04-05,6824.79,2982,2801
2243,INSTA_REEL,2025-04-05,5356.27,27810,2035
2244,REFERRAL,2025-04-05,12343.55,20206,1341
2245,FB_JAN,2025-04-06,7332.16,24704,2122
2246,GOOGLE_SEARCH,2025-04-06,10940.51,15567,1351
2247,INSTA_REEL,2025-04-06,10982.1,5220,2213
2248,REFERRAL,2025-04-06,12583.54,40336,457
2249,FB_JAN,2025-04-07,10692.08,45440,767
2250,GOOGLE_SEARCH,2025-04-07,13814.75,46432,2962
2251,INSTA_REEL,2025-04-07,14046.39,45112,289
2252,REFERRAL,2025-04-07,5523.72,15996,400
2253,FB_JAN,2025-04-08,8205.9,16008,1834
2254,GOOGLE_SEARCH,2025-04-08,1118.53,24912,2632
2255,INSTA_REEL,2025-04-08,10356.01,10441,599
2256,REFERRAL,2025-04-08,10568.07,46421,2353
2257,FB_JAN,2025-04-09,2655.6,34990,1915
2258,GOOGLE_SEARCH,2025-04-09,6081.34,38832,2231
2259,INSTA_REEL,2025-04-09,9226.52,33625,2315
2260,REFERRAL,2025-04-09,13950.16,13005,2668
2261,FB_JAN,2025-04-10,13766.03,12258,505
2262,GOOGLE_SEARCH,2025-04-10,4220.04,15060,895
2263,INSTA_REEL,2025-04-10,1652.27,47499,2637
2264,REFERRAL,2025-04-10,10251.74,4359,2789
2265,FB_JAN,2025-04-11,3901.02,1009,547
2266,GOOGLE_SEARCH,2025-04-11,6348.16,17348,2475
2267,INSTA_REEL,2025-04-11,11673.15,48678,2617
2268,REFERRAL,2025-04-11,6215.14,38344,2744
2269,FB_JAN,2025-04-12,12717.74,11340,482
2270,GOOGLE_SEARCH,2025-04-12,13465.05,35541,1389
2271,INSTA_REEL,2025-04-12,6847.45,47921,275
2272,REFERRAL,2025-04-12,12709.77,19427,2998
2273,FB_JAN,2025-04-13,2424.53,41852,172
2274,GOOGLE_SEARCH,2025-04-13,4052.91,12287,2158
2275,INSTA_REEL,2025-04-13,6770.81,42377,1714
2276,REFERRAL,2025-04-13,12152.42,4325,1042
2277,FB_JAN,2025-04-14,1156.97,6708,294
2278,GOOGLE_SEARCH,2025-04-14,12246.31,9242,2195
2279,INSTA_REEL,2025-04-14,653.82,45273,1720
2280,REFERRAL,2025-04-14,6618.51,46484,2480
2281,FB_JAN,2025-04-15,1746.53,15353,916
2282,GOOGLE_SEARCH,2025-04-15,9253.1,43237,609
2283,INSTA_REEL,2025-04-15,13012.52,30183,2236
2284,REFERRAL,2025-04-15,2365.65,27914,1100
2285,FB_JAN,2025-04-16,4390.26,35525,2919
2286,GOOGLE_SEARCH,2025-04-16,2193.44,21462,2439
2287,INSTA_REEL,2025-04-16,3588.19,20589,666
2288,REFERRAL,2025-04-16,3480.19,33382,2010
2289,FB_JAN,2025-04-17,11438.29,41853,2744
2290,GOOGLE_SEARCH,2025-04-17,13988.11,46479,807
2291,INSTA_REEL,2025-04-17,3293.54,39857,1525
2292,REFERRAL,2025-04-17,3530.37,48251,989
2293,FB_JAN,2025-04-18,6216.9,39893,296
2294,GOOGLE_SEARCH,2025-04-18,7622.31,41101,1463
2295,INSTA_REEL,2025-04-18,5377.09,39396,81
2296,REFERRAL,2025-04-18,2341.35,15825,1034
2297,FB_JAN,2025-04-19,4010.4,30988,608
2298,GOOGLE_SEARCH,2025-04-19,13349.26,35243,1964
2299,INSTA_REEL,2025-04-19,7577.87,24285,773
2300,REFERRAL,2025-04-19,1561.87,23693,2157
2301,FB_JAN,2025-04-20,13610.72,46736,641
2302,GOOGLE_SEARCH,2025-04-20,2057.02,19603,2628
2303,INSTA_REEL,2025-04-20,8987.32,17858,552
2304,REFERRAL,2025-04-20,11247.88,10884,2972
2305,FB_JAN,2025-04-21,1077.07,33289,745
2306,GOOGLE_SEARCH,2025-04-21,5784.34,16174,1307
2307,INSTA_REEL,2025-04-21,13988.34,15754,1779
2308,REFERRAL,2025-04-21,8746.02,3680,2282
2309,FB_JAN,2025-04-22,6511.06,16193,577
2310,GOOGLE_SEARCH,2025-04-22,8346.11,9292,1112
2311,INSTA_REEL,2025-04-22,12635.44,25703,636
2312,REFERRAL,2025-04-22,12406.19,44289,2948
2313,FB_JAN,2025-04-23,7290.63,25266,915
2314,GOOGLE_SEARCH,2025-04-23,9061.42,31854,2594
2315,INSTA_REEL,2025-04-23,14992.93,4794,2972
2316,REFERRAL,2025-04-23,5969.75,13524,2388
2317,FB_JAN,2025-04-24,6444.32,4632,2056
2318,GOOGLE_SEARCH,2025-04-24,13456.42,38830,2030
2319,INSTA_REEL,2025-04-24,11384.27,5934,540
2320,REFERRAL,2025-04-24,2241.5,5004,454
2321,FB_JAN,2025-04-25,711.42,2296,2175
2322,GOOGLE_SEARCH,2025-04-25,3183.56,31463,1003
2323,INSTA_REEL,2025-04-25,9907.26,40995,2019
2324,REFERRAL,2025-04-25,4813.93,30991,2847
2325,FB_JAN,2025-04-26,9347.22,39288,414
2326,GOOGLE_SEARCH,2025-04-26,3272.76,40188,305
2327,INSTA_REEL,2025-04-26,11917.83,28089,1745
2328,REFERRAL,2025-04-26,2191.99,11338,1317
2329,FB_JAN,2025-04-27,9330.41,15218,1237
2330,GOOGLE_SEARCH,2025-04-27,1899.66,29528,569
2331,INSTA_REEL,2025-04-27,11164.89,13745,2820
2332,REFERRAL,2025-04-27,4243.63,31212,1509
2333,FB_JAN,2025-04-28,8352.89,26041,93
2334,GOOGLE_SEARCH,2025-04-28,10251.99,36382,2785
2335,INSTA_REEL,2025-04-28,9948.57,26437,202
2336,REFERRAL,2025-04-28,10905.5,3349,2954
2337,FB_JAN,2025-04-29,8325.03,42453,2064
2338,GOOGLE_SEARCH,2025-04-29,7968.0,8365,1258
2339,INSTA_REEL,2025-04-29,11303.58,10138,1905
2340,REFERRAL,2025-04-29,7140.47,1965,1192
2341,FB_JAN,2025-04-30,12377.3,1671,749
2342,GOOGLE_SEARCH,2025-04-30,6830.19,45828,167
2343,INSTA_REEL,2025-04-30,9120.81,43646,1935
2344,REFERRAL,2025-04-30,11362.9,19135,1358
2345,FB_JAN,2025-05-01,4126.53,37594,1429
2346,GOOGLE_SEARCH,2025-05-01,2788.55,5544,1288
2347,INSTA_REEL,2025-05-01,7454.53,21343,2874
2348,REFERRAL,2025-05-01,516.6,48874,1395
2349,FB_JAN,2025-05-02,7014.55,1514,2696
2350,GOOGLE_SEARCH,2025-05-02,8317.88,13728,2234
2351,INSTA_REEL,2025-05-02,12419.15,3253,582
2352,REFERRAL,2025-05-02,11311.0,32522,2264
2353,FB_JAN,2025-05-03,4728.1,9641,2376
2354,GOOGLE_SEARCH,2025-05-03,5136.02,48872,2366
2355,INSTA_REEL,2025-05-03,1311.22,24115,1316
2356,REFERRAL,2025-05-03,14732.65,8253,1133
2357,FB_JAN,2025-05-04,4768.92,15231,2167
2358,GOOGLE_SEARCH,2025-05-04,2511.0,34313,134
2359,INSTA_REEL,2025-05-04,14083.65,35009,90
2360,REFERRAL,2025-05-04,2940.32,21197,1278
2361,FB_JAN,2025-05-05,2097.45,12281,2173
2362,GOOGLE_SEARCH,2025-05-05,5417.68,24629,1579
2363,INSTA_REEL,2025-05-05,6078.21,36812,284
2364,REFERRAL,2025-05-05,8774.56,1165,893
2365,FB_JAN,2025-05-06,2824.45,6138,724
2366,GOOGLE_SEARCH,2025-05-06,9161.59,12126,2929
2367,INSTA_REEL,2025-05-06,3175.54,38590,2990
2368,REFERRAL,2025-05-06,14694.46,41880,862
2369,FB_JAN,2025-05-07,8435.27,8704,1625
2370,GOOGLE_SEARCH,2025-05-07,2110.19,21658,904
2371,INSTA_REEL,2025-05-07,5601.71,26291,213
2372,REFERRAL,2025-05-07,7806.4,33148,639
2373,FB_JAN,2025-05-08,9742.36,23360,1571
2374,GOOGLE_SEARCH,2025-05-08,7190.77,21102,2806
2375,INSTA_REEL,2025-05-08,2954.63,31521,1205
2376,REFERRAL,2025-05-08,3917.33,20723,2441
2377,FB_JAN,2025-05-09,2554.84,19304,525
2378,GOOGLE_SEARCH,2025-05-09,7439.65,27032,2266
2379,INSTA_REEL,2025-05-09,8435.28,11662,2670
2380,REFERRAL,2025-05-09,2071.43,35455,200
2381,FB_JAN,2025-05-10,771.48,46947,441
2382,GOOGLE_SEARCH,2025-05-10,1096.42,10728,355
2383,INSTA_REEL,2025-05-10,13224.73,33133,996
2384,REFERRAL,2025-05-10,11015.01,45900,233
2385,FB_JAN,2025-05-11,4746.92,30965,2077
2386,GOOGLE_SEARCH,2025-05-11,2864.85,44905,900
2387,INSTA_REEL,2025-05-11,12687.64,19566,1994
2388,REFERRAL,2025-05-11,12221.42,49057,109
2389,FB_JAN,2025-05-12,11994.06,35827,277
2390,GOOGLE_SEARCH,2025-05-12,5811.97,8872,1483
2391,INSTA_REEL,2025-05-12,6160.16,28675,2343
2392,REFERRAL,2025-05-12,664.45,22002,2204
2393,FB_JAN,2025-05-13,9476.53,2692,118
2394,GOOGLE_SEARCH,2025-05-13,8911.08,19966,2988
2395,INSTA_REEL,2025-05-13,2424.9,3158,2861
2396,REFERRAL,2025-05-13,11434.49,4247,2608
2397,FB_JAN,2025-05-14,12735.41,43519,2669
2398,GOOGLE_SEARCH,2025-05-14,2488.34,2096,1327
2399,INSTA_REEL,2025-05-14,2656.99,31907,2123
2400,REFERRAL,2025-05-14,5806.15,10407,359
2401,FB_JAN,2025-05-15,6779.77,20189,2604
2402,GOOGLE_SEARCH,2025-05-15,14274.55,5858,2806
2403,INSTA_REEL,2025-05-15,10033.15,43188,1002
2404,REFERRAL,2025-05-15,11874.78,36355,2191
2405,FB_JAN,2025-05-16,9091.15,33719,1394
2406,GOOGLE_SEARCH,2025-05-16,2511.27,10369,964
2407,INSTA_REEL,2025-05-16,6531.08,30460,1953
2408,REFERRAL,2025-05-16,6212.06,25128,346
2409,FB_JAN,2025-05-17,11233.87,40186,810
2410,GOOGLE_SEARCH,2025-05-17,13558.09,37563,667
2411,INSTA_REEL,2025-05-17,7859.49,38589,2259
2412,REFERRAL,2025-05-17,6864.57,6933,1068
2413,FB_JAN,2025-05-18,10376.65,1339,331
2414,GOOGLE_SEARCH,2025-05-18,1380.65,48333,2778
2415,INSTA_REEL,2025-05-18,5208.75,2957,1452
2416,REFERRAL,2025-05-18,13647.6,36421,122
2417,FB_JAN,2025-05-19,10611.92,39168,1257
2418,GOOGLE_SEARCH,2025-05-19,3361.41,5378,2835
2419,INSTA_REEL,2025-05-19,3013.26,4381,1579
2420,REFERRAL,2025-05-19,8344.06,43809,397
2421,FB_JAN,2025-05-20,7327.06,13774,374
2422,GOOGLE_SEARCH,2025-05-20,12264.25,44804,2302
2423,INSTA_REEL,2025-05-20,14658.49,6477,927
2424,REFERRAL,2025-05-20,11059.94,42700,1430
2425,FB_JAN,2025-05-21,11279.88,39480,1084
2426,GOOGLE_SEARCH,2025-05-21,12937.98,46919,393
2427,INSTA_REEL,2025-05-21,4764.98,35648,764
2428,REFERRAL,2025-05-21,3099.5,35615,541
2429,FB_JAN,2025-05-22,10502.59,28729,1916
2430,GOOGLE_SEARCH,2025-05-22,9011.19,15401,2742
2431,INSTA_REEL,2025-05-22,3476.16,29964,903
2432,REFERRAL,2025-05-22,13262.94,42249,2083
2433,FB_JAN,2025-05-23,5087.18,46442,1308
2434,GOOGLE_SEARCH,2025-05-23,12553.72,46033,280
2435,INSTA_REEL,2025-05-23,8668.23,4916,352
2436,REFERRAL,2025-05-23,6824.97,20000,340
2437,FB_JAN,2025-05-24,8746.43,47363,890
2438,GOOGLE_SEARCH,2025-05-24,8719.11,24453,1720
2439,INSTA_REEL,2025-05-24,1561.8,29959,2644
2440,REFERRAL,2025-05-24,14185.49,36314,2685
2441,FB_JAN,2025-05-25,9472.12,5684,2178
2442,GOOGLE_SEARCH,2025-05-25,13268.14,24490,2076
2443,INSTA_REEL,2025-05-25,997.98,9191,249
2444,REFERRAL,2025-05-25,12420.49,25278,1833
2445,FB_JAN,2025-05-26,1458.7,46627,2307
2446,GOOGLE_SEARCH,2025-05-26,4107.09,27619,2144
2447,INSTA_REEL,2025-05-26,9335.2,12116,114
2448,REFERRAL,2025-05-26,8138.69,6228,1153
2449,FB_JAN,2025-05-27,4835.71,22308,2636
2450,GOOGLE_SEARCH,2025-05-27,12557.29,43892,1703
2451,INSTA_REEL,2025-05-27,8190.38,33068,343
2452,REFERRAL,2025-05-27,12359.69,1664,2458
2453,FB_JAN,2025-05-28,9341.22,15677,559
2454,GOOGLE_SEARCH,2025-05-28,7913.46,42075,327
2455,INSTA_REEL,2025-05-28,12516.41,49028,2636
2456,REFERRAL,2025-05-28,4996.53,14834,537
2457,FB_JAN,2025-05-29,9356.88,22334,1915
2458,GOOGLE_SEARCH,2025-05-29,12397.11,16940,1141
2459,INSTA_REEL,2025-05-29,1727.12,38080,847
2460,REFERRAL,2025-05-29,1793.21,46592,1673
2461,FB_JAN,2025-05-30,14641.34,39611,839
2462,GOOGLE_SEARCH,2025-05-30,8284.47,35199,2194
2463,INSTA_REEL,2025-05-30,1047.76,38548,2879
2464,REFERRAL,2025-05-30,12648.69,8575,1432
2465,FB_JAN,2025-05-31,2304.7,1554,2118
2466,GOOGLE_SEARCH,2025-05-31,14707.12,48440,2285
2467,INSTA_REEL,2025-05-31,10412.08,5721,2576
2468,REFERRAL,2025-05-31,13345.5,7089,1507
2469,FB_JAN,2025-06-01,10603.39,14534,2457
2470,GOOGLE_SEARCH,2025-06-01,7640.25,32862,2861
2471,INSTA_REEL,2025-06-01,8128.67,30206,2769
2472,REFERRAL,2025-06-01,11123.03,20611,1768
2473,FB_JAN,2025-06-02,13917.04,26905,443
2474,GOOGLE_SEARCH,2025-06-02,1333.92,36872,1345
2475,INSTA_REEL,2025-06-02,11787.68,10928,571
2476,REFERRAL,2025-06-02,1464.37,9483,768
2477,FB_JAN,2025-06-03,3618.09,43793,331
2478,GOOGLE_SEARCH,2025-06-03,2559.81,37454,2455
2479,INSTA_REEL,2025-06-03,14475.32,15620,612
2480,REFERRAL,2025-06-03,1417.94,7161,2089
2481,FB_JAN,2025-06-04,2061.87,47806,1898
2482,GOOGLE_SEARCH,2025-06-04,7969.38,28476,2668
2483,INSTA_REEL,2025-06-04,11636.37,25973,2947
2484,REFERRAL,2025-06-04,12712.49,10058,756
2485,FB_JAN,2025-06-05,14963.07,13038,1705
2486,GOOGLE_SEARCH,2025-06-05,1647.62,40530,1969
2487,INSTA_REEL,2025-06-05,1663.7,20305,1186
2488,REFERRAL,2025-06-05,1355.29,30209,1527
2489,FB_JAN,2025-06-06,2480.78,7009,1719
2490,GOOGLE_SEARCH,2025-06-06,4537.13,5027,1818
2491,INSTA_REEL,2025-06-06,2979.98,3790,1172
2492,REFERRAL,2025-06-06,3235.41,33482,2188
2493,FB_JAN,2025-06-07,3606.24,26525,773
2494,GOOGLE_SEARCH,2025-06-07,14849.87,17173,2095
2495,INSTA_REEL,2025-06-07,1711.68,30709,113
2496,REFERRAL,2025-06-07,9404.84,49227,173
2497,FB_JAN,2025-06-08,2106.06,44477,1871
2498,GOOGLE_SEARCH,2025-06-08,9869.38,24564,2261
2499,INSTA_REEL,2025-06-08,7897.17,6480,1867
2500,REFERRAL,2025-06-08,13161.94,23312,1330
2501,FB_JAN,2025-06-09,11751.02,32165,1174
2502,GOOGLE_SEARCH,2025-06-09,2931.25,2170,1907
2503,INSTA_REEL,2025-06-09,11810.56,3503,1587
2504,REFERRAL,2025-06-09,13652.97,23565,499
2505,FB_JAN,2025-06-10,14356.32,26551,869
2506,GOOGLE_SEARCH,2025-06-10,14927.94,8982,2319
2507,INSTA_REEL,2025-06-10,6731.84,46773,228
2508,REFERRAL,2025-06-10,2910.52,10749,516
2509,FB_JAN,2025-06-11,7923.58,43474,363
2510,GOOGLE_SEARCH,2025-06-11,8879.77,2025,1367
2511,INSTA_REEL,2025-06-11,7772.58,22041,2762
2512,REFERRAL,2025-06-11,9186.02,47905,1115
2513,FB_JAN,2025-06-12,6346.3,27598,1470
2514,GOOGLE_SEARCH,2025-06-12,13604.38,26395,2410
2515,INSTA_REEL,2025-06-12,738.56,5311,1795
2516,REFERRAL,2025-06-12,6929.06,34318,512
2517,FB_JAN,2025-06-13,3672.16,21184,819
2518,GOOGLE_SEARCH,2025-06-13,4351.83,49826,1793
2519,INSTA_REEL,2025-06-13,3200.1,47727,2632
2520,REFERRAL,2025-06-13,13778.86,42391,2328
2521,FB_JAN,2025-06-14,2712.18,41462,1533
2522,GOOGLE_SEARCH,2025-06-14,6255.16,40391,1349
2523,INSTA_REEL,2025-06-14,10597.23,35992,2671
2524,REFERRAL,2025-06-14,4262.55,2927,851
2525,FB_JAN,2025-06-15,5768.81,36939,632
2526,GOOGLE_SEARCH,2025-06-15,1145.23,29298,2040
2527,INSTA_REEL,2025-06-15,3152.38,16134,2265
2528,REFERRAL,2025-06-15,1935.52,1995,2743
2529,FB_JAN,2025-06-16,2008.78,28581,2799
2530,GOOGLE_SEARCH,2025-06-16,8258.28,15785,151
2531,INSTA_REEL,2025-06-16,4357.4,46343,687
2532,REFERRAL,2025-06-16,13441.39,43946,1346
2533,FB_JAN,2025-06-17,12388.55,30172,2429
2534,GOOGLE_SEARCH,2025-06-17,14391.44,40875,214
2535,INSTA_REEL,2025-06-17,13265.29,13334,2473
2536,REFERRAL,2025-06-17,10653.6,6344,2957
2537,FB_JAN,2025-06-18,10921.01,17826,1878
2538,GOOGLE_SEARCH,2025-06-18,972.22,21365,963
2539,INSTA_REEL,2025-06-18,1106.85,39817,932
2540,REFERRAL,2025-06-18,10994.38,7759,1128
2541,FB_JAN,2025-06-19,14347.0,24695,2010
2542,GOOGLE_SEARCH,2025-06-19,13396.73,12997,2395
2543,INSTA_REEL,2025-06-19,11439.86,13651,1336
2544,REFERRAL,2025-06-19,2461.5,45971,723
2545,FB_JAN,2025-06-20,11831.63,20595,2016
2546,GOOGLE_SEARCH,2025-06-20,13757.89,42768,1027
2547,INSTA_REEL,2025-06-20,9777.26,19963,965
2548,REFERRAL,2025-06-20,9933.32,9261,372
2549,FB_JAN,2025-06-21,12284.67,24727,738
2550,GOOGLE_SEARCH,2025-06-21,10961.01,13444,174
2551,INSTA_REEL,2025-06-21,12145.73,14222,2258
2552,REFERRAL,2025-06-21,12180.37,24543,1329
2553,FB_JAN,2025-06-22,10713.72,39736,1857
2554,GOOGLE_SEARCH,2025-06-22,2579.22,29345,802
2555,INSTA_REEL,2025-06-22,6972.8,46048,1507
2556,REFERRAL,2025-06-22,10694.72,38980,2352
2557,FB_JAN,2025-06-23,13977.6,28751,1295
2558,GOOGLE_SEARCH,2025-06-23,8726.35,36042,802
2559,INSTA_REEL,2025-06-23,14781.02,43760,1768
2560,REFERRAL,2025-06-23,4939.79,28711,226
2561,FB_JAN,2025-06-24,8602.28,27448,2209
2562,GOOGLE_SEARCH,2025-06-24,11521.63,47622,1024
2563,INSTA_REEL,2025-06-24,9495.6,31780,339
2564,REFERRAL,2025-06-24,7721.74,36119,710
2565,FB_JAN,2025-06-25,10667.71,24600,411
2566,GOOGLE_SEARCH,2025-06-25,1353.21,7675,196
2567,INSTA_REEL,2025-06-25,10855.52,11328,1743
2568,REFERRAL,2025-06-25,12240.94,39800,418
2569,FB_JAN,2025-06-26,7092.8,22362,519
2570,GOOGLE_SEARCH,2025-06-26,2776.91,37780,364
2571,INSTA_REEL,2025-06-26,6458.2,21199,104
2572,REFERRAL,2025-06-26,9558.66,43182,773
2573,FB_JAN,2025-06-27,11795.1,17717,1051
2574,GOOGLE_SEARCH,2025-06-27,6397.27,34030,537
2575,INSTA_REEL,2025-06-27,8917.16,5000,2207
2576,REFERRAL,2025-06-27,13568.64,27287,2726
2577,FB_JAN,2025-06-28,1694.77,10970,755
2578,GOOGLE_SEARCH,2025-06-28,11266.73,49843,1390
2579,INSTA_REEL,2025-06-28,14676.81,8309,2938
2580,REFERRAL,2025-06-28,1890.55,45273,566
2581,FB_JAN,2025-06-29,12240.42,10017,2278
2582,GOOGLE_SEARCH,2025-06-29,6668.44,37557,605
2583,INSTA_REEL,2025-06-29,11290.35,6191,972
2584,REFERRAL,2025-06-29,1376.14,9454,1190
2585,FB_JAN,2025-06-30,11779.02,36169,849
2586,GOOGLE_SEARCH,2025-06-30,10579.11,40243,871
2587,INSTA_REEL,2025-06-30,3860.87,18162,2700
2588,REFERRAL,2025-06-30,11565.71,18836,854
2589,FB_JAN,2025-07-01,3481.37,46099,2325
2590,GOOGLE_SEARCH,2025-07-01,5262.84,48460,1924
2591,INSTA_REEL,2025-07-01,14476.51,17115,627
2592,REFERRAL,2025-07-01,14566.18,11241,1190
2593,FB_JAN,2025-07-02,10884.18,7688,118
2594,GOOGLE_SEARCH,2025-07-02,5139.66,5834,585
2595,INSTA_REEL,2025-07-02,13108.02,28207,1138
2596,REFERRAL,2025-07-02,4096.28,43466,642
2597,FB_JAN,2025-07-03,4499.44,3650,1285
2598,GOOGLE_SEARCH,2025-07-03,9743.73,11354,397
2599,INSTA_REEL,2025-07-03,8385.2,23797,2185
2600,REFERRAL,2025-07-03,984.99,2055,386
2601,FB_JAN,2025-07-04,10197.69,43992,412
2602,GOOGLE_SEARCH,2025-07-04,14268.29,2770,2576
2603,INSTA_REEL,2025-07-04,14101.95,47880,1565
2604,REFERRAL,2025-07-04,7320.87,26148,2865
2605,FB_JAN,2025-07-05,13233.69,46105,1899
2606,GOOGLE_SEARCH,2025-07-05,2851.62,27287,1203
2607,INSTA_REEL,2025-07-05,10803.04,30737,2979
2608,REFERRAL,2025-07-05,12208.56,18387,1604
2609,FB_JAN,2025-07-06,10274.45,29219,2041
2610,GOOGLE_SEARCH,2025-07-06,8533.12,6497,2517
2611,INSTA_REEL,2025-07-06,3886.96,21029,2277
2612,REFERRAL,2025-07-06,8710.11,11478,621
2613,FB_JAN,2025-07-07,6406.91,21001,1853
2614,GOOGLE_SEARCH,2025-07-07,11405.66,13090,2568
2615,INSTA_REEL,2025-07-07,2385.81,16012,2553
2616,REFERRAL,2025-07-07,13063.48,45084,1965
2617,FB_JAN,2025-07-08,11063.32,2514,2939
2618,GOOGLE_SEARCH,2025-07-08,4057.2,35648,146
2619,INSTA_REEL,2025-07-08,10310.85,24303,2673
2620,REFERRAL,2025-07-08,12575.7,43137,1382
2621,FB_JAN,2025-07-09,14713.7,9434,2824
2622,GOOGLE_SEARCH,2025-07-09,6907.14,48140,1203
2623,INSTA_REEL,2025-07-09,12479.88,33384,1287
2624,REFERRAL,2025-07-09,10515.48,21484,2699
2625,FB_JAN,2025-07-10,7807.8,21659,2327
2626,GOOGLE_SEARCH,2025-07-10,5136.19,3143,2532
2627,INSTA_REEL,2025-07-10,9494.59,45737,2030
2628,REFERRAL,2025-07-10,4094.59,2003,1627
2629,FB_JAN,2025-07-11,2363.12,24510,437
2630,GOOGLE_SEARCH,2025-07-11,3302.75,37183,2404
2631,INSTA_REEL,2025-07-11,2507.76,36355,769
2632,REFERRAL,2025-07-11,12066.72,20858,2141
2633,FB_JAN,2025-07-12,6186.76,15740,1159
2634,GOOGLE_SEARCH,2025-07-12,2553.49,42031,1594
2635,INSTA_REEL,2025-07-12,14425.11,12373,2411
2636,REFERRAL,2025-07-12,7336.6,16618,2888
2637,FB_JAN,2025-07-13,9419.57,48676,1322
2638,GOOGLE_SEARCH,2025-07-13,10408.84,9021,817
2639,INSTA_REEL,2025-07-13,11674.49,43543,1239
2640,REFERRAL,2025-07-13,6912.21,36410,2894
2641,FB_JAN,2025-07-14,10889.08,43827,255
2642,GOOGLE_SEARCH,2025-07-14,14764.14,24313,1522
2643,INSTA_REEL,2025-07-14,6367.34,22308,1035
2644,REFERRAL,2025-07-14,1746.65,2347,1742
2645,FB_JAN,2025-07-15,8847.5,15455,2538
2646,GOOGLE_SEARCH,2025-07-15,6931.41,6584,1217
2647,INSTA_REEL,2025-07-15,10132.47,13500,2352
2648,REFERRAL,2025-07-15,12310.51,29701,2443
2649,FB_JAN,2025-07-16,6894.2,7626,838
2650,GOOGLE_SEARCH,2025-07-16,3273.88,16185,1650
2651,INSTA_REEL,2025-07-16,5091.05,28213,1789
2652,REFERRAL,2025-07-16,11817.57,26189,1026
2653,FB_JAN,2025-07-17,8365.09,42308,966
2654,GOOGLE_SEARCH,2025-07-17,14237.59,18260,435
2655,INSTA_REEL,2025-07-17,6580.18,41661,1533
2656,REFERRAL,2025-07-17,6212.67,44844,1297
2657,FB_JAN,2025-07-18,6088.81,4290,2289
2658,GOOGLE_SEARCH,2025-07-18,4707.44,21428,2751
2659,INSTA_REEL,2025-07-18,5452.82,4434,1475
2660,REFERRAL,2025-07-18,921.68,43652,2512
2661,FB_JAN,2025-07-19,12197.76,43313,1553
2662,GOOGLE_SEARCH,2025-07-19,6204.0,3372,270
2663,INSTA_REEL,2025-07-19,3598.19,3205,2330
2664,REFERRAL,2025-07-19,10935.19,41290,180
2665,FB_JAN,2025-07-20,4873.9,16107,2703
2666,GOOGLE_SEARCH,2025-07-20,5147.59,18733,84
2667,INSTA_REEL,2025-07-20,564.08,41937,894
2668,REFERRAL,2025-07-20,8538.07,40079,942
2669,FB_JAN,2025-07-21,4729.54,26017,1500
2670,GOOGLE_SEARCH,2025-07-21,1390.0,21164,1782
2671,INSTA_REEL,2025-07-21,6451.01,32641,1419
2672,REFERRAL,2025-07-21,5005.55,11498,2161
2673,FB_JAN,2025-07-22,3581.76,9886,2291
2674,GOOGLE_SEARCH,2025-07-22,5727.0,38582,1681
2675,INSTA_REEL,2025-07-22,2594.88,42130,2418
2676,REFERRAL,2025-07-22,2411.9,11854,2418
2677,FB_JAN,2025-07-23,7919.85,35984,416
2678,GOOGLE_SEARCH,2025-07-23,1390.33,10393,1130
2679,INSTA_REEL,2025-07-23,13430.71,33353,1476
2680,REFERRAL,2025-07-23,1924.73,8645,2004
2681,FB_JAN,2025-07-24,4701.98,4712,2004
2682,GOOGLE_SEARCH,2025-07-24,14661.1,42992,516
2683,INSTA_REEL,2025-07-24,6934.72,18943,1713
2684,REFERRAL,2025-07-24,9402.03,26710,2413
2685,FB_JAN,2025-07-25,1110.21,27055,2478
2686,GOOGLE_SEARCH,2025-07-25,1918.78,33530,205
2687,INSTA_REEL,2025-07-25,13579.11,40403,585
2688,REFERRAL,2025-07-25,7567.76,47011,1414
2689,FB_JAN,2025-07-26,8352.97,31137,2688
2690,GOOGLE_SEARCH,2025-07-26,4910.49,16559,637
2691,INSTA_REEL,2025-07-26,8002.36,7523,709
2692,REFERRAL,2025-07-26,8508.47,14787,2187
2693,FB_JAN,2025-07-27,4379.18,20561,2499
2694,GOOGLE_SEARCH,2025-07-27,3530.63,21935,877
2695,INSTA_REEL,2025-07-27,7435.56,9021,99
2696,REFERRAL,2025-07-27,1086.74,48140,746
2697,FB_JAN,2025-07-28,13912.9,42926,977
2698,GOOGLE_SEARCH,2025-07-28,4375.3,10262,475
2699,INSTA_REEL,2025-07-28,14245.67,23996,520
2700,REFERRAL,2025-07-28,14066.86,37116,1866
2701,FB_JAN,2025-07-29,5163.45,40084,863
2702,GOOGLE_SEARCH,2025-07-29,12340.33,15016,369
2703,INSTA_REEL,2025-07-29,6854.82,46857,1269
2704,REFERRAL,2025-07-29,9079.69,40919,382
2705,FB_JAN,2025-07-30,10350.82,47136,118
2706,GOOGLE_SEARCH,2025-07-30,10426.46,42083,1337
2707,INSTA_REEL,2025-07-30,11399.59,34607,1528
2708,REFERRAL,2025-07-30,13305.87,14715,79
2709,FB_JAN,2025-07-31,4817.37,46534,98
2710,GOOGLE_SEARCH,2025-07-31,2197.5,27209,2797
2711,INSTA_REEL,2025-07-31,4029.68,38629,1012
2712,REFERRAL,2025-07-31,9487.78,37819,1633
2713,FB_JAN,2025-08-01,1113.32,2967,2639
2714,GOOGLE_SEARCH,2025-08-01,12723.63,32596,2353
2715,INSTA_REEL,2025-08-01,14832.46,28152,1155
2716,REFERRAL,2025-08-01,14663.33,20929,2413
2717,FB_JAN,2025-08-02,5562.59,46723,2464
2718,GOOGLE_SEARCH,2025-08-02,6902.79,17038,539
2719,INSTA_REEL,2025-08-02,988.05,14932,1446
2720,REFERRAL,2025-08-02,6000.96,36290,2328
2721,FB_JAN,2025-08-03,1252.02,8405,2292
2722,GOOGLE_SEARCH,2025-08-03,10251.81,48175,1151
2723,INSTA_REEL,2025-08-03,2836.03,4376,1650
2724,REFERRAL,2025-08-03,8201.27,9233,395
2725,FB_JAN,2025-08-04,6983.81,35394,2983
2726,GOOGLE_SEARCH,2025-08-04,9472.03,37150,2110
2727,INSTA_REEL,2025-08-04,10535.4,14354,737
2728,REFERRAL,2025-08-04,5913.54,46567,2110
2729,FB_JAN,2025-08-05,11263.15,39784,1117
2730,GOOGLE_SEARCH,2025-08-05,2820.44,46065,1267
2731,INSTA_REEL,2025-08-05,2956.24,4535,352
2732,REFERRAL,2025-08-05,3849.8,18531,1892
2733,FB_JAN,2025-08-06,5376.61,7074,816
2734,GOOGLE_SEARCH,2025-08-06,5902.43,22563,1271
2735,INSTA_REEL,2025-08-06,10401.71,18459,1979
2736,REFERRAL,2025-08-06,13941.75,4105,2323
2737,FB_JAN,2025-08-07,1265.52,24284,618
2738,GOOGLE_SEARCH,2025-08-07,6881.82,21305,176
2739,INSTA_REEL,2025-08-07,9016.61,15503,2254
2740,REFERRAL,2025-08-07,9325.28,23972,2647
2741,FB_JAN,2025-08-08,3079.58,22926,2607
2742,GOOGLE_SEARCH,2025-08-08,13388.4,6365,738
2743,INSTA_REEL,2025-08-08,5685.84,43014,2845
2744,REFERRAL,2025-08-08,6290.63,34068,1753
2745,FB_JAN,2025-08-09,9630.9,25430,2287
2746,GOOGLE_SEARCH,2025-08-09,5102.64,46892,1552
2747,INSTA_REEL,2025-08-09,8751.92,32858,2464
2748,REFERRAL,2025-08-09,1885.09,46950,2738
2749,FB_JAN,2025-08-10,2858.57,46183,284
2750,GOOGLE_SEARCH,2025-08-10,4802.33,5494,2648
2751,INSTA_REEL,2025-08-10,9431.23,7034,2787
2752,REFERRAL,2025-08-10,1001.42,41693,2926
2753,FB_JAN,2025-08-11,2412.49,20980,2776
2754,GOOGLE_SEARCH,2025-08-11,1907.08,16650,1935
2755,INSTA_REEL,2025-08-11,13475.45,4872,1296
2756,REFERRAL,2025-08-11,13823.82,12537,272
2757,FB_JAN,2025-08-12,2803.9,39542,2673
2758,GOOGLE_SEARCH,2025-08-12,14012.54,5408,1198
2759,INSTA_REEL,2025-08-12,12461.13,37735,2118
2760,REFERRAL,2025-08-12,2647.75,21117,1594
2761,FB_JAN,2025-08-13,1918.47,14005,1067
2762,GOOGLE_SEARCH,2025-08-13,8627.95,14556,1557
2763,INSTA_REEL,2025-08-13,3659.3,28580,2368
2764,REFERRAL,2025-08-13,6621.39,30111,2448
2765,FB_JAN,2025-08-14,14615.18,12229,2145
2766,GOOGLE_SEARCH,2025-08-14,2300.97,38812,1604
2767,INSTA_REEL,2025-08-14,11239.97,30230,689
2768,REFERRAL,2025-08-14,3531.37,10594,2019
2769,FB_JAN,2025-08-15,564.93,29966,61
2770,GOOGLE_SEARCH,2025-08-15,13666.7,39838,2427
2771,INSTA_REEL,2025-08-15,6209.34,20820,968
2772,REFERRAL,2025-08-15,8450.0,3404,1414
2773,FB_JAN,2025-08-16,13370.52,29885,450
2774,GOOGLE_SEARCH,2025-08-16,3521.6,48715,2094
2775,INSTA_REEL,2025-08-16,5837.93,14428,2080
2776,REFERRAL,2025-08-16,2541.54,9888,1538
2777,FB_JAN,2025-08-17,4531.22,20974,424
2778,GOOGLE_SEARCH,2025-08-17,1771.96,37737,2720
2779,INSTA_REEL,2025-08-17,13782.47,17311,65
2780,REFERRAL,2025-08-17,1271.54,12229,419
2781,FB_JAN,2025-08-18,14381.88,35002,2218
2782,GOOGLE_SEARCH,2025-08-18,5228.9,27912,1266
2783,INSTA_REEL,2025-08-18,12069.04,4429,840
2784,REFERRAL,2025-08-18,1015.9,49827,2580
2785,FB_JAN,2025-08-19,9276.91,48525,2476
2786,GOOGLE_SEARCH,2025-08-19,13149.68,20988,55
2787,INSTA_REEL,2025-08-19,13846.93,4686,158
2788,REFERRAL,2025-08-19,7087.87,34550,1090
2789,FB_JAN,2025-08-20,9823.98,45333,2436
2790,GOOGLE_SEARCH,2025-08-20,1099.89,34237,1803
2791,INSTA_REEL,2025-08-20,14970.0,25572,149
2792,REFERRAL,2025-08-20,7286.7,40912,1734
2793,FB_JAN,2025-08-21,1729.66,22296,2440
2794,GOOGLE_SEARCH,2025-08-21,13702.9,6020,1637
2795,INSTA_REEL,2025-08-21,12296.15,49063,216
2796,REFERRAL,2025-08-21,12837.24,39109,1824
2797,FB_JAN,2025-08-22,11583.45,11729,2619
2798,GOOGLE_SEARCH,2025-08-22,7359.83,30135,815
2799,INSTA_REEL,2025-08-22,9443.48,11034,2268
2800,REFERRAL,2025-08-22,6652.17,43589,2110
2801,FB_JAN,2025-08-23,12375.5,15105,2768
2802,GOOGLE_SEARCH,2025-08-23,8630.73,24352,2485
2803,INSTA_REEL,2025-08-23,12938.57,22346,2392
2804,REFERRAL,2025-08-23,6958.64,12477,1557
2805,FB_JAN,2025-08-24,7977.72,21346,2228
2806,GOOGLE_SEARCH,2025-08-24,14101.97,8681,1450
2807,INSTA_REEL,2025-08-24,14693.39,32560,1371
2808,REFERRAL,2025-08-24,1711.32,9112,2286
2809,FB_JAN,2025-08-25,1436.81,45308,1678
2810,GOOGLE_SEARCH,2025-08-25,7636.35,16588,904
2811,INSTA_REEL,2025-08-25,2552.34,28511,1100
2812,REFERRAL,2025-08-25,6483.09,20377,1932
2813,FB_JAN,2025-08-26,8473.34,41629,2353
2814,GOOGLE_SEARCH,2025-08-26,8832.35,26778,147
2815,INSTA_REEL,2025-08-26,7466.39,47194,2339
2816,REFERRAL,2025-08-26,13055.34,14165,2571
2817,FB_JAN,2025-08-27,4565.64,5861,670
2818,GOOGLE_SEARCH,2025-08-27,7555.91,31600,607
2819,INSTA_REEL,2025-08-27,6298.62,8682,2443
2820,REFERRAL,2025-08-27,11573.74,36075,2867
2821,FB_JAN,2025-08-28,11989.32,9445,442
2822,GOOGLE_SEARCH,2025-08-28,10404.95,44293,642
2823,INSTA_REEL,2025-08-28,8093.9,46557,1481
2824,REFERRAL,2025-08-28,9581.75,43005,2421
2825,FB_JAN,2025-08-29,13002.07,10416,677
2826,GOOGLE_SEARCH,2025-08-29,1296.82,42524,737
2827,INSTA_REEL,2025-08-29,3208.01,47547,350
2828,REFERRAL,2025-08-29,10530.16,37063,1167
2829,FB_JAN,2025-08-30,1857.13,32774,1292
2830,GOOGLE_SEARCH,2025-08-30,12663.35,9716,2793
2831,INSTA_REEL,2025-08-30,10946.54,33050,1967
2832,REFERRAL,2025-08-30,10167.07,18976,1072
2833,FB_JAN,2025-08-31,4636.61,9247,451
2834,GOOGLE_SEARCH,2025-08-31,10492.6,42056,800
2835,INSTA_REEL,2025-08-31,13078.5,46994,1167
2836,REFERRAL,2025-08-31,14310.18,16795,435
2837,FB_JAN,2025-09-01,14132.01,13801,912
2838,GOOGLE_SEARCH,2025-09-01,9012.92,32964,146
2839,INSTA_REEL,2025-09-01,12468.25,43112,811
2840,REFERRAL,2025-09-01,8679.44,29365,1253
2841,FB_JAN,2025-09-02,6625.33,11720,1912
2842,GOOGLE_SEARCH,2025-09-02,13815.26,9505,2627
2843,INSTA_REEL,2025-09-02,13138.97,27787,2664
2844,REFERRAL,2025-09-02,1963.82,4165,2687
2845,FB_JAN,2025-09-03,2856.78,23062,198
2846,GOOGLE_SEARCH,2025-09-03,6068.66,12176,2155
2847,INSTA_REEL,2025-09-03,8620.21,15199,451
2848,REFERRAL,2025-09-03,9120.16,9120,455
2849,FB_JAN,2025-09-04,4217.49,34190,2205
2850,GOOGLE_SEARCH,2025-09-04,14120.36,10673,1550
2851,INSTA_REEL,2025-09-04,5049.36,39241,2927
2852,REFERRAL,2025-09-04,10612.53,12143,2048
2853,FB_JAN,2025-09-05,8149.78,33597,1665
2854,GOOGLE_SEARCH,2025-09-05,10969.02,7129,1068
2855,INSTA_REEL,2025-09-05,603.05,30751,900
2856,REFERRAL,2025-09-05,14434.55,38511,2981
2857,FB_JAN,2025-09-06,9795.46,6290,2982
2858,GOOGLE_SEARCH,2025-09-06,2709.65,9768,526
2859,INSTA_REEL,2025-09-06,7524.56,13000,1467
2860,REFERRAL,2025-09-06,3303.16,46939,2111
2861,FB_JAN,2025-09-07,2143.16,15211,67
2862,GOOGLE_SEARCH,2025-09-07,6723.02,19435,2750
2863,INSTA_REEL,2025-09-07,10819.39,35068,2494
2864,REFERRAL,2025-09-07,12183.14,46854,2614
2865,FB_JAN,2025-09-08,2725.19,19696,2093
2866,GOOGLE_SEARCH,2025-09-08,10426.18,49584,2608
2867,INSTA_REEL,2025-09-08,10241.79,3069,2025
2868,REFERRAL,2025-09-08,14457.51,14226,1743
2869,FB_JAN,2025-09-09,5457.71,24708,1217
2870,GOOGLE_SEARCH,2025-09-09,3042.85,47350,1183
2871,INSTA_REEL,2025-09-09,12052.32,32272,909
2872,REFERRAL,2025-09-09,11482.29,25051,2586
2873,FB_JAN,2025-09-10,5246.81,20744,263
2874,GOOGLE_SEARCH,2025-09-10,11229.82,41109,509
2875,INSTA_REEL,2025-09-10,2588.14,15808,2315
2876,REFERRAL,2025-09-10,14240.88,11140,527
2877,FB_JAN,2025-09-11,6643.37,10993,1646
2878,GOOGLE_SEARCH,2025-09-11,13328.8,33650,1497
2879,INSTA_REEL,2025-09-11,4144.29,46105,2743
2880,REFERRAL,2025-09-11,6786.44,49476,275
2881,FB_JAN,2025-09-12,7567.8,1209,722
2882,GOOGLE_SEARCH,2025-09-12,3706.21,37453,199
2883,INSTA_REEL,2025-09-12,2079.53,24756,1281
2884,REFERRAL,2025-09-12,11985.98,7174,674
2885,FB_JAN,2025-09-13,7914.56,29437,1295
2886,GOOGLE_SEARCH,2025-09-13,3867.9,41607,2400
2887,INSTA_REEL,2025-09-13,3992.33,23010,1934
2888,REFERRAL,2025-09-13,4467.2,36804,2182
2889,FB_JAN,2025-09-14,2038.4,20151,2550
2890,GOOGLE_SEARCH,2025-09-14,8453.91,24026,62
2891,INSTA_REEL,2025-09-14,10922.28,30257,2020
2892,REFERRAL,2025-09-14,14969.92,35840,837
2893,FB_JAN,2025-09-15,5276.05,1570,2834
2894,GOOGLE_SEARCH,2025-09-15,6590.72,20657,1456
2895,INSTA_REEL,2025-09-15,10605.0,4544,1023
2896,REFERRAL,2025-09-15,2190.56,7967,1085
2897,FB_JAN,2025-09-16,11738.66,10932,2410
2898,GOOGLE_SEARCH,2025-09-16,3255.24,30635,2595
2899,INSTA_REEL,2025-09-16,12827.94,18980,822
2900,REFERRAL,2025-09-16,11920.17,17226,2830
2901,FB_JAN,2025-09-17,1733.74,3179,644
2902,GOOGLE_SEARCH,2025-09-17,11228.02,17898,2936
2903,INSTA_REEL,2025-09-17,4352.65,40182,290
2904,REFERRAL,2025-09-17,9319.42,43898,2880
2905,FB_JAN,2025-09-18,1304.2,43165,360
2906,GOOGLE_SEARCH,2025-09-18,960.49,35389,2281
2907,INSTA_REEL,2025-09-18,11173.28,46502,1236
2908,REFERRAL,2025-09-18,10935.87,39174,1604
2909,FB_JAN,2025-09-19,4572.21,23457,2534
2910,GOOGLE_SEARCH,2025-09-19,1442.08,16752,1979
2911,INSTA_REEL,2025-09-19,13045.77,28232,2632
2912,REFERRAL,2025-09-19,6726.58,48327,1610
2913,FB_JAN,2025-09-20,2526.43,38401,2892
2914,GOOGLE_SEARCH,2025-09-20,5967.49,17794,512
2915,INSTA_REEL,2025-09-20,3693.62,43913,2572
2916,REFERRAL,2025-09-20,13721.47,28775,722
2917,FB_JAN,2025-09-21,12686.18,7137,441
2918,GOOGLE_SEARCH,2025-09-21,7979.64,13512,1902
2919,INSTA_REEL,2025-09-21,8317.66,34504,2638
2920,REFERRAL,2025-09-21,5238.67,14277,2458
2921,FB_JAN,2025-09-22,4984.81,4836,495
2922,GOOGLE_SEARCH,2025-09-22,12856.38,25603,78
2923,INSTA_REEL,2025-09-22,5278.09,11160,1803
2924,REFERRAL,2025-09-22,9509.62,15522,2962
2925,FB_JAN,2025-09-23,12406.32,42750,1613
2926,GOOGLE_SEARCH,2025-09-23,3073.61,13103,529
2927,INSTA_REEL,2025-09-23,3515.36,28168,1384
2928,REFERRAL,2025-09-23,4486.77,14314,1223
2929,FB_JAN,2025-09-24,1530.42,30583,2746
2930,GOOGLE_SEARCH,2025-09-24,12059.2,15555,1112
2931,INSTA_REEL,2025-09-24,622.52,39115,2160
2932,REFERRAL,2025-09-24,13161.56,20315,2770
2933,FB_JAN,2025-09-25,6730.03,12662,330
2934,GOOGLE_SEARCH,2025-09-25,11700.02,30867,99
2935,INSTA_REEL,2025-09-25,5039.98,2935,1271
2936,REFERRAL,2025-09-25,11728.98,32783,2604
2937,FB_JAN,2025-09-26,1526.37,6823,2814
2938,GOOGLE_SEARCH,2025-09-26,1049.72,11848,1703
2939,INSTA_REEL,2025-09-26,14121.83,41014,2283
2940,REFERRAL,2025-09-26,721.37,26965,441
2941,FB_JAN,2025-09-27,3602.37,23420,2424
2942,GOOGLE_SEARCH,2025-09-27,11346.63,24150,984
2943,INSTA_REEL,2025-09-27,6127.08,1206,2005
2944,REFERRAL,2025-09-27,13609.15,20964,331
2945,FB_JAN,2025-09-28,2448.27,47847,544
2946,GOOGLE_SEARCH,2025-09-28,14943.59,33640,1010
2947,INSTA_REEL,2025-09-28,11775.95,45244,1344
2948,REFERRAL,2025-09-28,13794.97,17546,55
2949,FB_JAN,2025-09-29,7741.17,12185,1539
2950,GOOGLE_SEARCH,2025-09-29,10412.44,48396,56
2951,INSTA_REEL,2025-09-29,3901.49,38102,2455
2952,REFERRAL,2025-09-29,14228.47,28532,2109
2953,FB_JAN,2025-09-30,4143.95,5306,2279
2954,GOOGLE_SEARCH,2025-09-30,10136.06,46485,2259
2955,INSTA_REEL,2025-09-30,8331.07,14420,1513
2956,REFERRAL,2025-09-30,7281.79,41994,578
2957,FB_JAN,2025-10-01,8946.1,38601,723
2958,GOOGLE_SEARCH,2025-10-01,2264.54,9681,1263
2959,INSTA_REEL,2025-10-01,6515.59,40356,1703
2960,REFERRAL,2025-10-01,1494.15,3963,266
2961,FB_JAN,2025-10-02,10969.44,26040,2162
2962,GOOGLE_SEARCH,2025-10-02,10622.73,12100,515
2963,INSTA_REEL,2025-10-02,9857.77,45239,493
2964,REFERRAL,2025-10-02,11714.9,34294,1891
2965,FB_JAN,2025-10-03,6521.79,19669,2512
2966,GOOGLE_SEARCH,2025-10-03,8785.9,28871,127
2967,INSTA_REEL,2025-10-03,909.53,49854,1569
2968,REFERRAL,2025-10-03,14213.07,1061,2807
2969,FB_JAN,2025-10-04,7258.59,46003,689
2970,GOOGLE_SEARCH,2025-10-04,836.28,44846,560
2971,INSTA_REEL,2025-10-04,657.38,21000,2131
2972,REFERRAL,2025-10-04,6373.91,47796,86
2973,FB_JAN,2025-10-05,7058.28,17514,2942
2974,GOOGLE_SEARCH,2025-10-05,13043.14,40502,516
2975,INSTA_REEL,2025-10-05,3780.03,15646,1649
2976,REFERRAL,2025-10-05,11452.9,49416,2674
2977,FB_JAN,2025-10-06,2965.72,19252,1170
2978,GOOGLE_SEARCH,2025-10-06,946.48,36742,1169
2979,INSTA_REEL,2025-10-06,14334.52,6682,995
2980,REFERRAL,2025-10-06,11613.98,22303,1212
2981,FB_JAN,2025-10-07,4838.53,10222,2531
2982,GOOGLE_SEARCH,2025-10-07,6914.15,5225,724
2983,INSTA_REEL,2025-10-07,10813.93,40531,2763
2984,REFERRAL,2025-10-07,1490.6,41198,2745
2985,FB_JAN,2025-10-08,4269.1,19896,2471
2986,GOOGLE_SEARCH,2025-10-08,10457.18,43471,81
2987,INSTA_REEL,2025-10-08,1201.68,5710,2883
2988,REFERRAL,2025-10-08,572.76,14916,1735
2989,FB_JAN,2025-10-09,5890.02,4505,2344
2990,GOOGLE_SEARCH,2025-10-09,2161.37,31928,2295
2991,INSTA_REEL,2025-10-09,10360.92,49758,2340
2992,REFERRAL,2025-10-09,8773.9,21636,1562
2993,FB_JAN,2025-10-10,10858.4,5647,2212
2994,GOOGLE_SEARCH,2025-10-10,14532.61,42537,93
2995,INSTA_REEL,2025-10-10,12440.2,23776,200
2996,REFERRAL,2025-10-10,4221.49,3220,837
2997,FB_JAN,2025-10-11,13817.32,15688,1037
2998,GOOGLE_SEARCH,2025-10-11,6666.04,27882,2827
2999,INSTA_REEL,2025-10-11,6014.91,30359,2922
3000,REFERRAL,2025-10-11,10262.34,26447,2082
3001,FB_JAN,2025-10-12,6081.38,34126,2370
3002,GOOGLE_SEARCH,2025-10-12,718.56,42927,1200
3003,INSTA_REEL,2025-10-12,9841.45,4920,1593
3004,REFERRAL,2025-10-12,12077.0,22820,611
3005,FB_JAN,2025-10-13,9596.95,27488,2654
3006,GOOGLE_SEARCH,2025-10-13,14686.48,43675,1884
3007,INSTA_REEL,2025-10-13,4460.57,37125,1576
3008,REFERRAL,2025-10-13,11136.36,42809,680
3009,FB_JAN,2025-10-14,4748.21,38913,2350
3010,GOOGLE_SEARCH,2025-10-14,6539.2,35570,2207
3011,INSTA_REEL,2025-10-14,12426.1,6527,1991
3012,REFERRAL,2025-10-14,5199.82,16453,1444
3013,FB_JAN,2025-10-15,1670.27,43601,2448
3014,GOOGLE_SEARCH,2025-10-15,5525.9,8290,860
3015,INSTA_REEL,2025-10-15,10710.56,29644,515
3016,REFERRAL,2025-10-15,13846.74,20831,1987
3017,FB_JAN,2025-10-16,5540.39,7100,1252
3018,GOOGLE_SEARCH,2025-10-16,8978.14,27839,1814
3019,INSTA_REEL,2025-10-16,14170.78,40947,2351
3020,REFERRAL,2025-10-16,13067.49,26695,2851
3021,FB_JAN,2025-10-17,9478.44,3240,775
3022,GOOGLE_SEARCH,2025-10-17,13635.68,21741,1897
3023,INSTA_REEL,2025-10-17,14183.99,22030,1979
3024,REFERRAL,2025-10-17,4048.33,32735,506
3025,FB_JAN,2025-10-18,12339.83,45225,2185
3026,GOOGLE_SEARCH,2025-10-18,14704.41,40884,2693
3027,INSTA_REEL,2025-10-18,7848.09,1330,2361
3028,REFERRAL,2025-10-18,11900.27,48443,1509
3029,FB_JAN,2025-10-19,9270.55,39736,2587
3030,GOOGLE_SEARCH,2025-10-19,14345.97,31860,1500
3031,INSTA_REEL,2025-10-19,3144.89,35700,2067
3032,REFERRAL,2025-10-19,5784.72,18776,501
3033,FB_JAN,2025-10-20,9067.41,15544,1834
3034,GOOGLE_SEARCH,2025-10-20,8409.67,38137,1492
3035,INSTA_REEL,2025-10-20,8773.71,14581,643
3036,REFERRAL,2025-10-20,9922.85,17067,1143
3037,FB_JAN,2025-10-21,824.84,12896,943
3038,GOOGLE_SEARCH,2025-10-21,10259.39,1812,2098
3039,INSTA_REEL,2025-10-21,11045.64,47255,1512
3040,REFERRAL,2025-10-21,10569.14,33249,2289
3041,FB_JAN,2025-10-22,1299.4,8841,2996
3042,GOOGLE_SEARCH,2025-10-22,1171.91,45065,72
3043,INSTA_REEL,2025-10-22,10552.35,40594,2155
3044,REFERRAL,2025-10-22,9667.15,44379,472
3045,FB_JAN,2025-10-23,10416.52,15864,1492
3046,GOOGLE_SEARCH,2025-10-23,3715.8,19577,2168
3047,INSTA_REEL,2025-10-23,3189.0,17004,147
3048,REFERRAL,2025-10-23,4494.46,37891,809
3049,FB_JAN,2025-10-24,4929.53,37068,2249
3050,GOOGLE_SEARCH,2025-10-24,7037.47,36090,2629
3051,INSTA_REEL,2025-10-24,3908.39,41735,810
3052,REFERRAL,2025-10-24,11539.59,2980,2862
3053,FB_JAN,2025-10-25,1263.0,19366,1604
3054,GOOGLE_SEARCH,2025-10-25,9042.77,30903,1181
3055,INSTA_REEL,2025-10-25,9182.84,4202,2092
3056,REFERRAL,2025-10-25,14029.29,36818,1204
3057,FB_JAN,2025-10-26,7249.19,26464,1986
3058,GOOGLE_SEARCH,2025-10-26,1125.43,7982,653
3059,INSTA_REEL,2025-10-26,10042.05,9368,2468
3060,REFERRAL,2025-10-26,6447.59,4259,2388
3061,FB_JAN,2025-10-27,7133.23,10660,1963
3062,GOOGLE_SEARCH,2025-10-27,5418.12,6389,1055
3063,INSTA_REEL,2025-10-27,8788.18,7254,2567
3064,REFERRAL,2025-10-27,10566.65,24491,267
3065,FB_JAN,2025-10-28,7218.83,25732,1779
3066,GOOGLE_SEARCH,2025-10-28,5340.1,21364,2430
3067,INSTA_REEL,2025-10-28,7515.04,22611,2612
3068,REFERRAL,2025-10-28,14398.61,28685,1476
3069,FB_JAN,2025-10-29,10450.2,1007,1294
3070,GOOGLE_SEARCH,2025-10-29,7803.68,30088,2369
3071,INSTA_REEL,2025-10-29,6458.46,40375,1781
3072,REFERRAL,2025-10-29,4409.1,23449,370
3073,FB_JAN,2025-10-30,6966.41,22369,2702
3074,GOOGLE_SEARCH,2025-10-30,8239.32,20375,2418
3075,INSTA_REEL,2025-10-30,6451.19,4466,1923
3076,REFERRAL,2025-10-30,12370.28,13121,2234
3077,FB_JAN,2025-10-31,2970.95,31849,590
3078,GOOGLE_SEARCH,2025-10-31,14466.93,5464,944
3079,INSTA_REEL,2025-10-31,8122.57,48796,2771
3080,REFERRAL,2025-10-31,12619.84,47944,1121
3081,FB_JAN,2025-11-01,8861.58,25102,880
3082,GOOGLE_SEARCH,2025-11-01,12114.65,42237,2530
3083,INSTA_REEL,2025-11-01,3431.21,2791,1396
3084,REFERRAL,2025-11-01,2935.78,49159,1398
3085,FB_JAN,2025-11-02,4771.11,10511,999
3086,GOOGLE_SEARCH,2025-11-02,2108.2,22016,1919
3087,INSTA_REEL,2025-11-02,5057.47,9453,218
3088,REFERRAL,2025-11-02,14110.08,48202,2533
3089,FB_JAN,2025-11-03,1728.51,9550,1406
3090,GOOGLE_SEARCH,2025-11-03,817.89,22994,454
3091,INSTA_REEL,2025-11-03,14982.39,3412,246
3092,REFERRAL,2025-11-03,2792.79,47692,2615
3093,FB_JAN,2025-11-04,3808.19,24627,1586
3094,GOOGLE_SEARCH,2025-11-04,9685.23,19951,1372
3095,INSTA_REEL,2025-11-04,4999.49,33240,126
3096,REFERRAL,2025-11-04,3556.17,44368,1626
3097,FB_JAN,2025-11-05,11676.37,23715,1657
3098,GOOGLE_SEARCH,2025-11-05,14708.31,22335,2256
3099,INSTA_REEL,2025-11-05,13602.08,1236,1085
3100,REFERRAL,2025-11-05,3693.79,34921,1251
3101,FB_JAN,2025-11-06,8420.08,19065,745
3102,GOOGLE_SEARCH,2025-11-06,6131.29,22666,1802
3103,INSTA_REEL,2025-11-06,2589.63,37385,1439
3104,REFERRAL,2025-11-06,530.27,12029,1323
3105,FB_JAN,2025-11-07,2901.07,29985,1952
3106,GOOGLE_SEARCH,2025-11-07,5073.62,33367,2036
3107,INSTA_REEL,2025-11-07,6766.23,27431,743
3108,REFERRAL,2025-11-07,2073.55,47485,2993
3109,FB_JAN,2025-11-08,9898.6,28128,126
3110,GOOGLE_SEARCH,2025-11-08,4029.09,17155,1525
3111,INSTA_REEL,2025-11-08,12040.0,37668,1379
3112,REFERRAL,2025-11-08,3523.36,20613,2650
3113,FB_JAN,2025-11-09,2633.67,47066,1926
3114,GOOGLE_SEARCH,2025-11-09,4951.39,43849,1065
3115,INSTA_REEL,2025-11-09,9198.77,39046,1221
3116,REFERRAL,2025-11-09,6794.2,30477,617
3117,FB_JAN,2025-11-10,14595.13,45681,855
3118,GOOGLE_SEARCH,2025-11-10,11157.89,18482,2567
3119,INSTA_REEL,2025-11-10,13946.82,17024,1645
3120,REFERRAL,2025-11-10,12983.6,5113,2756
3121,FB_JAN,2025-11-11,7177.49,6557,1736
3122,GOOGLE_SEARCH,2025-11-11,7870.26,29210,1944
3123,INSTA_REEL,2025-11-11,12821.0,20419,1946
3124,REFERRAL,2025-11-11,12446.42,42394,2528
3125,FB_JAN,2025-11-12,2379.14,33968,627
3126,GOOGLE_SEARCH,2025-11-12,6675.93,26252,1772
3127,INSTA_REEL,2025-11-12,13829.65,23086,118
3128,REFERRAL,2025-11-12,1967.72,9088,2003
3129,FB_JAN,2025-11-13,4248.56,8905,2436
3130,GOOGLE_SEARCH,2025-11-13,14653.04,42178,2885
3131,INSTA_REEL,2025-11-13,11177.14,37638,125
3132,REFERRAL,2025-11-13,14061.6,9753,2366
3133,FB_JAN,2025-11-14,2931.38,18855,2002
3134,GOOGLE_SEARCH,2025-11-14,12494.83,22159,1665
3135,INSTA_REEL,2025-11-14,11497.09,44851,2173
3136,REFERRAL,2025-11-14,5158.86,35654,1126
3137,FB_JAN,2025-11-15,7738.76,36060,286
3138,GOOGLE_SEARCH,2025-11-15,7000.39,22877,2433
3139,INSTA_REEL,2025-11-15,8471.7,26566,2053
3140,REFERRAL,2025-11-15,9124.85,20167,829
3141,FB_JAN,2025-11-16,7233.8,39480,2959
3142,GOOGLE_SEARCH,2025-11-16,7645.07,10999,2082
3143,INSTA_REEL,2025-11-16,12207.68,24330,114
3144,REFERRAL,2025-11-16,12589.0,35809,399
3145,FB_JAN,2025-11-17,6725.33,20812,1891
3146,GOOGLE_SEARCH,2025-11-17,4012.76,42581,800
3147,INSTA_REEL,2025-11-17,6300.9,16258,950
3148,REFERRAL,2025-11-17,10272.85,42277,912
3149,FB_JAN,2025-11-18,9033.03,14169,2703
3150,GOOGLE_SEARCH,2025-11-18,5750.83,24078,2692
3151,INSTA_REEL,2025-11-18,5607.81,36208,1656
3152,REFERRAL,2025-11-18,11540.61,24398,1299
3153,FB_JAN,2025-11-19,5416.66,20324,2565
3154,GOOGLE_SEARCH,2025-11-19,14477.22,11011,921
3155,INSTA_REEL,2025-11-19,3285.57,46642,2874
3156,REFERRAL,2025-11-19,14306.84,33997,190
3157,FB_JAN,2025-11-20,13941.03,14097,2353
3158,GOOGLE_SEARCH,2025-11-20,3284.14,3212,549
3159,INSTA_REEL,2025-11-20,9632.96,1717,302
3160,REFERRAL,2025-11-20,6516.13,30406,2054
3161,FB_JAN,2025-11-21,14303.54,38719,301
3162,GOOGLE_SEARCH,2025-11-21,11844.11,21432,1955
3163,INSTA_REEL,2025-11-21,7381.11,39751,1057
3164,REFERRAL,2025-11-21,4913.31,13997,2337
3165,FB_JAN,2025-11-22,3716.37,42580,1942
3166,GOOGLE_SEARCH,2025-11-22,8705.77,27106,2280
3167,INSTA_REEL,2025-11-22,5852.79,30617,927
3168,REFERRAL,2025-11-22,2246.93,44262,1301
3169,FB_JAN,2025-11-23,14587.93,38216,513
3170,GOOGLE_SEARCH,2025-11-23,7037.56,44159,1436
3171,INSTA_REEL,2025-11-23,1848.41,13207,2725
3172,REFERRAL,2025-11-23,2592.62,47171,783
3173,FB_JAN,2025-11-24,12268.62,44870,2104
3174,GOOGLE_SEARCH,2025-11-24,4423.8,32132,599
3175,INSTA_REEL,2025-11-24,10337.92,47710,2418
3176,REFERRAL,2025-11-24,7583.63,17819,950
3177,FB_JAN,2025-11-25,2476.0,32252,1613
3178,GOOGLE_SEARCH,2025-11-25,2708.28,27488,723
3179,INSTA_REEL,2025-11-25,10616.69,20513,1999
3180,REFERRAL,2025-11-25,4962.45,35995,108
3181,FB_JAN,2025-11-26,5602.87,1416,1659
3182,GOOGLE_SEARCH,2025-11-26,3642.62,12593,301
3183,INSTA_REEL,2025-11-26,11314.9,3380,544
3184,REFERRAL,2025-11-26,4299.93,22330,787
3185,FB_JAN,2025-11-27,5140.03,19539,397
3186,GOOGLE_SEARCH,2025-11-27,8449.92,29947,1351
3187,INSTA_REEL,2025-11-27,4985.42,9087,2676
3188,REFERRAL,2025-11-27,1932.12,46978,1281
3189,FB_JAN,2025-11-28,7467.68,10874,1731
3190,GOOGLE_SEARCH,2025-11-28,10463.95,9279,295
3191,INSTA_REEL,2025-11-28,9791.53,39555,2101
3192,REFERRAL,2025-11-28,3724.65,20162,2883
3193,FB_JAN,2025-11-29,13789.02,9431,2323
3194,GOOGLE_SEARCH,2025-11-29,11016.95,14247,133
3195,INSTA_REEL,2025-11-29,3251.32,15219,133
3196,REFERRAL,2025-11-29,2892.07,28256,2123
3197,FB_JAN,2025-11-30,6780.59,12675,2138
3198,GOOGLE_SEARCH,2025-11-30,9531.74,47506,1001
3199,INSTA_REEL,2025-11-30,11350.19,28296,487
3200,REFERRAL,2025-11-30,5464.69,42778,1222
3201,FB_JAN,2025-12-01,9952.4,36469,324
3202,GOOGLE_SEARCH,2025-12-01,13969.23,46173,1532
3203,INSTA_REEL,2025-12-01,4593.1,46147,1380
3204,REFERRAL,2025-12-01,7801.48,29484,2428
3205,FB_JAN,2025-12-02,9106.71,40092,217
3206,GOOGLE_SEARCH,2025-12-02,8639.39,36264,1675
3207,INSTA_REEL,2025-12-02,2432.09,48027,559
3208,REFERRAL,2025-12-02,8965.35,8532,163
3209,FB_JAN,2025-12-03,2644.3,20910,2512
3210,GOOGLE_SEARCH,2025-12-03,11773.95,11714,964
3211,INSTA_REEL,2025-12-03,5262.6,47094,132
3212,REFERRAL,2025-12-03,8401.95,21635,1279
3213,FB_JAN,2025-12-04,10561.53,18485,580
3214,GOOGLE_SEARCH,2025-12-04,7176.19,23307,2514
3215,INSTA_REEL,2025-12-04,668.99,15512,389
3216,REFERRAL,2025-12-04,8305.36,43657,1389
3217,FB_JAN,2025-12-05,10313.51,5663,1709
3218,GOOGLE_SEARCH,2025-12-05,11456.49,39825,1959
3219,INSTA_REEL,2025-12-05,9143.14,46389,2689
3220,REFERRAL,2025-12-05,10548.95,1454,1744
3221,FB_JAN,2025-12-06,8591.13,26112,463
3222,GOOGLE_SEARCH,2025-12-06,11722.26,35897,293
3223,INSTA_REEL,2025-12-06,741.49,47039,2988
3224,REFERRAL,2025-12-06,9604.19,49859,797
3225,FB_JAN,2025-12-07,8545.9,16985,897
3226,GOOGLE_SEARCH,2025-12-07,6401.21,2586,1874
3227,INSTA_REEL,2025-12-07,2905.98,5086,2171
3228,REFERRAL,2025-12-07,3104.08,29891,2343
3229,FB_JAN,2025-12-08,13627.85,36815,2258
3230,GOOGLE_SEARCH,2025-12-08,11014.88,16347,1436
3231,INSTA_REEL,2025-12-08,1779.08,5640,2352
3232,REFERRAL,2025-12-08,4733.9,36241,2518
3233,FB_JAN,2025-12-09,9940.71,5986,937
3234,GOOGLE_SEARCH,2025-12-09,2542.0,23451,637
3235,INSTA_REEL,2025-12-09,8852.67,42184,530
3236,REFERRAL,2025-12-09,727.4,43618,2418
3237,FB_JAN,2025-12-10,9069.41,23229,189
3238,GOOGLE_SEARCH,2025-12-10,1348.14,49090,437
3239,INSTA_REEL,2025-12-10,8465.29,37348,1407
3240,REFERRAL,2025-12-10,2955.99,25883,2482
3241,FB_JAN,2025-12-11,9509.07,28577,1835
3242,GOOGLE_SEARCH,2025-12-11,969.35,2713,245
3243,INSTA_REEL,2025-12-11,9366.13,44661,952
3244,REFERRAL,2025-12-11,966.75,4878,1268
3245,FB_JAN,2025-12-12,4040.67,44597,2159
3246,GOOGLE_SEARCH,2025-12-12,4511.92,14602,1739
3247,INSTA_REEL,2025-12-12,1681.04,21241,2294
3248,REFERRAL,2025-12-12,10407.72,15712,1957
3249,FB_JAN,2025-12-13,6168.35,46881,1605
3250,GOOGLE_SEARCH,2025-12-13,4515.31,22940,996
3251,INSTA_REEL,2025-12-13,7545.79,11754,1210
3252,REFERRAL,2025-12-13,4596.23,8560,570
3253,FB_JAN,2025-12-14,7004.8,45559,1510
3254,GOOGLE_SEARCH,2025-12-14,4833.15,8057,644
3255,INSTA_REEL,2025-12-14,13073.35,35609,1755
3256,REFERRAL,2025-12-14,12522.75,32876,1738
3257,FB_JAN,2025-12-15,4249.97,30983,2690
3258,GOOGLE_SEARCH,2025-12-15,12479.57,32830,2101
3259,INSTA_REEL,2025-12-15,4847.69,33131,881
3260,REFERRAL,2025-12-15,1914.57,42837,1564
3261,FB_JAN,2025-12-16,3664.92,47307,1142
3262,GOOGLE_SEARCH,2025-12-16,5333.6,25907,1828
3263,INSTA_REEL,2025-12-16,12028.57,14751,380
3264,REFERRAL,2025-12-16,2220.0,24736,1613
3265,FB_JAN,2025-12-17,9285.87,23880,2321
3266,GOOGLE_SEARCH,2025-12-17,1542.93,16667,1229
3267,INSTA_REEL,2025-12-17,4549.65,26063,148
3268,REFERRAL,2025-12-17,13873.19,8981,584
3269,FB_JAN,2025-12-18,7271.72,37266,684
3270,GOOGLE_SEARCH,2025-12-18,1611.54,37071,1703
3271,INSTA_REEL,2025-12-18,3220.74,11178,2452
3272,REFERRAL,2025-12-18,13297.34,41653,1037
3273,FB_JAN,2025-12-19,7903.74,40701,483
3274,GOOGLE_SEARCH,2025-12-19,14478.01,24691,755
3275,INSTA_REEL,2025-12-19,7235.89,20936,2778
3276,REFERRAL,2025-12-19,6427.28,6961,1640
3277,FB_JAN,2025-12-20,9026.96,30682,2114
3278,GOOGLE_SEARCH,2025-12-20,14906.01,48147,2548
3279,INSTA_REEL,2025-12-20,13067.23,29413,2158
3280,REFERRAL,2025-12-20,3822.66,41296,1506
3281,FB_JAN,2025-12-21,12695.86,20874,2276
3282,GOOGLE_SEARCH,2025-12-21,1159.08,43753,1058
3283,INSTA_REEL,2025-12-21,1276.9,48925,647
3284,REFERRAL,2025-12-21,3878.87,15188,2428
3285,FB_JAN,2025-12-22,5255.43,18791,2494
3286,GOOGLE_SEARCH,2025-12-22,5415.67,48748,2763
3287,INSTA_REEL,2025-12-22,1044.92,11492,2232
3288,REFERRAL,2025-12-22,1798.95,47227,2854
3289,FB_JAN,2025-12-23,10279.93,23490,1645
3290,GOOGLE_SEARCH,2025-12-23,8220.69,29738,2142
3291,INSTA_REEL,2025-12-23,9079.27,13590,843
3292,REFERRAL,2025-12-23,5919.06,5139,1322
3293,FB_JAN,2025-12-24,10821.03,49777,2277
3294,GOOGLE_SEARCH,2025-12-24,6556.52,42086,618
3295,INSTA_REEL,2025-12-24,657.33,10351,1416
3296,REFERRAL,2025-12-24,10856.54,23428,2920
3297,FB_JAN,2025-12-25,7956.5,19761,2493
3298,GOOGLE_SEARCH,2025-12-25,2432.83,3480,2285
3299,INSTA_REEL,2025-12-25,9850.61,26978,1355
3300,REFERRAL,2025-12-25,2257.96,49863,968
3301,FB_JAN,2025-12-26,12412.27,25655,1334
3302,GOOGLE_SEARCH,2025-12-26,2745.81,37853,258
3303,INSTA_REEL,2025-12-26,7428.19,44830,2385
3304,REFERRAL,2025-12-26,6601.38,3673,1133
3305,FB_JAN,2025-12-27,12382.63,46775,1698
3306,GOOGLE_SEARCH,2025-12-27,8448.25,31564,724
3307,INSTA_REEL,2025-12-27,14768.04,7798,935
3308,REFERRAL,2025-12-27,11521.55,29005,1667
3309,FB_JAN,2025-12-28,14884.47,10182,1494
3310,GOOGLE_SEARCH,2025-12-28,2712.89,19163,763
3311,INSTA_REEL,2025-12-28,3436.29,5001,2326
3312,REFERRAL,2025-12-28,10627.62,34505,1534
3313,FB_JAN,2025-12-29,14486.55,7472,1456
3314,GOOGLE_SEARCH,2025-12-29,11446.69,12827,1925
3315,INSTA_REEL,2025-12-29,12994.31,18449,2529
3316,REFERRAL,2025-12-29,8879.37,38369,1444
3317,FB_JAN,2025-12-30,8493.74,33042,2031
3318,GOOGLE_SEARCH,2025-12-30,1312.55,22146,679
3319,INSTA_REEL,2025-12-30,13369.53,35944,1027
3320,REFERRAL,2025-12-30,1290.44,2458,836
3321,FB_JAN,2025-12-31,8240.91,1301,657
3322,GOOGLE_SEARCH,2025-12-31,6139.19,14885,2480
3323,INSTA_REEL,2025-12-31,9069.75,22499,58
3324,REFERRAL,2025-12-31,4259.17,45552,2620
3325,FB_JAN,2026-01-01,2298.88,45680,1556
3326,GOOGLE_SEARCH,2026-01-01,6469.31,10653,1014
3327,INSTA_REEL,2026-01-01,14545.79,10572,1491
3328,REFERRAL,2026-01-01,1150.02,14773,562
3329,FB_JAN,2026-01-02,7598.51,18050,2149
3330,GOOGLE_SEARCH,2026-01-02,2718.9,43153,540
3331,INSTA_REEL,2026-01-02,7816.13,11497,1396
3332,REFERRAL,2026-01-02,14704.02,4042,1713
3333,FB_JAN,2026-01-03,1074.62,26937,2500
3334,GOOGLE_SEARCH,2026-01-03,4062.82,42159,1251
3335,INSTA_REEL,2026-01-03,7302.23,45290,2997
3336,REFERRAL,2026-01-03,4011.37,24076,147
3337,FB_JAN,2026-01-04,14504.64,1395,485
3338,GOOGLE_SEARCH,2026-01-04,6261.14,4940,1202
3339,INSTA_REEL,2026-01-04,5818.43,17622,1207
3340,REFERRAL,2026-01-04,1809.2,21316,2358
3341,FB_JAN,2026-01-05,14856.08,5206,804
3342,GOOGLE_SEARCH,2026-01-05,12840.63,23132,1190
3343,INSTA_REEL,2026-01-05,12046.73,44769,754
3344,REFERRAL,2026-01-05,6443.19,16044,1594
3345,FB_JAN,2026-01-06,12294.18,12822,649
3346,GOOGLE_SEARCH,2026-01-06,7900.45,6201,2585
3347,INSTA_REEL,2026-01-06,3872.58,19973,1551
3348,REFERRAL,2026-01-06,9031.07,41083,1092
3349,FB_JAN,2026-01-07,2586.72,5330,1968
3350,GOOGLE_SEARCH,2026-01-07,7341.04,20496,565
3351,INSTA_REEL,2026-01-07,7752.56,42112,767
3352,REFERRAL,2026-01-07,5021.44,34300,1163
3353,FB_JAN,2026-01-08,3580.08,16894,2197
3354,GOOGLE_SEARCH,2026-01-08,12891.01,19391,1954
3355,INSTA_REEL,2026-01-08,2842.96,25930,2084
3356,REFERRAL,2026-01-08,12200.45,45609,2655
3357,FB_JAN,2026-01-09,13526.35,18740,1668
3358,GOOGLE_SEARCH,2026-01-09,5666.68,21076,1840
3359,INSTA_REEL,2026-01-09,1909.65,47440,1461
3360,REFERRAL,2026-01-09,2691.78,37392,926
3361,FB_JAN,2026-01-10,5229.88,5504,1783
3362,GOOGLE_SEARCH,2026-01-10,9595.05,3522,1669
3363,INSTA_REEL,2026-01-10,14402.36,44955,2416
3364,REFERRAL,2026-01-10,3444.57,33892,935
3365,FB_JAN,2026-01-11,3714.01,30941,1443
3366,GOOGLE_SEARCH,2026-01-11,6318.69,36785,785
3367,INSTA_REEL,2026-01-11,9021.22,17635,929
3368,REFERRAL,2026-01-11,10921.4,42301,90
3369,FB_JAN,2026-01-12,5484.37,32716,333
3370,GOOGLE_SEARCH,2026-01-12,7213.49,49320,1483
3371,INSTA_REEL,2026-01-12,5386.43,16116,2316
3372,REFERRAL,2026-01-12,8062.45,48993,1736
3373,FB_JAN,2026-01-13,13774.87,21937,323
3374,GOOGLE_SEARCH,2026-01-13,12972.22,46365,2614
3375,INSTA_REEL,2026-01-13,8562.12,45219,2363
3376,REFERRAL,2026-01-13,5762.9,49932,2311
3377,FB_JAN,2026-01-14,7778.15,36118,2438
3378,GOOGLE_SEARCH,2026-01-14,677.49,40385,2078
3379,INSTA_REEL,2026-01-14,14374.1,25232,2071
3380,REFERRAL,2026-01-14,13477.13,35508,1298
3381,FB_JAN,2026-01-15,5736.81,21489,139
3382,GOOGLE_SEARCH,2026-01-15,4585.24,20723,2510
3383,INSTA_REEL,2026-01-15,3558.66,46527,234
3384,REFERRAL,2026-01-15,7468.94,12146,2689
3385,FB_JAN,2026-01-16,14734.51,30116,709
3386,GOOGLE_SEARCH,2026-01-16,14745.65,35452,617
