view_id,user_id,content_id,view_timestamp,watch_duration_minutes,playback_failure,search_to_play
1,1086,50,2025-10-11 00:55:00,65,0,0
2,1270,300,2026-06-10 00:26:00,17,0,0
3,660,220,2025-11-09 00:25:00,9,0,1
4,590,224,2026-09-01 00:44:00,5,0,1
5,1470,342,2026-08-25 00:38:00,28,0,0
6,1385,396,2026-01-05 00:45:00,21,0,1
7,1029,6,2026-06-29 00:19:00,16,0,1
8,1692,274,2026-07-24 00:04:00,3,0,0
9,1171,143,2026-06-17 00:23:00,18,0,0
10,1675,34,2026-01-14 00:14:00,1,0,0
11,1729,361,2025-11-24 00:38:00,3,0,1
12,71,56,2026-06-24 00:26:00,1,0,0
13,772,365,2026-06-29 00:33:00,22,1,0
14,426,340,2025-12-20 00:54:00,62,0,1
15,688,24,2026-04-11 00:31:00,28,0,1
16,1770,327,2026-01-27 00:46:00,7,0,0
17,683,483,2025-06-19 00:14:00,40,0,0
18,1770,198,2026-05-28 00:03:00,23,0,1
19,847,94,2025-10-09 00:51:00,51,0,0
20,192,127,2026-06-12 00:30:00,19,0,0
21,333,404,2026-09-07 00:43:00,30,0,0
22,77,131,2026-08-16 00:49:00,22,0,0
23,1461,23,2026-08-26 00:25:00,69,0,1
24,1717,363,2026-08-13 00:41:00,9,0,0
25,483,266,2025-06-02 00:58:00,5,0,0
26,1067,10,2026-01-24 00:54:00,17,1,0
27,884,495,2026-04-20 00:36:00,39,0,0
28,254,232,2026-05-18 00:47:00,19,0,0
29,674,50,2026-04-14 00:23:00,28,0,1
30,1720,78,2026-07-20 00:12:00,19,0,1
31,1565,329,2026-04-21 00:13:00,55,0,0
32,1366,127,2026-05-13 00:28:00,31,0,0
33,329,263,2026-08-19 00:37:00,8,0,0
34,895,387,2025-12-05 00:48:00,10,0,0
35,1314,478,2026-07-20 00:18:00,7,0,0
36,1679,235,2026-07-04 00:28:00,27,0,0
37,1400,277,2026-08-27 00:30:00,24,0,0
38,807,377,2026-03-18 00:50:00,56,0,0
39,872,296,2025-06-25 00:33:00,11,0,1
40,1126,100,2026-03-28 00:48:00,4,0,0
41,442,363,2025-10-28 00:56:00,24,0,0
42,1269,388,2025-10-04 00:07:00,15,0,0
43,1296,193,2025-10-28 00:41:00,18,1,1
44,804,92,2026-02-26 00:28:00,1,0,0
45,1585,497,2026-08-11 00:46:00,1,0,1
46,825,136,2026-04-30 00:29:00,41,0,1
47,951,164,2025-10-19 00:39:00,4,0,0
48,1248,469,2026-08-08 00:05:00,1,0,0
49,900,231,2026-08-01 00:01:00,20,0,0
50,1782,436,2025-12-24 00:31:00,32,0,0
51,1213,377,2026-01-20 00:24:00,37,0,0
52,466,119,2026-08-11 00:38:00,5,0,0
53,1735,54,2026-09-03 00:01:00,32,0,0
54,1584,75,2026-01-19 00:14:00,17,0,0
55,257,482,2026-08-22 00:26:00,10,0,1
56,909,456,2026-07-31 00:13:00,12,0,0
57,1538,199,2026-09-06 00:27:00,50,0,0
58,1540,252,2025-12-08 00:19:00,48,0,0
59,1294,70,2026-08-18 00:03:00,9,1,0
60,575,278,2026-09-04 00:47:00,11,0,0
61,259,106,2025-12-21 00:58:00,19,0,0
62,1453,325,2026-02-06 00:05:00,1,0,0
63,1385,15,2026-04-19 00:22:00,38,0,1
64,1398,206,2026-08-16 00:13:00,2,0,0
65,329,221,2026-08-21 00:39:00,10,0,0
66,240,168,2025-12-20 00:48:00,18,0,1
67,1450,148,2026-05-16 00:26:00,81,0,1
68,1497,131,2026-08-30 00:08:00,19,0,0
69,1018,25,2026-08-30 00:19:00,29,0,1
70,1232,397,2026-07-22 00:24:00,3,0,0
71,1078,162,2026-08-31 00:24:00,1,0,1
72,487,92,2026-08-16 00:06:00,1,0,0
73,1148,46,2026-03-30 00:56:00,4,0,1
74,1433,263,2025-11-26 00:57:00,6,0,1
75,530,277,2026-06-25 00:16:00,61,0,0
76,1514,300,2026-04-21 00:07:00,11,0,1
77,204,153,2026-05-25 00:01:00,16,0,1
78,1286,5,2026-05-13 00:57:00,72,0,0
79,1114,478,2026-07-30 00:09:00,51,0,1
80,1722,419,2026-06-25 00:50:00,3,0,0
81,1400,108,2026-08-10 00:11:00,59,0,1
82,1504,10,2026-07-02 00:36:00,3,0,0
83,300,147,2026-01-22 00:58:00,48,0,1
84,1301,355,2026-08-19 00:02:00,2,0,1
85,1080,487,2026-09-04 00:46:00,5,0,0
86,545,90,2026-05-29 00:26:00,7,0,1
87,605,197,2026-02-20 00:00:00,1,0,1
88,1673,76,2026-04-18 00:00:00,1,0,1
89,1263,457,2026-02-25 00:01:00,2,0,0
90,1310,31,2026-07-24 00:45:00,39,1,0
91,1308,139,2026-08-28 00:49:00,14,0,0
92,1593,178,2026-05-13 00:34:00,56,0,0
93,229,35,2026-05-30 00:11:00,19,0,0
94,1705,407,2026-05-16 00:43:00,5,0,1
95,226,164,2026-07-20 00:54:00,24,0,0
96,1738,368,2026-05-15 00:24:00,14,0,1
97,76,472,2025-12-18 00:15:00,39,0,1
98,197,65,2026-03-28 00:46:00,29,1,0
99,544,364,2025-10-15 00:10:00,5,0,0
100,1067,237,2026-05-24 00:26:00,10,0,1
101,615,231,2026-04-07 00:13:00,1,0,0
102,718,194,2026-03-28 00:17:00,45,0,1
103,32,163,2026-09-07 00:55:00,11,0,0
104,1749,224,2026-03-12 00:52:00,10,0,1
105,1434,415,2026-03-28 00:58:00,26,1,0
106,1730,423,2026-08-31 00:43:00,24,0,1
107,928,15,2026-06-30 00:39:00,1,0,0
108,1765,170,2026-08-24 00:09:00,16,0,1
109,517,122,2026-02-16 00:56:00,33,0,0
110,1558,240,2025-08-25 00:37:00,3,0,0
111,916,148,2026-08-16 00:02:00,2,0,0
112,1398,387,2026-06-27 00:44:00,8,1,0
113,1339,469,2026-01-08 00:32:00,35,1,0
114,987,139,2026-08-12 00:14:00,57,0,1
115,1020,351,2026-05-13 00:40:00,39,0,0
116,1322,413,2026-09-06 00:10:00,40,1,1
117,1053,494,2026-01-10 00:21:00,1,0,0
118,1498,139,2025-10-06 00:13:00,24,0,1
119,1113,486,2026-04-07 00:23:00,14,0,0
120,1592,172,2026-02-26 00:20:00,25,0,0
121,1273,27,2026-07-03 00:27:00,12,0,1
122,389,427,2026-02-23 00:04:00,7,0,0
123,246,82,2026-07-10 00:21:00,15,0,1
124,1457,57,2026-08-03 00:08:00,9,0,0
125,626,169,2026-03-02 00:21:00,20,0,0
126,1638,436,2026-05-17 00:37:00,1,0,1
127,1271,32,2026-08-03 00:18:00,12,0,1
128,638,327,2026-08-14 00:36:00,2,0,0
129,1573,316,2025-10-21 00:18:00,36,1,1
130,824,185,2026-01-02 00:23:00,20,0,1
131,1317,330,2025-09-27 00:52:00,40,0,0
132,1278,120,2026-07-15 00:51:00,30,0,1
133,1176,148,2026-04-02 00:44:00,1,0,1
134,1420,264,2026-04-21 00:31:00,11,0,0
135,652,18,2026-06-10 00:37:00,20,0,0
136,454,268,2026-08-06 00:42:00,36,0,0
137,1328,272,2026-07-11 00:58:00,2,0,1
138,27,264,2025-10-02 00:00:00,1,0,1
139,1499,496,2026-07-04 00:23:00,9,0,0
140,165,334,2026-07-12 00:39:00,5,0,1
141,1164,389,2025-12-22 00:42:00,20,0,1
142,344,150,2025-11-25 00:38:00,33,1,0
143,66,278,2026-09-02 00:11:00,13,0,0
144,1284,364,2026-08-01 00:18:00,13,0,0
145,553,475,2026-05-27 00:34:00,7,0,0
146,1462,464,2026-02-13 00:32:00,3,0,0
147,1488,130,2026-07-17 00:15:00,4,0,1
148,728,439,2025-11-18 00:55:00,8,0,1
149,824,39,2026-02-06 00:32:00,5,0,1
150,1436,499,2025-11-22 00:01:00,2,0,0
151,1229,260,2026-08-20 00:43:00,12,0,0
152,307,249,2026-02-03 00:49:00,10,0,1
153,766,336,2026-04-08 00:22:00,49,0,0
154,855,33,2026-06-05 00:20:00,12,0,0
155,746,123,2026-06-15 00:47:00,4,0,0
156,156,174,2026-01-15 00:21:00,47,0,1
157,727,63,2026-01-11 00:39:00,42,0,1
158,151,167,2026-06-09 00:38:00,34,0,1
159,1748,401,2026-08-28 00:09:00,32,0,1
160,1112,434,2026-07-08 00:35:00,15,0,1
161,1536,413,2026-09-05 00:35:00,9,0,1
162,1662,160,2026-03-10 00:18:00,29,0,1
163,1186,365,2025-09-29 00:21:00,91,0,1
164,1670,492,2026-07-20 00:54:00,7,0,0
165,1593,225,2026-08-25 00:59:00,11,1,0
166,1262,216,2026-09-07 00:57:00,13,0,1
167,308,269,2026-07-28 00:23:00,1,0,0
168,369,95,2026-02-01 00:08:00,1,0,1
169,1711,319,2026-04-13 00:59:00,2,1,0
170,1481,12,2026-08-23 00:04:00,6,0,0
171,648,27,2025-12-21 00:33:00,13,0,1
172,1087,399,2026-08-28 00:32:00,3,0,0
173,852,459,2026-01-14 00:48:00,15,1,1
174,821,77,2026-07-17 00:15:00,27,0,0
175,1657,497,2026-08-01 00:18:00,25,0,0
176,1576,111,2026-03-26 00:39:00,1,0,1
177,1251,465,2026-09-07 00:50:00,2,0,0
178,1362,481,2026-06-07 00:16:00,13,0,0
179,1003,109,2025-08-06 00:21:00,20,0,0
180,1446,290,2025-09-13 00:43:00,41,0,0
181,725,130,2026-07-07 00:49:00,5,0,1
182,674,403,2026-06-01 00:23:00,9,0,1
183,301,71,2026-06-28 00:50:00,11,0,0
184,461,424,2026-08-02 00:06:00,12,1,0
185,234,476,2026-09-04 00:03:00,70,0,0
186,94,176,2026-08-07 00:27:00,9,0,0
187,1618,406,2026-05-16 00:08:00,2,0,0
188,316,449,2026-05-13 00:45:00,16,0,0
189,1757,208,2026-04-16 00:34:00,27,0,0
190,1106,93,2026-08-12 00:12:00,4,0,0
191,610,216,2026-06-13 00:28:00,5,0,0
192,692,112,2026-07-08 00:25:00,13,0,0
193,1223,349,2025-12-30 00:04:00,12,0,0
194,773,255,2026-08-05 00:44:00,33,0,0
195,697,251,2026-06-22 00:30:00,46,0,1
196,1589,347,2026-03-28 00:47:00,22,0,1
197,1532,283,2026-07-08 00:35:00,7,0,0
198,632,206,2026-08-29 00:26:00,14,1,1
199,1248,13,2026-02-07 00:02:00,7,0,1
200,625,284,2026-04-06 00:44:00,11,0,1
201,1175,471,2026-06-27 00:26:00,3,0,1
202,516,482,2025-12-12 00:19:00,7,0,0
203,1678,187,2025-06-28 00:51:00,2,1,0
204,1625,88,2026-02-14 00:11:00,9,0,0
205,1505,364,2026-06-25 00:50:00,14,0,0
206,1503,60,2026-09-01 00:59:00,1,0,1
207,495,368,2026-08-31 00:48:00,11,0,0
208,969,367,2025-12-08 00:34:00,7,0,1
209,59,355,2026-08-05 00:53:00,8,0,0
210,500,30,2026-06-26 00:35:00,3,0,1
211,636,408,2026-05-21 00:32:00,11,0,1
212,1091,447,2026-09-03 00:28:00,13,0,0
213,332,424,2025-10-09 00:57:00,6,0,0
214,206,41,2026-07-21 00:21:00,6,0,0
215,30,184,2026-08-17 00:04:00,27,0,0
216,1572,116,2026-06-10 00:37:00,11,0,0
217,1079,114,2026-08-15 00:44:00,6,0,0
218,621,421,2026-08-03 00:15:00,12,0,1
219,193,330,2026-06-30 00:01:00,18,0,0
220,1574,8,2026-04-14 00:13:00,42,0,1
221,585,494,2026-08-02 00:17:00,44,0,0
222,1595,135,2026-09-06 00:34:00,19,0,0
223,271,427,2026-08-20 00:13:00,3,1,1
224,937,178,2026-02-19 00:53:00,3,0,1
225,326,305,2026-07-23 00:34:00,11,0,0
226,875,156,2026-05-23 00:28:00,26,0,1
227,403,144,2026-03-26 00:02:00,7,0,0
228,616,282,2025-08-15 00:35:00,20,0,1
229,1157,76,2026-07-10 00:39:00,3,0,0
230,742,210,2026-09-06 00:30:00,36,0,0
231,1607,202,2025-12-27 00:36:00,7,1,0
232,1450,239,2026-06-15 00:28:00,25,0,1
233,492,269,2026-05-25 00:48:00,27,1,1
234,135,380,2026-07-28 00:48:00,15,0,0
235,1522,315,2026-02-17 00:57:00,4,0,0
236,776,250,2026-08-19 00:40:00,40,0,0
237,1578,194,2026-04-02 00:01:00,18,0,0
238,107,25,2025-07-26 00:10:00,9,0,0
239,308,480,2026-02-06 00:19:00,23,0,1
240,323,261,2025-12-30 00:34:00,49,0,0
241,49,122,2025-08-31 00:49:00,4,0,0
242,1009,246,2026-08-11 00:09:00,50,0,1
243,409,490,2026-08-20 00:39:00,6,0,1
244,1282,272,2026-08-27 00:14:00,42,0,0
245,77,410,2025-12-28 00:26:00,1,0,0
246,550,190,2025-09-25 00:30:00,5,0,0
247,1388,466,2026-06-28 00:50:00,12,0,1
248,438,11,2026-07-12 00:14:00,10,0,0
249,1269,468,2026-07-11 00:34:00,1,0,0
250,1056,321,2025-10-30 00:17:00,6,0,1
251,377,263,2026-08-31 00:18:00,51,0,1
252,1796,270,2026-08-18 00:49:00,57,0,0
253,1600,448,2026-07-15 00:31:00,18,0,0
254,531,384,2026-05-08 00:25:00,8,0,1
255,549,108,2026-08-06 00:47:00,39,1,0
256,1686,356,2026-06-23 00:12:00,63,0,0
257,1330,280,2026-04-08 00:16:00,18,0,0
258,1040,8,2025-10-18 00:03:00,15,0,0
259,1717,53,2026-03-20 00:45:00,56,0,0
260,226,79,2026-06-18 00:01:00,25,0,0
261,926,87,2026-08-11 00:04:00,35,0,0
262,559,294,2026-05-25 00:22:00,30,0,0
263,1737,381,2026-03-21 00:19:00,30,1,1
264,154,428,2026-07-07 00:58:00,41,0,0
265,1647,171,2026-08-23 00:50:00,7,0,1
266,1702,134,2026-01-07 00:17:00,43,0,1
267,522,139,2025-06-29 00:02:00,110,0,1
268,677,145,2026-04-11 00:15:00,47,0,0
269,1097,171,2026-04-16 00:15:00,1,0,1
270,1385,459,2026-06-01 00:54:00,14,0,1
271,45,52,2026-01-09 00:54:00,11,0,0
272,1789,75,2026-01-17 00:40:00,9,0,0
273,49,65,2026-03-11 00:58:00,43,0,0
274,1218,63,2026-09-02 00:43:00,17,0,0
275,1187,217,2025-12-27 00:46:00,12,0,0
276,535,190,2026-08-05 00:30:00,1,1,0
277,504,169,2026-01-03 00:38:00,10,0,1
278,773,110,2026-08-05 00:01:00,9,0,0
279,1194,111,2026-06-30 00:34:00,9,1,0
280,1466,175,2026-09-07 00:15:00,21,0,0
281,1498,112,2026-03-18 00:12:00,1,0,0
282,1460,64,2026-07-09 00:55:00,37,1,0
283,60,118,2026-05-22 00:18:00,1,0,0
284,1008,65,2026-08-09 00:54:00,21,0,1
285,661,342,2025-07-28 00:02:00,3,0,1
286,93,225,2026-08-25 00:41:00,12,1,0
287,1338,480,2026-04-20 00:29:00,14,0,0
288,356,83,2026-08-02 00:58:00,5,0,0
289,545,227,2026-07-12 00:09:00,5,0,1
290,91,432,2026-08-28 00:58:00,1,0,0
291,597,240,2026-08-25 00:28:00,40,0,1
292,153,118,2026-09-06 00:28:00,36,0,1
293,1258,408,2026-01-07 00:09:00,3,0,1
294,873,363,2026-08-02 00:22:00,51,0,0
295,851,202,2026-06-16 00:17:00,57,0,1
296,506,487,2026-08-23 00:39:00,28,0,0
297,1800,131,2026-08-23 00:44:00,5,1,0
298,1787,80,2026-08-31 00:44:00,29,0,1
299,1016,106,2026-07-02 00:50:00,16,0,0
300,575,167,2026-09-02 00:47:00,1,0,0
301,216,335,2025-12-22 00:48:00,25,0,1
302,877,441,2025-11-03 00:16:00,4,0,1
303,1075,14,2026-04-17 00:46:00,1,0,0
304,1621,365,2026-06-21 00:47:00,2,0,0
305,333,398,2026-06-27 00:53:00,43,0,0
306,613,162,2025-11-03 00:10:00,5,0,1
307,1741,439,2026-04-21 00:02:00,1,0,1
308,169,481,2026-08-20 00:11:00,8,0,0
309,597,463,2026-07-07 00:19:00,12,0,0
310,1749,72,2026-04-24 00:19:00,1,0,0
311,547,89,2025-11-27 00:54:00,22,0,1
312,1293,325,2026-08-14 00:59:00,18,0,0
313,317,333,2026-04-22 00:43:00,7,0,0
314,983,228,2026-08-30 00:43:00,25,0,0
315,792,209,2026-07-21 00:38:00,17,0,1
316,939,250,2026-01-09 00:56:00,24,0,1
317,1389,6,2026-06-16 00:39:00,1,0,0
318,886,235,2025-12-10 00:10:00,22,0,0
319,1275,21,2026-08-19 00:41:00,13,0,1
320,1428,336,2026-06-18 00:49:00,16,1,1
321,1568,17,2025-09-11 00:44:00,5,0,0
322,1208,367,2025-12-08 00:20:00,1,0,1
323,1124,2,2026-08-10 00:14:00,15,0,0
324,1309,263,2026-09-01 00:58:00,53,0,1
325,1707,95,2026-03-11 00:10:00,2,0,1
326,1728,321,2026-01-23 00:15:00,2,0,0
327,1107,238,2026-03-21 00:09:00,83,0,0
328,1405,419,2026-04-22 00:24:00,21,0,0
329,1798,342,2026-09-04 00:38:00,102,0,0
330,468,240,2026-06-02 00:16:00,21,0,0
331,1730,406,2026-09-01 00:23:00,42,0,1
332,1427,252,2026-08-23 00:47:00,5,0,0
333,745,480,2026-02-17 00:29:00,1,1,1
334,751,217,2026-03-22 00:30:00,1,0,0
335,520,343,2026-07-02 00:24:00,1,0,0
336,1695,472,2026-05-15 00:33:00,1,0,1
337,1227,221,2026-06-11 00:00:00,5,0,1
338,1204,46,2026-08-02 00:06:00,1,0,0
339,141,400,2026-07-17 00:54:00,15,0,0
340,1688,300,2026-09-05 00:10:00,26,0,0
341,590,314,2026-07-11 00:15:00,16,0,0
342,1531,292,2026-08-24 00:04:00,12,0,0
343,1343,327,2026-07-31 00:55:00,18,0,1
344,1508,334,2025-05-29 00:18:00,36,1,0
345,1174,335,2026-07-27 00:10:00,19,0,1
346,204,143,2026-07-07 00:08:00,45,0,0
347,1052,455,2026-03-02 00:21:00,4,0,1
348,610,131,2026-04-12 00:20:00,3,0,1
349,81,337,2026-09-03 00:46:00,62,0,1
350,840,244,2026-08-13 00:41:00,55,0,0
351,650,488,2026-07-24 00:25:00,50,0,1
352,1011,104,2026-04-21 00:31:00,7,0,0
353,1205,48,2026-02-05 00:54:00,14,0,0
354,1653,71,2025-09-24 00:38:00,21,0,1
355,606,102,2026-08-05 00:38:00,44,0,1
356,1689,345,2026-07-06 00:01:00,11,0,0
357,1182,98,2026-03-05 00:39:00,6,0,0
358,286,414,2026-05-11 00:44:00,7,0,0
359,1403,342,2026-05-28 00:22:00,8,0,0
360,1421,36,2026-08-11 00:17:00,16,0,0
361,175,489,2026-02-06 00:28:00,22,0,1
362,415,124,2026-08-25 00:18:00,49,1,0
363,1714,169,2026-06-29 00:39:00,34,0,1
364,414,157,2026-03-11 00:27:00,59,0,0
365,1681,378,2026-07-01 00:41:00,2,0,1
366,957,348,2026-05-05 00:49:00,14,0,1
367,653,320,2025-12-21 00:51:00,59,0,0
368,1012,53,2026-07-04 00:14:00,51,0,0
369,715,120,2026-08-23 00:51:00,57,0,0
370,405,490,2025-04-29 00:25:00,8,0,0
371,32,18,2026-08-10 00:47:00,7,1,0
372,555,10,2026-05-09 00:31:00,19,0,0
373,1010,375,2026-09-02 00:14:00,21,0,0
374,796,85,2025-10-16 00:22:00,17,0,0
375,1768,192,2026-02-07 00:15:00,27,0,1
376,1692,205,2026-07-11 00:20:00,6,0,0
377,1723,46,2026-07-14 00:59:00,24,0,0
378,420,400,2026-08-30 00:57:00,2,1,1
379,1211,175,2026-05-17 00:29:00,10,0,1
380,686,328,2025-11-05 00:26:00,64,0,0
381,1657,481,2026-08-08 00:28:00,76,0,0
382,1417,395,2026-06-22 00:08:00,24,0,1
383,1251,280,2026-09-06 00:36:00,4,0,0
384,813,252,2026-07-31 00:35:00,41,0,0
385,1110,394,2026-07-17 00:44:00,1,0,0
386,663,354,2026-07-24 00:18:00,1,0,0
387,703,367,2026-06-22 00:02:00,22,0,0
388,1245,298,2026-09-01 00:06:00,1,0,0
389,1302,334,2026-06-28 00:53:00,30,0,1
390,1433,313,2026-02-18 00:49:00,27,0,0
391,1453,201,2025-09-16 00:51:00,1,0,0
392,179,44,2026-08-19 00:50:00,27,0,1
393,430,165,2026-08-13 00:46:00,27,0,1
394,730,182,2026-02-13 00:06:00,6,0,1
395,350,197,2026-08-19 00:17:00,53,0,0
396,1375,280,2026-06-18 00:59:00,30,0,0
397,419,196,2026-07-02 00:32:00,23,0,1
398,1701,180,2026-07-04 00:43:00,35,0,0
399,22,473,2026-06-27 00:56:00,94,0,0
400,224,453,2026-09-02 00:38:00,1,0,0
401,1010,302,2026-08-26 00:33:00,32,0,0
402,350,443,2026-05-17 00:47:00,39,1,0
403,532,478,2026-06-03 00:40:00,9,0,1
404,772,206,2026-02-21 00:27:00,1,0,1
405,1384,338,2026-04-01 00:34:00,85,0,1
406,1355,347,2026-09-01 00:33:00,31,0,1
407,325,469,2026-01-19 00:21:00,15,0,1
408,990,329,2026-04-04 00:56:00,5,0,0
409,249,488,2026-05-16 00:50:00,2,0,0
410,448,475,2025-09-22 00:58:00,13,0,0
411,776,352,2026-08-10 00:55:00,39,0,0
412,1410,487,2025-08-15 00:08:00,13,0,0
413,1532,131,2026-08-04 00:06:00,100,0,0
414,782,329,2026-03-30 00:14:00,6,0,0
415,120,160,2026-06-10 00:50:00,8,0,0
416,785,19,2026-09-02 00:57:00,24,1,0
417,129,232,2026-08-27 00:38:00,3,1,0
418,1646,420,2026-09-06 00:32:00,1,0,0
419,325,499,2025-12-06 00:56:00,7,0,1
420,1116,277,2026-07-18 00:38:00,29,0,0
421,1439,399,2025-08-29 00:09:00,3,0,1
422,1080,277,2026-06-05 00:51:00,6,1,1
423,145,368,2026-02-01 00:35:00,21,1,0
424,973,380,2026-02-26 00:33:00,26,0,1
425,1055,189,2026-06-23 00:14:00,50,0,1
426,1754,126,2026-07-22 00:19:00,3,0,0
427,814,49,2026-08-16 00:46:00,1,0,0
428,570,201,2026-02-05 00:41:00,7,0,1
429,45,417,2026-02-28 00:15:00,20,0,1
430,1315,213,2026-06-20 00:39:00,21,0,1
431,499,348,2026-07-05 00:11:00,17,1,1
432,50,362,2025-11-30 00:29:00,27,0,0
433,259,463,2026-09-06 00:08:00,34,0,0
434,404,45,2026-08-09 00:30:00,50,0,0
435,1599,460,2026-06-20 00:06:00,65,0,0
436,1042,350,2026-09-07 00:33:00,7,0,1
437,74,298,2026-09-01 00:20:00,24,0,1
438,910,157,2026-02-20 00:18:00,17,0,1
439,125,112,2026-06-09 00:23:00,3,0,1
440,13,167,2025-12-26 00:26:00,26,0,0
441,854,322,2026-08-13 00:52:00,1,0,0
442,1472,33,2026-05-14 00:54:00,41,0,1
443,918,21,2026-07-21 00:09:00,44,0,0
444,831,397,2026-06-12 00:50:00,43,0,0
445,516,395,2026-02-20 00:26:00,10,0,0
446,459,493,2026-03-29 00:57:00,1,0,0
447,419,97,2026-07-17 00:19:00,24,0,0
448,1083,386,2026-07-17 00:38:00,10,0,1
449,1271,427,2026-02-23 00:19:00,35,0,0
450,363,123,2026-08-01 00:16:00,10,0,0
451,1729,315,2026-08-18 00:50:00,4,0,1
452,146,151,2026-07-21 00:31:00,38,0,1
453,52,246,2026-05-23 00:43:00,1,0,0
454,956,261,2026-07-03 00:16:00,20,0,0
455,243,43,2026-04-07 00:26:00,2,0,0
456,605,428,2025-11-30 00:30:00,24,0,0
457,1172,96,2026-05-15 00:00:00,24,0,0
458,308,30,2026-07-16 00:38:00,46,0,0
459,1692,401,2026-07-04 00:07:00,7,0,0
460,1541,256,2026-08-12 00:45:00,3,0,0
461,75,115,2026-03-26 00:57:00,36,0,1
462,254,15,2026-05-09 00:42:00,4,0,0
463,1578,191,2025-09-09 00:40:00,36,0,0
464,1532,139,2026-05-07 00:35:00,1,0,1
465,221,70,2025-05-16 00:23:00,9,0,0
466,786,128,2026-08-05 00:32:00,72,0,0
467,547,441,2026-05-05 00:17:00,2,0,1
468,817,155,2026-08-21 00:57:00,6,0,0
469,1315,331,2026-06-07 00:06:00,11,0,1
470,1299,175,2025-12-24 00:45:00,5,0,0
471,340,92,2026-03-11 00:11:00,1,1,1
472,1485,400,2026-08-07 00:46:00,20,0,0
473,60,315,2026-08-30 00:44:00,9,0,1
474,595,312,2026-05-26 00:58:00,3,0,0
475,1383,424,2026-08-28 00:16:00,64,0,0
476,1426,277,2026-07-26 00:24:00,28,0,0
477,1677,179,2025-07-15 00:12:00,17,0,1
478,947,346,2026-06-08 00:52:00,4,0,0
479,1759,315,2026-07-22 00:10:00,14,0,0
480,209,418,2025-05-23 00:49:00,22,0,0
481,182,254,2025-08-17 00:21:00,32,0,0
482,1613,30,2026-07-27 00:44:00,110,0,0
483,1336,81,2026-05-11 00:01:00,1,0,1
484,1133,86,2026-09-07 00:18:00,23,0,1
485,1162,496,2026-05-31 00:02:00,8,0,0
486,946,463,2026-01-06 00:15:00,4,1,0
487,345,409,2026-08-23 00:35:00,11,0,1
488,412,152,2026-09-02 00:31:00,8,0,0
489,283,153,2026-06-09 00:23:00,14,0,1
490,1158,370,2026-01-24 00:29:00,108,0,1
491,1580,456,2026-06-21 00:02:00,16,0,1
492,65,8,2026-08-26 00:11:00,36,0,1
493,1111,474,2026-01-05 00:23:00,34,0,1
494,1124,27,2026-07-22 00:56:00,15,0,0
495,1247,375,2026-02-14 00:01:00,15,0,1
496,1504,304,2026-07-16 00:26:00,43,1,0
497,1654,20,2025-11-19 00:58:00,6,0,1
498,1721,257,2026-01-17 00:02:00,27,0,1
499,1733,115,2026-09-02 00:53:00,1,0,0
500,1696,163,2026-08-15 00:40:00,1,0,0
501,225,304,2026-05-27 00:02:00,1,0,0
502,1434,373,2025-07-24 00:02:00,8,0,0
503,581,279,2026-07-12 00:16:00,4,0,0
504,1201,387,2026-08-09 00:43:00,15,0,1
505,331,154,2025-11-27 00:11:00,34,0,0
506,1240,71,2026-05-15 00:42:00,6,0,1
507,410,2,2026-02-21 00:47:00,15,0,1
508,1415,122,2026-07-21 00:35:00,50,1,1
509,243,334,2026-02-04 00:48:00,1,1,1
510,939,268,2026-05-23 00:29:00,23,0,0
511,1310,25,2025-10-28 00:15:00,19,0,0
512,1761,282,2026-01-25 00:29:00,15,0,0
513,1350,129,2026-06-06 00:11:00,14,0,0
514,1380,485,2026-03-26 00:44:00,6,1,0
515,483,313,2025-09-28 00:50:00,16,0,0
516,1579,239,2026-02-11 00:59:00,4,1,0
517,1716,443,2026-07-12 00:36:00,15,0,1
518,563,178,2026-05-03 00:23:00,19,0,0
519,1662,411,2026-05-30 00:19:00,73,0,0
520,1304,479,2026-06-12 00:58:00,12,0,0
521,969,124,2025-09-29 00:18:00,6,0,0
522,902,173,2026-05-14 00:21:00,1,0,0
523,1122,400,2026-04-25 00:28:00,93,0,0
524,154,117,2026-08-11 00:34:00,5,0,1
525,82,138,2026-08-25 00:21:00,1,1,1
526,1648,477,2026-09-01 00:38:00,88,0,1
527,295,378,2026-02-21 00:11:00,12,0,1
528,396,359,2026-05-04 00:24:00,11,0,0
529,1664,313,2026-04-08 00:01:00,11,0,1
530,651,352,2026-09-07 00:13:00,33,1,0
531,395,461,2026-08-28 00:43:00,8,0,0
532,431,95,2026-08-01 00:14:00,28,0,0
533,82,429,2026-08-03 00:04:00,39,0,0
534,790,71,2026-01-25 00:11:00,4,0,0
535,767,9,2026-08-12 00:43:00,83,0,0
536,1188,381,2026-07-04 00:33:00,18,0,1
537,918,248,2025-05-18 00:11:00,19,1,1
538,1619,54,2026-04-18 00:20:00,1,0,0
539,1479,390,2026-06-30 00:46:00,49,0,0
540,407,420,2026-04-16 00:25:00,4,0,0
541,982,401,2026-05-31 00:50:00,23,0,0
542,1645,418,2026-08-24 00:12:00,5,0,0
543,1325,369,2026-05-02 00:27:00,14,0,0
544,444,379,2025-11-01 00:36:00,1,1,0
545,443,211,2026-08-25 00:06:00,23,0,0
546,826,250,2026-06-01 00:20:00,15,0,0
547,1310,231,2026-03-18 00:51:00,9,0,0
548,1499,326,2026-06-18 00:10:00,19,0,0
549,1011,463,2026-08-23 00:41:00,16,0,0
550,694,484,2026-09-02 00:57:00,52,0,1
551,1053,487,2025-12-08 00:44:00,1,0,1
552,55,46,2026-07-18 00:59:00,17,1,1
553,20,397,2026-09-03 00:53:00,11,0,0
554,445,139,2025-12-21 00:02:00,8,0,1
555,335,339,2025-07-12 00:20:00,10,0,0
556,1389,478,2026-05-04 00:23:00,35,0,0
557,1659,241,2026-03-29 00:25:00,22,0,0
558,839,360,2026-01-08 00:57:00,43,1,0
559,520,153,2026-09-06 00:32:00,8,0,1
560,1507,64,2026-08-05 00:31:00,25,0,0
561,674,385,2026-05-30 00:22:00,20,0,0
562,384,454,2025-12-08 00:28:00,10,0,0
563,921,234,2025-12-31 00:31:00,23,0,0
564,446,10,2026-09-05 00:29:00,18,0,0
565,692,487,2026-02-16 00:16:00,89,0,0
566,412,155,2026-08-27 00:30:00,36,0,1
567,1790,438,2026-08-30 00:40:00,13,0,0
568,661,464,2026-08-03 00:39:00,8,0,0
569,1588,86,2026-02-04 00:31:00,29,1,0
570,1555,50,2026-07-24 00:03:00,38,0,1
571,1726,388,2026-05-03 00:54:00,58,0,0
572,1212,47,2025-10-21 00:25:00,28,0,0
573,844,414,2026-08-04 00:04:00,9,0,1
574,1346,145,2026-02-26 00:03:00,2,0,0
575,1048,325,2026-02-13 00:49:00,43,0,1
576,356,421,2026-08-30 00:39:00,1,0,0
577,1334,99,2026-04-16 00:34:00,5,0,1
578,1366,444,2026-08-23 00:25:00,23,1,0
579,69,58,2026-08-01 00:49:00,78,0,1
580,1376,59,2026-04-08 00:17:00,1,0,0
581,1274,217,2026-02-14 00:32:00,38,0,0
582,487,26,2026-07-20 00:46:00,45,0,0
583,192,337,2026-07-05 00:06:00,40,0,1
584,943,122,2026-08-14 00:16:00,4,0,1
585,1524,371,2026-06-25 00:18:00,6,0,1
586,1345,49,2026-07-02 00:42:00,18,0,1
587,1424,197,2026-06-25 00:12:00,9,0,1
588,521,391,2025-11-15 00:08:00,37,0,1
589,1695,324,2025-11-10 00:29:00,3,0,0
590,1012,22,2026-08-22 00:24:00,22,0,1
591,416,64,2026-07-23 00:46:00,57,1,0
592,1588,223,2026-05-16 00:32:00,50,0,1
593,322,322,2026-05-31 00:22:00,53,0,0
594,649,362,2026-08-17 00:44:00,14,0,1
595,1365,195,2026-05-25 00:06:00,44,0,0
596,207,461,2026-03-11 00:14:00,8,0,0
597,1652,215,2026-09-03 00:56:00,27,0,0
598,1569,286,2026-01-12 00:31:00,37,0,0
599,1388,95,2026-06-30 00:50:00,23,0,0
600,332,80,2026-03-18 00:40:00,11,0,0
601,522,90,2026-05-18 00:19:00,55,0,1
602,1542,446,2025-11-20 00:03:00,57,0,0
603,1697,126,2026-07-03 00:02:00,32,0,0
604,1115,52,2026-05-10 00:35:00,23,0,0
605,776,192,2026-09-03 00:57:00,40,0,0
606,949,455,2025-11-08 00:25:00,5,0,0
607,1267,193,2026-05-11 00:15:00,8,0,1
608,197,201,2026-02-27 00:00:00,2,0,1
609,1622,466,2025-08-08 00:53:00,3,0,0
610,603,179,2026-08-24 00:22:00,18,1,0
611,785,341,2026-09-02 00:33:00,34,0,0
612,1567,298,2026-08-16 00:13:00,21,0,0
613,875,199,2026-06-03 00:04:00,13,0,1
614,487,200,2026-09-05 00:09:00,6,0,1
615,109,167,2026-07-30 00:01:00,1,0,0
616,3,351,2026-03-26 00:12:00,9,0,0
617,1065,449,2025-10-07 00:33:00,13,0,0
618,1723,40,2026-08-14 00:19:00,4,0,1
619,1607,364,2025-12-16 00:10:00,1,0,1
620,131,333,2026-03-06 00:16:00,2,0,1
621,1069,264,2026-06-01 00:56:00,3,0,0
622,1369,413,2026-07-06 00:44:00,7,0,0
623,1643,142,2025-08-15 00:52:00,2,1,0
624,1686,100,2026-07-18 00:35:00,15,0,0
625,1340,316,2026-06-29 00:26:00,13,0,1
626,121,277,2026-04-19 00:34:00,6,0,1
627,351,267,2026-06-08 00:36:00,40,0,1
628,1068,428,2025-12-10 00:06:00,22,0,1
629,224,133,2026-08-29 00:46:00,22,0,0
630,1004,110,2026-08-01 00:51:00,32,0,1
631,299,446,2026-06-18 00:22:00,11,0,1
632,1067,389,2025-05-30 00:44:00,2,0,0
633,1090,212,2026-01-26 00:37:00,20,0,1
634,1106,306,2026-01-09 00:32:00,24,0,1
635,254,24,2026-03-25 00:34:00,8,0,1
636,834,184,2026-08-12 00:53:00,28,0,1
637,621,355,2026-07-22 00:34:00,25,0,1
638,1073,143,2026-08-15 00:22:00,36,0,1
639,1564,178,2026-07-25 00:47:00,59,0,0
640,774,68,2026-08-08 00:19:00,1,0,1
641,1662,327,2026-05-08 00:38:00,2,0,1
642,1677,451,2026-04-25 00:28:00,41,0,0
643,470,192,2026-02-26 00:05:00,7,0,0
644,1215,246,2026-05-31 00:52:00,2,0,0
645,1770,30,2026-08-09 00:09:00,10,0,1
646,527,301,2026-08-17 00:57:00,21,0,0
647,322,396,2026-04-06 00:44:00,31,0,0
648,1406,16,2026-07-26 00:04:00,7,0,0
649,1109,6,2026-08-27 00:52:00,62,0,0
650,221,313,2026-07-25 00:47:00,28,0,0
651,1743,496,2026-03-15 00:17:00,27,1,0
652,1138,191,2026-08-08 00:10:00,19,0,1
653,310,498,2026-08-31 00:25:00,107,0,1
654,1440,484,2025-11-11 00:13:00,18,0,1
655,257,177,2026-06-16 00:01:00,111,0,1
656,624,252,2026-03-27 00:21:00,4,0,0
657,1732,439,2026-07-12 00:48:00,51,0,0
658,875,67,2026-03-01 00:47:00,20,0,1
659,1528,26,2026-08-21 00:09:00,10,0,1
660,961,103,2026-04-28 00:23:00,16,0,1
661,473,153,2026-01-16 00:32:00,11,0,0
662,654,276,2026-06-20 00:17:00,8,0,1
663,257,311,2026-06-06 00:18:00,43,0,1
664,1629,484,2026-06-16 00:30:00,16,0,0
665,1613,32,2026-04-30 00:41:00,30,0,0
666,830,303,2026-04-04 00:09:00,1,0,0
667,830,96,2026-01-21 00:07:00,9,0,1
668,1774,278,2026-06-10 00:23:00,45,0,1
669,898,442,2026-05-19 00:14:00,18,0,0
670,1512,415,2025-11-24 00:09:00,1,0,0
671,1603,168,2026-08-03 00:36:00,15,0,1
672,287,499,2025-08-20 00:40:00,26,0,0
673,600,71,2026-08-14 00:25:00,31,0,0
674,1524,37,2026-06-05 00:57:00,12,0,1
675,806,115,2026-03-05 00:24:00,3,0,0
676,287,347,2026-04-15 00:51:00,10,0,0
677,276,117,2026-02-02 00:13:00,3,0,0
678,77,159,2025-11-24 00:30:00,36,0,0
679,576,460,2026-04-07 00:28:00,62,0,0
680,617,455,2026-02-19 00:46:00,9,0,0
681,1014,77,2026-08-11 00:01:00,8,0,1
682,1510,445,2026-02-08 00:49:00,8,0,1
683,547,3,2026-01-22 00:57:00,51,0,1
684,308,42,2026-07-31 00:56:00,25,0,1
685,1155,305,2026-06-12 00:07:00,8,0,0
686,115,381,2025-11-07 00:51:00,7,0,0
687,523,411,2026-03-10 00:37:00,31,0,0
688,693,124,2026-09-07 00:43:00,27,0,1
689,332,343,2025-12-08 00:22:00,30,0,0
690,244,181,2026-04-21 00:57:00,3,0,1
691,1355,186,2026-08-24 00:50:00,9,0,0
692,1624,45,2026-04-08 00:26:00,4,1,0
693,764,446,2026-06-29 00:19:00,1,0,1
694,37,84,2026-08-07 00:38:00,15,0,1
695,806,255,2026-04-25 00:26:00,23,0,0
696,1154,39,2026-04-24 00:42:00,36,0,0
697,375,342,2026-09-07 00:37:00,23,0,1
698,952,72,2025-08-29 00:09:00,21,0,0
699,1211,339,2026-01-17 00:38:00,19,0,0
700,1274,325,2026-07-30 00:36:00,46,0,0
701,1114,105,2026-09-05 00:26:00,37,0,0
702,286,178,2025-12-30 00:25:00,17,0,1
703,227,74,2026-08-23 00:21:00,2,0,1
704,705,150,2026-08-28 00:03:00,8,0,0
705,651,118,2026-09-07 00:15:00,32,0,0
706,1177,158,2026-08-11 00:08:00,5,0,0
707,1126,36,2026-07-13 00:31:00,23,0,0
708,676,499,2025-07-22 00:40:00,7,0,1
709,1737,223,2025-07-24 00:12:00,4,0,0
710,1527,330,2026-01-02 00:14:00,15,0,0
711,1420,129,2025-12-30 00:47:00,13,0,0
712,1258,57,2026-01-19 00:02:00,35,0,0
713,1731,400,2026-09-05 00:11:00,3,0,0
714,432,450,2026-05-06 00:53:00,26,0,0
715,1484,68,2026-08-04 00:31:00,48,1,1
716,758,371,2026-09-03 00:42:00,27,0,0
717,820,372,2026-09-05 00:25:00,18,1,1
718,219,443,2026-06-11 00:19:00,21,0,1
719,724,325,2025-12-09 00:18:00,14,1,1
720,704,464,2026-04-11 00:28:00,1,0,1
721,322,80,2026-06-04 00:09:00,1,0,1
722,310,443,2026-08-07 00:06:00,1,0,0
723,1554,381,2025-10-26 00:21:00,1,0,1
724,1034,430,2026-08-29 00:45:00,6,0,0
725,1007,456,2025-09-03 00:10:00,49,0,0
726,462,7,2026-03-24 00:56:00,22,1,1
727,1495,437,2026-09-05 00:26:00,11,0,1
728,1619,192,2026-07-21 00:44:00,1,0,1
729,839,253,2026-09-02 00:21:00,17,0,0
730,1302,146,2026-06-16 00:24:00,35,0,0
731,1179,256,2026-03-16 00:30:00,3,0,1
732,201,377,2026-06-03 00:39:00,13,0,1
733,677,147,2026-07-04 00:33:00,79,1,0
734,1324,151,2026-04-10 00:58:00,60,0,1
735,1611,148,2026-07-31 00:24:00,34,0,0
736,1673,103,2026-01-21 00:57:00,10,0,0
737,397,234,2026-07-31 00:43:00,22,0,1
738,145,499,2026-03-16 00:25:00,5,0,0
739,804,200,2026-08-23 00:25:00,31,0,1
740,190,59,2026-04-09 00:44:00,10,0,1
741,298,407,2026-01-18 00:16:00,4,0,0
742,1408,349,2025-10-21 00:28:00,8,0,0
743,959,222,2026-04-30 00:28:00,3,0,0
744,830,479,2025-12-29 00:32:00,13,0,1
745,1560,349,2026-08-01 00:24:00,1,1,0
746,501,425,2026-04-22 00:51:00,36,0,1
747,1552,225,2026-07-13 00:57:00,32,0,0
748,256,205,2025-11-10 00:13:00,15,0,1
749,1351,118,2026-03-26 00:19:00,12,0,0
750,1693,264,2026-06-22 00:52:00,3,0,0
751,132,251,2026-03-23 00:45:00,11,0,1
752,77,234,2026-02-26 00:53:00,5,0,0
753,51,255,2026-04-01 00:25:00,60,0,1
754,904,127,2026-08-25 00:53:00,15,0,0
755,538,90,2026-07-14 00:30:00,21,0,0
756,1215,407,2026-02-25 00:19:00,16,0,1
757,1729,16,2026-01-20 00:51:00,17,0,1
758,1136,222,2026-09-04 00:34:00,6,0,0
759,1741,295,2026-04-09 00:04:00,1,0,1
760,1036,346,2026-07-20 00:37:00,2,0,0
761,1071,246,2025-10-04 00:54:00,1,0,1
762,1733,388,2026-08-12 00:52:00,97,1,0
763,1138,196,2026-07-15 00:45:00,5,0,1
764,1119,36,2026-06-09 00:07:00,8,0,1
765,423,301,2026-09-06 00:06:00,7,0,0
766,1339,481,2026-05-20 00:35:00,13,0,0
767,634,133,2026-06-08 00:38:00,5,0,1
768,807,438,2025-12-15 00:38:00,43,0,0
769,266,7,2026-05-18 00:55:00,2,0,0
770,522,327,2025-09-15 00:47:00,6,0,0
771,1112,469,2026-07-22 00:20:00,3,1,1
772,1240,41,2026-06-22 00:33:00,1,0,0
773,1593,407,2026-06-14 00:41:00,5,0,1
774,1164,69,2025-09-01 00:46:00,25,0,0
775,1512,317,2026-01-22 00:46:00,64,0,1
776,497,114,2026-08-20 00:17:00,9,0,0
777,184,293,2026-06-09 00:16:00,51,0,1
778,1146,76,2025-12-28 00:17:00,15,0,0
779,436,246,2026-05-21 00:38:00,3,0,1
780,173,396,2026-02-20 00:56:00,14,0,1
781,401,370,2026-08-07 00:08:00,53,0,0
782,857,162,2026-01-13 00:55:00,15,0,0
783,407,375,2026-02-21 00:30:00,21,0,1
784,1743,47,2026-05-06 00:03:00,49,0,1
785,200,5,2026-08-06 00:45:00,1,0,0
786,555,140,2026-02-26 00:15:00,50,0,1
787,935,461,2026-08-18 00:43:00,11,0,0
788,1570,201,2026-06-25 00:11:00,24,0,0
789,786,315,2025-06-01 00:03:00,3,0,0
790,257,18,2026-08-06 00:44:00,18,1,1
791,199,322,2025-11-07 00:14:00,4,0,0
792,1085,362,2026-03-25 00:37:00,35,0,0
793,1140,238,2026-03-28 00:15:00,5,0,1
794,793,433,2026-08-10 00:38:00,28,0,1
795,1446,129,2026-06-06 00:28:00,15,0,0
796,121,330,2026-08-21 00:51:00,1,0,0
797,1184,124,2026-04-30 00:19:00,13,0,0
798,1557,57,2026-06-30 00:43:00,32,0,0
799,298,456,2026-05-30 00:03:00,5,0,0
800,516,354,2026-07-01 00:15:00,1,0,0
801,186,438,2026-06-05 00:12:00,9,0,1
802,609,440,2026-07-18 00:25:00,4,0,0
803,478,55,2026-03-14 00:20:00,89,0,1
804,1612,124,2026-04-27 00:50:00,4,1,1
805,332,136,2026-07-05 00:18:00,8,0,0
806,1531,328,2026-08-10 00:39:00,5,0,0
807,1106,265,2025-10-18 00:04:00,2,0,1
808,41,129,2026-08-07 00:17:00,9,0,0
809,618,222,2026-06-22 00:17:00,1,0,0
810,1620,498,2026-08-28 00:02:00,8,0,1
811,1041,110,2026-05-04 00:54:00,54,0,0
812,736,144,2026-07-09 00:16:00,6,0,1
813,891,319,2026-08-27 00:46:00,5,0,1
814,1624,184,2025-10-31 00:32:00,82,0,0
815,261,158,2026-05-31 00:18:00,13,0,1
816,1151,478,2026-06-16 00:41:00,47,0,0
817,590,472,2026-08-19 00:02:00,13,0,1
818,1346,343,2025-08-09 00:55:00,11,0,0
819,231,195,2026-06-15 00:11:00,19,0,1
820,1568,261,2025-10-14 00:23:00,40,0,0
821,1138,476,2026-06-27 00:43:00,80,0,0
822,1369,80,2026-06-08 00:27:00,12,0,0
823,267,315,2026-07-06 00:01:00,14,0,1
824,140,81,2025-06-11 00:07:00,8,0,0
825,1287,146,2026-02-08 00:53:00,10,0,1
826,935,80,2026-06-24 00:48:00,40,0,0
827,1453,213,2026-06-16 00:06:00,10,0,1
828,245,158,2026-08-21 00:03:00,2,0,0
829,615,279,2026-05-21 00:54:00,4,0,0
830,994,327,2025-12-20 00:23:00,21,0,1
831,442,37,2026-04-13 00:41:00,7,0,0
832,67,423,2026-08-08 00:07:00,9,0,0
833,721,77,2026-07-06 00:55:00,11,0,0
834,666,297,2026-05-17 00:25:00,27,0,0
835,398,234,2025-08-15 00:22:00,8,0,1
836,245,484,2025-12-18 00:21:00,10,0,0
837,778,399,2026-09-05 00:07:00,29,0,1
838,1139,428,2026-09-07 00:41:00,48,0,1
839,1153,430,2026-06-09 00:38:00,18,0,0
840,1023,32,2026-04-19 00:13:00,30,0,1
841,471,312,2026-06-14 00:27:00,9,0,1
842,336,494,2025-11-17 00:18:00,8,0,1
843,1274,350,2026-04-21 00:42:00,35,0,1
844,1794,170,2026-05-20 00:46:00,14,0,0
845,1468,350,2026-08-22 00:48:00,6,0,0
846,1288,169,2025-10-03 00:47:00,88,0,1
847,344,147,2026-01-17 00:22:00,4,0,0
848,505,460,2026-09-05 00:42:00,27,1,1
849,1324,266,2026-08-09 00:56:00,44,0,0
850,905,54,2025-12-05 00:36:00,5,0,1
851,357,92,2026-02-25 00:03:00,46,0,1
852,1620,435,2026-08-28 00:48:00,1,0,0
853,898,186,2026-06-11 00:15:00,6,0,0
854,751,487,2025-12-12 00:32:00,10,0,0
855,596,26,2026-08-09 00:45:00,38,0,0
856,63,93,2026-06-06 00:38:00,11,0,0
857,483,458,2026-01-19 00:32:00,13,0,1
858,821,113,2026-07-30 00:07:00,6,0,1
859,705,247,2026-05-16 00:26:00,21,1,1
860,1235,159,2026-06-25 00:44:00,8,1,0
861,1345,65,2026-06-30 00:26:00,34,0,0
862,310,453,2026-08-06 00:04:00,26,0,0
863,697,32,2026-02-12 00:46:00,25,0,0
864,524,111,2026-05-25 00:52:00,10,0,0
865,576,106,2026-03-03 00:19:00,16,0,0
866,1075,478,2026-04-28 00:48:00,9,0,0
867,1743,74,2026-08-21 00:05:00,11,0,1
868,610,179,2026-06-10 00:48:00,34,0,0
869,363,105,2026-03-31 00:05:00,21,0,0
870,1779,6,2026-06-13 00:58:00,19,0,0
871,612,365,2026-02-22 00:06:00,4,0,1
872,1606,387,2026-08-15 00:00:00,23,0,0
873,193,218,2026-04-13 00:37:00,16,0,0
874,791,163,2026-09-06 00:42:00,13,0,0
875,645,34,2025-08-10 00:39:00,25,0,1
876,992,71,2026-08-17 00:18:00,36,0,0
877,558,164,2026-06-07 00:28:00,12,0,1
878,1226,457,2025-11-22 00:01:00,13,0,0
879,497,456,2026-03-23 00:45:00,7,0,0
880,478,142,2026-05-10 00:33:00,13,0,0
881,1304,396,2025-12-16 00:48:00,30,0,1
882,53,438,2026-05-19 00:24:00,5,0,0
883,1568,48,2025-08-25 00:47:00,74,0,1
884,667,282,2026-08-28 00:25:00,23,0,0
885,1416,214,2026-09-03 00:17:00,18,0,0
886,1654,359,2025-08-01 00:27:00,23,0,1
887,1343,169,2026-09-02 00:42:00,1,0,0
888,761,310,2026-08-11 00:32:00,9,0,0
889,1653,84,2026-08-24 00:18:00,8,0,0
890,53,24,2026-03-04 00:24:00,14,0,0
891,644,155,2026-06-25 00:17:00,7,0,1
892,19,194,2026-05-22 00:20:00,11,0,1
893,409,344,2026-06-01 00:10:00,24,0,0
894,1586,313,2026-04-07 00:49:00,15,1,0
895,1341,69,2025-11-03 00:46:00,4,1,0
896,1746,356,2026-09-06 00:36:00,1,0,0
897,1328,15,2026-05-02 00:53:00,14,0,0
898,1525,255,2026-07-23 00:34:00,9,0,1
899,1661,100,2026-08-23 00:00:00,8,0,1
900,434,455,2026-05-20 00:54:00,3,0,0
901,1588,436,2026-02-19 00:30:00,2,0,0
902,1357,243,2026-02-20 00:54:00,5,0,0
903,702,204,2026-01-02 00:53:00,1,0,0
904,1019,319,2026-07-09 00:55:00,34,0,0
905,588,208,2026-04-02 00:48:00,1,0,0
906,555,298,2025-09-23 00:35:00,74,0,0
907,1694,437,2026-04-05 00:15:00,40,0,0
908,1476,167,2025-11-03 00:13:00,14,0,0
909,954,461,2026-06-17 00:07:00,10,0,0
910,638,22,2026-03-02 00:48:00,14,0,1
911,479,6,2026-07-09 00:02:00,11,0,1
912,389,368,2026-03-02 00:49:00,48,0,0
913,1526,457,2026-01-28 00:21:00,12,0,0
914,917,409,2026-05-17 00:09:00,15,0,0
915,566,137,2026-01-08 00:05:00,16,0,0
916,1289,29,2026-04-19 00:07:00,5,0,0
917,1179,180,2026-08-29 00:44:00,20,1,1
918,1690,58,2026-05-22 00:14:00,7,0,0
919,170,412,2026-03-20 00:44:00,40,0,0
920,204,193,2026-01-24 00:28:00,13,1,0
921,1445,237,2026-06-30 00:50:00,30,0,0
922,141,153,2026-06-08 00:57:00,18,0,1
923,1150,469,2026-09-02 00:29:00,17,0,0
924,427,1,2026-08-26 00:06:00,24,0,1
925,271,152,2026-08-24 00:59:00,4,0,0
926,731,434,2025-06-13 00:44:00,7,0,1
927,1084,302,2026-08-13 00:06:00,49,0,1
928,281,464,2026-05-16 00:23:00,5,0,1
929,1406,374,2026-08-17 00:10:00,14,0,1
930,572,85,2026-07-08 00:09:00,18,1,1
931,50,268,2026-06-12 00:34:00,41,0,1
932,246,153,2026-04-22 00:35:00,38,0,1
933,818,172,2026-04-26 00:05:00,28,0,0
934,673,398,2026-07-07 00:56:00,1,0,0
935,761,419,2025-12-22 00:45:00,1,0,1
936,1633,216,2026-04-02 00:58:00,12,0,1
937,177,433,2026-07-21 00:30:00,7,0,0
938,743,31,2026-08-09 00:23:00,62,0,0
939,663,253,2025-06-25 00:01:00,28,0,1
940,1558,481,2025-12-08 00:42:00,7,0,0
941,938,127,2026-03-20 00:45:00,3,0,0
942,1733,465,2026-08-28 00:40:00,37,0,1
943,1573,41,2025-09-06 00:15:00,7,0,1
944,1753,186,2026-04-29 00:12:00,19,0,1
945,1080,28,2026-08-03 00:51:00,1,0,1
946,437,79,2026-08-16 00:09:00,10,0,0
947,17,77,2026-08-21 00:20:00,12,0,0
948,1313,3,2025-07-08 00:38:00,34,0,0
949,18,116,2026-08-28 00:28:00,24,0,1
950,667,43,2026-08-27 00:48:00,28,0,0
951,1015,372,2026-08-05 00:06:00,1,0,0
952,1515,23,2026-04-05 00:58:00,6,0,0
953,541,140,2025-10-19 00:43:00,5,0,1
954,117,81,2026-08-29 00:47:00,29,0,0
955,1059,190,2026-06-27 00:20:00,77,0,0
956,640,140,2026-02-04 00:33:00,6,0,0
957,737,457,2025-10-14 00:14:00,26,0,0
958,1441,439,2026-04-30 00:00:00,26,0,1
959,70,102,2025-08-06 00:37:00,15,1,0
960,1167,145,2026-05-04 00:38:00,15,0,0
961,79,133,2026-03-25 00:58:00,3,0,0
962,327,173,2026-03-13 00:39:00,9,0,0
963,523,108,2026-07-08 00:49:00,9,0,0
964,911,310,2026-08-21 00:44:00,10,0,0
965,719,355,2026-05-23 00:40:00,7,0,0
966,337,267,2026-06-30 00:13:00,7,0,1
967,292,318,2026-03-25 00:18:00,6,0,1
968,306,3,2026-02-15 00:57:00,11,0,0
969,1282,469,2026-07-11 00:06:00,6,0,1
970,679,325,2026-01-23 00:25:00,18,0,1
971,843,366,2026-03-20 00:16:00,14,0,1
972,726,145,2025-09-28 00:31:00,65,0,1
973,391,86,2026-08-14 00:02:00,2,0,0
974,1643,405,2026-05-05 00:40:00,24,0,0
975,1010,446,2026-06-29 00:17:00,6,0,1
976,873,223,2026-09-02 00:08:00,3,0,0
977,737,477,2025-07-30 00:39:00,6,0,1
978,69,214,2026-02-23 00:34:00,31,0,0
979,1396,311,2026-09-04 00:50:00,9,0,0
980,934,474,2026-03-20 00:56:00,5,0,0
981,909,447,2026-07-16 00:45:00,25,0,1
982,528,108,2026-03-24 00:05:00,1,0,1
983,1045,101,2025-08-04 00:33:00,6,0,1
984,354,126,2025-11-15 00:31:00,1,0,0
985,285,328,2026-03-19 00:30:00,6,0,1
986,740,1,2026-08-24 00:18:00,5,0,0
987,712,108,2026-06-09 00:52:00,5,0,1
988,867,284,2026-07-14 00:58:00,62,0,1
989,989,274,2026-07-27 00:43:00,34,0,0
990,1126,392,2026-06-14 00:49:00,60,0,0
991,1598,399,2026-08-11 00:50:00,24,0,1
992,537,203,2026-08-02 00:17:00,35,0,0
993,1477,191,2026-09-04 00:56:00,37,0,1
994,1673,349,2026-01-22 00:34:00,24,0,1
995,878,359,2026-05-21 00:29:00,16,0,1
996,540,98,2025-10-19 00:54:00,21,0,0
997,1123,113,2026-04-11 00:20:00,13,0,0
998,1041,255,2026-05-11 00:00:00,18,0,1
999,506,205,2026-07-31 00:05:00,14,0,1
1000,364,109,2026-04-27 00:51:00,5,0,1
1001,670,23,2026-04-05 00:23:00,6,0,0
1002,674,84,2026-05-15 00:38:00,34,0,1
1003,63,228,2026-06-11 00:59:00,27,1,1
1004,1488,268,2026-07-15 00:38:00,4,1,0
1005,306,213,2026-05-06 00:35:00,18,1,0
1006,586,226,2026-06-10 00:39:00,38,1,1
1007,1081,349,2026-03-24 00:54:00,34,0,0
1008,15,79,2026-08-27 00:08:00,28,0,1
1009,99,218,2025-09-20 00:38:00,4,0,0
1010,962,272,2026-08-04 00:25:00,4,0,1
1011,1382,169,2025-08-26 00:36:00,6,0,0
1012,873,311,2026-08-29 00:13:00,36,0,1
1013,1171,395,2026-07-29 00:46:00,9,1,0
1014,14,91,2026-04-19 00:02:00,1,0,1
1015,80,35,2026-08-15 00:15:00,51,0,1
1016,210,305,2025-11-27 00:18:00,1,0,1
1017,1287,188,2026-04-29 00:19:00,19,0,1
1018,1695,257,2025-10-05 00:16:00,3,0,1
1019,1348,71,2026-04-09 00:15:00,12,0,1
1020,1159,216,2026-08-30 00:09:00,7,0,0
1021,870,80,2026-06-19 00:58:00,1,0,1
1022,629,239,2026-06-23 00:41:00,54,0,0
1023,1722,362,2026-08-12 00:25:00,39,0,1
1024,314,112,2026-06-04 00:32:00,1,0,0
1025,997,415,2026-04-29 00:19:00,118,0,1
1026,937,466,2026-08-23 00:46:00,33,0,0
1027,1728,361,2026-05-08 00:35:00,1,0,1
1028,544,170,2026-01-07 00:34:00,15,0,0
1029,1242,409,2026-01-01 00:58:00,3,0,0
1030,247,322,2026-07-26 00:05:00,56,1,0
1031,907,411,2026-05-11 00:29:00,36,0,1
1032,308,408,2026-04-12 00:14:00,11,0,0
1033,362,186,2026-08-26 00:31:00,55,0,0
1034,526,322,2026-05-19 00:07:00,5,0,0
1035,402,340,2026-06-26 00:39:00,4,0,0
1036,1733,145,2026-08-20 00:44:00,8,0,1
1037,647,179,2026-08-01 00:34:00,10,0,1
1038,548,187,2025-12-31 00:04:00,1,0,0
1039,171,430,2026-08-27 00:57:00,53,0,0
1040,1500,343,2026-08-14 00:43:00,14,0,0
1041,559,478,2026-09-03 00:01:00,25,0,0
1042,1694,394,2026-08-08 00:10:00,9,1,1
1043,1376,317,2026-07-08 00:16:00,49,0,0
1044,1168,32,2026-04-29 00:30:00,45,0,1
1045,495,467,2026-07-25 00:05:00,15,0,0
1046,1473,287,2026-08-23 00:02:00,11,0,1
1047,860,389,2025-09-18 00:18:00,33,0,1
1048,850,434,2026-06-29 00:57:00,31,0,0
1049,1035,117,2026-02-15 00:06:00,43,0,0
1050,703,468,2025-12-30 00:37:00,4,0,0
1051,869,396,2025-12-20 00:43:00,5,0,0
1052,1463,281,2026-08-09 00:16:00,3,0,0
1053,453,147,2026-08-21 00:25:00,16,0,0
1054,1582,34,2026-06-19 00:48:00,6,0,1
1055,1779,71,2026-07-18 00:22:00,12,0,0
1056,661,228,2026-07-16 00:51:00,13,0,0
1057,1142,273,2026-05-11 00:09:00,13,0,0
1058,161,270,2026-03-23 00:39:00,30,0,0
1059,1625,345,2025-12-11 00:42:00,10,0,1
1060,1264,471,2026-03-25 00:23:00,6,0,0
1061,1420,253,2025-12-27 00:08:00,6,0,1
1062,234,413,2026-02-04 00:46:00,30,0,0
1063,1029,232,2026-06-06 00:26:00,30,0,1
1064,1283,438,2026-08-06 00:18:00,14,0,0
1065,474,333,2026-06-13 00:41:00,13,0,0
1066,591,98,2026-08-25 00:14:00,11,0,0
1067,1590,6,2026-01-12 00:48:00,8,0,0
1068,1279,269,2026-05-26 00:50:00,34,0,0
1069,1500,137,2026-06-09 00:14:00,4,0,0
1070,31,97,2025-12-22 00:50:00,28,1,1
1071,1536,118,2026-09-03 00:48:00,14,1,1
1072,491,452,2026-06-20 00:05:00,21,0,0
1073,669,467,2025-12-12 00:44:00,7,0,0
1074,1224,353,2026-08-27 00:18:00,56,0,1
1075,1458,209,2026-04-18 00:26:00,11,0,0
1076,1304,466,2025-08-02 00:35:00,12,0,0
1077,12,279,2025-06-25 00:21:00,3,0,0
1078,1554,29,2026-01-03 00:49:00,1,0,1
1079,994,270,2025-06-30 00:22:00,17,0,1
1080,396,491,2026-06-30 00:53:00,26,1,0
1081,1638,220,2026-07-03 00:56:00,30,1,0
1082,183,205,2025-08-10 00:13:00,9,0,1
1083,448,287,2025-08-07 00:58:00,1,0,1
1084,1669,275,2026-04-20 00:02:00,3,0,1
1085,1395,44,2026-09-02 00:37:00,34,0,0
1086,383,195,2026-09-06 00:45:00,38,0,1
1087,578,19,2026-07-30 00:43:00,10,0,0
1088,1542,326,2026-02-13 00:43:00,3,0,0
1089,1162,422,2026-04-12 00:54:00,1,0,0
1090,395,45,2026-04-09 00:17:00,6,0,0
1091,1468,114,2025-12-10 00:43:00,6,0,0
1092,359,394,2026-08-09 00:10:00,1,0,0
1093,1440,408,2025-10-06 00:02:00,18,0,0
1094,1722,152,2026-08-26 00:25:00,1,0,0
1095,766,117,2026-06-27 00:26:00,10,0,0
1096,376,353,2026-05-14 00:53:00,28,0,0
1097,78,266,2026-09-01 00:44:00,27,0,0
1098,1247,162,2026-04-26 00:51:00,26,0,0
1099,1722,326,2026-06-30 00:53:00,11,0,1
1100,1624,265,2026-06-17 00:14:00,42,0,1
1101,445,254,2025-10-27 00:50:00,36,0,0
1102,166,255,2026-01-23 00:50:00,11,0,0
1103,1329,238,2026-06-21 00:00:00,17,0,1
1104,946,234,2026-05-31 00:30:00,65,0,0
1105,1715,349,2026-04-24 00:29:00,34,0,0
1106,1175,91,2026-07-08 00:11:00,26,0,0
1107,487,159,2026-08-20 00:02:00,57,1,1
1108,802,241,2026-05-23 00:55:00,6,0,1
1109,152,398,2026-06-28 00:00:00,21,0,0
1110,1363,65,2026-09-01 00:41:00,38,0,1
1111,1678,359,2025-05-18 00:34:00,20,0,0
1112,1195,413,2026-08-27 00:06:00,17,0,0
1113,970,173,2026-09-07 00:24:00,13,0,0
1114,881,66,2026-09-04 00:25:00,39,0,0
1115,1572,178,2025-12-03 00:20:00,42,0,0
1116,1089,32,2026-08-20 00:47:00,8,0,0
1117,425,169,2026-05-13 00:58:00,10,0,0
1118,767,434,2026-07-28 00:32:00,24,0,1
1119,1562,367,2026-01-30 00:10:00,3,0,0
1120,67,342,2026-05-03 00:48:00,3,0,0
1121,447,250,2026-08-22 00:03:00,13,0,0
1122,1692,42,2026-07-22 00:08:00,7,0,1
1123,695,294,2026-08-13 00:21:00,6,0,0
1124,1379,26,2025-11-10 00:22:00,13,0,1
1125,398,13,2026-05-22 00:47:00,2,0,1
1126,1296,334,2025-10-12 00:25:00,28,0,0
1127,300,420,2025-06-25 00:30:00,3,0,0
1128,1476,21,2026-06-10 00:41:00,13,0,0
1129,1187,336,2026-01-06 00:10:00,16,0,0
1130,628,336,2026-07-03 00:57:00,11,0,1
1131,457,48,2026-07-15 00:05:00,8,0,1
1132,1109,313,2026-08-11 00:21:00,8,0,0
1133,153,393,2026-09-01 00:55:00,70,0,1
1134,1711,80,2026-04-15 00:07:00,31,0,0
1135,611,65,2026-04-10 00:53:00,1,0,0
1136,942,137,2025-12-23 00:08:00,36,0,0
1137,1715,223,2026-04-07 00:38:00,1,0,1
1138,1628,360,2026-04-14 00:30:00,6,0,0
1139,413,345,2026-07-31 00:58:00,2,0,0
1140,251,407,2025-08-18 00:02:00,2,0,0
1141,1378,330,2026-08-03 00:28:00,15,0,0
1142,1261,305,2025-09-24 00:21:00,1,0,0
1143,21,304,2026-04-04 00:13:00,37,0,0
1144,197,302,2026-08-13 00:47:00,17,0,1
1145,373,425,2026-05-19 00:58:00,4,0,1
1146,338,476,2026-06-27 00:37:00,9,1,0
1147,736,73,2026-06-28 00:34:00,22,0,1
1148,1395,100,2026-08-20 00:05:00,12,1,0
1149,1380,12,2026-03-26 00:11:00,40,0,1
1150,1261,45,2025-07-16 00:59:00,1,0,1
1151,1199,121,2026-06-17 00:38:00,7,0,1
1152,1291,241,2026-04-14 00:13:00,3,0,0
1153,95,176,2025-07-29 00:24:00,3,0,0
1154,1329,369,2026-05-11 00:31:00,13,1,0
1155,326,372,2026-01-01 00:26:00,41,0,0
1156,909,14,2026-05-03 00:09:00,8,0,1
1157,1414,399,2026-01-28 00:44:00,14,0,0
1158,1060,84,2026-01-23 00:37:00,21,0,1
1159,1629,408,2026-09-04 00:46:00,1,0,1
1160,833,370,2026-09-07 00:19:00,38,0,0
1161,539,405,2026-08-05 00:17:00,42,0,0
1162,1543,28,2026-09-06 00:51:00,25,0,1
1163,426,55,2026-09-05 00:38:00,57,0,1
1164,986,51,2026-07-23 00:21:00,5,0,1
1165,1014,16,2026-08-29 00:07:00,32,0,1
1166,794,134,2026-06-12 00:18:00,1,0,1
1167,906,118,2025-11-14 00:49:00,34,0,1
1168,1468,351,2026-06-07 00:58:00,2,0,1
1169,1005,298,2026-07-12 00:01:00,19,0,1
1170,813,352,2026-04-20 00:21:00,21,0,0
1171,869,328,2026-05-02 00:11:00,3,0,1
1172,1224,54,2026-08-13 00:53:00,15,0,0
1173,914,295,2026-08-03 00:42:00,2,0,0
1174,386,377,2026-06-13 00:45:00,12,0,0
1175,1488,491,2026-04-15 00:35:00,32,0,1
1176,809,244,2026-08-27 00:57:00,9,0,0
1177,1590,300,2026-05-02 00:59:00,67,0,0
1178,211,290,2026-08-04 00:14:00,6,0,0
1179,938,275,2026-01-30 00:59:00,10,0,1
1180,422,106,2025-11-28 00:03:00,179,0,1
1181,58,255,2026-07-07 00:01:00,4,0,1
1182,266,189,2025-05-14 00:54:00,6,0,1
1183,1357,467,2025-09-19 00:01:00,5,0,1
1184,870,412,2026-07-06 00:10:00,5,0,0
1185,793,52,2026-08-12 00:50:00,1,0,0
1186,59,211,2026-07-03 00:11:00,14,1,0
1187,181,360,2026-07-06 00:29:00,18,0,1
1188,658,411,2025-10-28 00:25:00,32,0,0
1189,177,18,2026-08-28 00:35:00,11,0,1
1190,91,215,2026-01-30 00:42:00,13,0,0
1191,579,232,2026-09-04 00:49:00,5,0,0
1192,1390,441,2026-07-11 00:41:00,8,0,0
1193,665,92,2026-06-19 00:02:00,1,1,1
1194,1137,302,2026-04-21 00:10:00,52,0,1
1195,772,490,2026-06-16 00:17:00,5,0,0
1196,1083,130,2026-08-27 00:05:00,29,0,0
1197,717,2,2026-06-05 00:47:00,39,0,1
1198,835,234,2026-03-28 00:33:00,10,0,1
1199,558,140,2026-05-26 00:25:00,12,0,0
1200,515,198,2026-05-06 00:30:00,35,0,1
1201,1366,450,2025-09-06 00:11:00,4,0,0
1202,1010,414,2025-12-05 00:39:00,12,0,1
1203,1448,64,2026-07-31 00:40:00,46,0,0
1204,1745,215,2026-07-06 00:24:00,9,0,0
1205,92,412,2026-06-16 00:36:00,18,0,0
1206,1341,419,2025-10-30 00:45:00,17,0,0
1207,1198,8,2026-08-10 00:37:00,28,0,1
1208,803,53,2026-01-10 00:38:00,39,0,1
1209,827,145,2026-08-24 00:37:00,5,0,0
1210,1029,88,2026-09-01 00:37:00,11,0,1
1211,1598,6,2026-01-05 00:07:00,10,0,0
1212,1723,201,2026-06-11 00:19:00,6,0,0
1213,1028,270,2025-10-25 00:03:00,24,0,0
1214,632,6,2026-07-27 00:33:00,46,0,0
1215,1126,149,2026-04-16 00:13:00,10,0,0
1216,433,317,2026-09-07 00:37:00,21,0,0
1217,937,149,2026-06-02 00:50:00,53,0,0
1218,1355,44,2026-08-20 00:05:00,31,1,0
1219,603,165,2026-08-22 00:05:00,1,0,0
1220,166,209,2025-12-11 00:50:00,42,0,0
1221,586,364,2026-07-08 00:55:00,3,0,1
1222,892,164,2026-04-03 00:49:00,5,0,0
1223,886,332,2026-07-07 00:33:00,12,0,0
1224,699,52,2026-06-20 00:29:00,18,0,0
1225,1561,208,2026-08-18 00:26:00,9,0,1
1226,145,202,2026-06-02 00:09:00,30,0,0
1227,1632,360,2026-01-30 00:24:00,20,0,1
1228,1489,276,2026-02-27 00:12:00,7,0,0
1229,1444,48,2026-09-06 00:26:00,10,0,1
1230,1747,101,2026-08-14 00:17:00,20,0,1
1231,1518,439,2026-08-19 00:44:00,24,0,1
1232,1681,346,2025-12-18 00:09:00,8,0,1
1233,83,500,2026-05-19 00:12:00,28,0,1
1234,34,15,2026-06-23 00:19:00,29,0,0
1235,1679,37,2025-11-26 00:06:00,18,0,0
1236,393,112,2026-07-25 00:24:00,6,0,0
1237,1191,326,2026-06-30 00:32:00,7,0,0
1238,726,13,2026-03-05 00:29:00,7,0,0
1239,1661,268,2026-07-04 00:57:00,5,0,1
1240,1025,426,2026-06-21 00:19:00,20,0,1
1241,1330,26,2026-09-01 00:26:00,20,0,1
1242,1546,87,2026-08-24 00:42:00,42,0,1
1243,43,212,2026-06-20 00:15:00,1,1,0
1244,195,135,2026-02-05 00:24:00,20,0,0
1245,778,343,2026-08-15 00:05:00,52,0,1
1246,585,136,2026-09-02 00:35:00,8,0,0
1247,502,336,2026-08-10 00:20:00,17,0,0
1248,10,427,2026-07-05 00:16:00,7,0,0
1249,1123,394,2026-01-21 00:26:00,36,0,0
1250,388,475,2026-08-04 00:27:00,5,0,1
1251,491,355,2026-08-03 00:53:00,1,0,0
1252,824,280,2026-03-17 00:14:00,20,0,0
1253,475,206,2026-08-18 00:23:00,1,0,0
1254,1493,217,2026-08-29 00:40:00,16,0,0
1255,1045,26,2025-05-31 00:52:00,19,0,0
1256,553,55,2026-01-07 00:02:00,4,0,0
1257,837,459,2026-05-28 00:57:00,20,0,0
1258,197,352,2026-03-15 00:40:00,2,0,0
1259,582,124,2026-07-27 00:01:00,33,0,1
1260,148,201,2026-01-19 00:04:00,1,0,1
1261,1739,145,2026-08-28 00:24:00,7,0,1
1262,38,84,2026-08-13 00:09:00,4,0,0
1263,1233,50,2026-03-28 00:04:00,28,0,0
1264,169,273,2026-09-06 00:50:00,12,0,1
1265,574,189,2026-06-18 00:41:00,37,0,0
1266,337,285,2026-04-10 00:54:00,28,0,0
1267,453,420,2026-08-04 00:48:00,6,0,1
1268,431,411,2026-07-25 00:50:00,27,0,0
1269,1569,313,2026-04-22 00:16:00,5,0,0
1270,334,43,2026-07-01 00:18:00,22,0,0
1271,808,497,2026-05-17 00:30:00,21,0,0
1272,1759,344,2026-07-31 00:23:00,7,0,1
1273,627,443,2026-07-27 00:29:00,25,0,1
1274,1029,265,2026-05-20 00:50:00,50,0,1
1275,1702,374,2026-01-25 00:17:00,17,0,1
1276,297,187,2026-09-05 00:31:00,40,0,1
1277,1762,347,2026-08-07 00:14:00,8,0,0
1278,997,112,2025-08-31 00:41:00,10,0,1
1279,1103,109,2026-09-04 00:06:00,44,0,0
1280,285,365,2026-08-31 00:30:00,38,0,0
1281,1223,98,2025-12-12 00:36:00,16,0,0
1282,1620,138,2026-08-24 00:06:00,59,0,0
1283,1792,468,2026-08-07 00:23:00,5,0,0
1284,207,150,2026-06-20 00:32:00,5,0,0
1285,1090,256,2026-06-24 00:53:00,19,0,0
1286,1452,5,2026-08-24 00:58:00,2,0,1
1287,1452,222,2026-07-10 00:24:00,15,0,1
1288,767,297,2026-07-25 00:22:00,14,0,1
1289,1172,230,2026-04-13 00:38:00,12,0,0
1290,1516,270,2026-09-03 00:05:00,75,1,1
1291,1690,278,2026-05-17 00:37:00,13,0,0
1292,1754,464,2026-02-16 00:42:00,20,0,1
1293,589,12,2026-08-31 00:07:00,6,0,0
1294,1341,370,2026-02-09 00:11:00,10,0,0
1295,1241,186,2026-07-14 00:56:00,25,0,0
1296,400,223,2026-06-02 00:22:00,13,1,1
1297,1470,310,2026-06-12 00:10:00,72,0,0
1298,1566,218,2026-08-25 00:31:00,3,0,0
1299,1771,13,2026-08-29 00:35:00,1,0,0
1300,66,320,2026-07-24 00:04:00,2,0,0
1301,215,121,2026-08-06 00:09:00,1,0,1
1302,809,472,2026-02-13 00:05:00,31,0,0
1303,1241,40,2026-04-24 00:32:00,1,0,0
1304,792,220,2026-07-16 00:17:00,1,0,1
1305,1288,152,2025-07-31 00:14:00,1,0,1
1306,778,86,2026-08-13 00:59:00,5,0,1
1307,353,412,2025-06-28 00:53:00,7,0,0
1308,701,383,2025-09-13 00:14:00,16,0,0
1309,1652,116,2026-08-31 00:56:00,33,0,1
1310,885,368,2026-02-22 00:24:00,21,0,0
1311,1533,140,2026-06-18 00:04:00,33,0,1
1312,168,483,2025-08-24 00:05:00,1,1,1
1313,948,270,2026-03-31 00:45:00,3,0,0
1314,581,491,2026-09-02 00:56:00,10,0,1
1315,438,493,2026-07-01 00:29:00,8,0,0
1316,624,173,2025-05-06 00:34:00,1,0,1
1317,28,107,2026-05-05 00:03:00,3,0,1
1318,1076,329,2026-08-29 00:17:00,5,0,1
1319,104,164,2026-07-16 00:21:00,3,0,1
1320,793,27,2026-08-26 00:20:00,20,0,0
1321,1610,296,2026-09-04 00:07:00,44,0,0
1322,322,261,2026-04-05 00:38:00,2,0,0
1323,717,436,2026-03-18 00:01:00,28,0,0
1324,1367,245,2026-01-11 00:02:00,17,0,0
1325,1423,96,2026-04-26 00:12:00,2,0,1
1326,222,420,2026-06-30 00:13:00,11,1,0
1327,1799,114,2026-09-06 00:03:00,1,0,1
1328,400,454,2026-08-12 00:34:00,19,0,0
1329,388,398,2026-02-22 00:48:00,25,0,0
1330,738,491,2026-07-10 00:11:00,12,1,0
1331,607,349,2025-12-16 00:38:00,2,0,0
1332,1722,224,2026-07-13 00:19:00,8,0,0
1333,1438,386,2025-08-21 00:28:00,29,0,0
1334,171,30,2026-09-07 00:59:00,25,0,1
1335,852,58,2025-11-28 00:20:00,1,0,1
1336,1136,495,2026-05-11 00:46:00,6,0,0
1337,1144,102,2026-08-22 00:07:00,9,0,0
1338,531,73,2026-03-08 00:42:00,50,0,0
1339,1332,34,2026-09-05 00:08:00,7,0,0
1340,1115,146,2026-06-17 00:27:00,2,0,0
1341,652,101,2026-06-05 00:39:00,9,0,1
1342,1622,145,2026-04-19 00:47:00,32,1,0
1343,639,463,2026-05-25 00:05:00,7,0,0
1344,478,379,2025-12-14 00:14:00,32,0,1
1345,899,126,2026-07-05 00:27:00,4,0,1
1346,364,191,2026-05-27 00:08:00,38,0,0
1347,704,248,2026-05-10 00:29:00,29,0,0
1348,258,387,2026-01-06 00:40:00,35,0,0
1349,112,473,2026-08-12 00:28:00,50,0,0
1350,896,55,2026-08-08 00:42:00,16,0,0
1351,1053,305,2025-10-25 00:42:00,10,0,0
1352,1374,267,2026-05-18 00:27:00,12,0,0
1353,74,179,2026-08-14 00:19:00,35,0,0
1354,763,197,2026-08-30 00:41:00,2,0,1
1355,1664,323,2026-08-26 00:59:00,106,0,0
1356,1452,378,2026-08-12 00:25:00,32,0,0
1357,1300,57,2025-09-07 00:38:00,17,1,0
1358,1495,203,2025-12-01 00:05:00,21,0,0
1359,590,305,2026-07-23 00:08:00,13,0,0
1360,668,27,2025-07-03 00:57:00,3,0,1
1361,1341,72,2026-02-18 00:10:00,72,0,0
1362,939,62,2025-08-28 00:20:00,8,0,0
1363,183,177,2025-12-17 00:05:00,12,0,0
1364,483,376,2026-05-04 00:50:00,28,1,0
1365,871,233,2026-01-05 00:59:00,29,0,1
1366,1003,122,2025-08-16 00:04:00,27,0,1
1367,755,52,2026-06-29 00:41:00,2,1,0
1368,451,4,2026-07-21 00:27:00,5,0,1
1369,1789,96,2026-04-28 00:37:00,17,1,1
1370,266,377,2026-03-03 00:11:00,8,0,0
1371,515,208,2026-08-12 00:20:00,6,0,0
1372,1164,236,2025-08-17 00:37:00,6,0,0
1373,1480,31,2026-09-07 00:32:00,17,0,1
1374,686,339,2025-12-28 00:56:00,2,1,0
1375,1260,93,2026-09-06 00:46:00,47,0,1
1376,63,499,2026-08-29 00:05:00,7,0,1
1377,16,392,2026-04-20 00:35:00,11,0,1
1378,648,36,2026-02-12 00:58:00,8,0,0
1379,228,397,2026-04-30 00:49:00,16,0,1
1380,460,407,2026-09-04 00:39:00,7,0,0
1381,703,334,2026-04-01 00:46:00,30,0,0
1382,1500,477,2026-03-03 00:49:00,1,0,0
1383,1566,171,2026-09-06 00:12:00,64,0,0
1384,752,44,2026-04-20 00:37:00,71,0,1
1385,434,293,2026-07-08 00:39:00,1,0,0
1386,180,107,2026-08-05 00:13:00,30,0,0
1387,110,425,2025-10-16 00:23:00,42,0,0
1388,576,180,2026-05-31 00:24:00,10,0,1
1389,1389,370,2026-06-05 00:48:00,58,0,0
1390,1158,304,2026-06-28 00:38:00,2,0,0
1391,1790,135,2026-09-06 00:21:00,4,0,1
1392,533,23,2026-03-21 00:42:00,20,0,1
1393,1279,356,2026-06-03 00:27:00,7,0,0
1394,712,340,2026-08-03 00:05:00,18,0,0
1395,1373,107,2025-06-04 00:45:00,7,0,1
1396,1487,268,2026-04-22 00:22:00,14,0,1
1397,509,399,2026-06-07 00:38:00,4,1,0
1398,375,285,2026-08-29 00:04:00,38,0,0
1399,202,219,2026-05-31 00:20:00,4,0,0
1400,1766,232,2026-08-31 00:07:00,31,0,0
1401,379,495,2026-01-25 00:19:00,6,0,1
1402,917,356,2025-12-05 00:27:00,47,0,0
1403,1059,291,2026-08-06 00:53:00,22,0,0
1404,1149,489,2025-08-19 00:10:00,39,0,1
1405,80,134,2026-08-21 00:57:00,6,0,0
1406,844,359,2026-08-27 00:45:00,77,0,1
1407,1304,447,2025-09-24 00:45:00,5,0,1
1408,1660,290,2026-02-25 00:59:00,37,0,1
1409,293,348,2026-04-04 00:06:00,21,1,0
1410,72,443,2026-07-19 00:03:00,1,0,0
1411,838,131,2026-07-31 00:31:00,22,0,0
1412,609,63,2025-12-17 00:25:00,29,0,0
1413,305,395,2026-05-16 00:10:00,8,0,1
1414,1758,169,2025-11-02 00:01:00,19,0,1
1415,444,187,2026-04-05 00:02:00,96,0,0
1416,1357,91,2025-11-17 00:14:00,3,0,0
1417,1627,2,2026-03-13 00:24:00,2,0,0
1418,64,96,2025-10-13 00:14:00,14,1,0
1419,1034,335,2026-08-02 00:32:00,8,0,0
1420,1578,107,2025-08-21 00:43:00,23,0,0
1421,835,332,2025-10-10 00:12:00,21,0,0
1422,345,144,2026-08-06 00:29:00,3,0,0
1423,1059,232,2026-08-26 00:23:00,6,0,0
1424,1005,293,2026-03-15 00:22:00,4,0,0
1425,952,315,2026-01-23 00:59:00,5,0,0
1426,669,472,2026-03-19 00:19:00,19,0,0
1427,151,364,2026-07-17 00:25:00,18,0,0
1428,194,111,2025-08-02 00:52:00,32,0,0
1429,1627,145,2026-06-18 00:52:00,45,0,0
1430,1007,278,2025-10-02 00:04:00,16,0,0
1431,589,220,2026-09-01 00:19:00,35,0,0
1432,1587,377,2026-05-06 00:19:00,20,0,1
1433,811,175,2026-02-02 00:39:00,1,0,0
1434,921,202,2025-10-22 00:39:00,29,0,0
1435,1195,387,2026-08-29 00:10:00,14,0,0
1436,1151,309,2026-06-03 00:21:00,35,0,0
1437,1772,47,2026-08-30 00:44:00,13,0,0
1438,1689,9,2026-03-10 00:19:00,7,0,0
1439,1391,340,2026-02-24 00:24:00,7,0,0
1440,744,425,2026-07-25 00:23:00,31,0,0
1441,819,487,2026-06-06 00:33:00,10,0,1
1442,614,123,2026-09-06 00:59:00,22,0,0
1443,579,181,2026-08-10 00:24:00,37,0,1
1444,636,325,2026-08-10 00:18:00,2,0,0
1445,1421,434,2026-08-03 00:50:00,9,0,0
1446,1318,314,2025-08-24 00:09:00,4,0,0
1447,1398,286,2026-06-16 00:04:00,14,0,1
1448,1579,136,2026-04-16 00:46:00,29,0,0
1449,76,183,2026-06-30 00:18:00,10,0,0
1450,445,148,2026-09-07 00:55:00,38,0,1
1451,1743,300,2026-03-27 00:51:00,31,0,0
1452,1433,117,2025-12-03 00:55:00,50,0,0
1453,1625,391,2025-11-18 00:33:00,47,0,0
1454,1122,35,2026-04-18 00:46:00,1,0,0
1455,1398,67,2026-05-14 00:24:00,16,0,0
1456,1632,413,2026-05-09 00:09:00,8,0,1
1457,374,347,2026-08-26 00:19:00,20,0,1
1458,1498,156,2025-11-30 00:19:00,11,0,1
1459,1034,335,2026-03-30 00:06:00,33,0,0
1460,769,387,2026-08-09 00:41:00,12,0,1
1461,1030,158,2026-03-20 00:23:00,14,0,0
1462,1551,419,2026-07-27 00:09:00,16,0,0
1463,626,303,2026-05-11 00:16:00,2,0,1
1464,991,37,2025-09-18 00:27:00,2,0,0
1465,1421,47,2026-08-12 00:50:00,28,0,1
1466,1466,239,2026-09-03 00:55:00,41,0,1
1467,721,460,2025-10-10 00:01:00,6,1,0
1468,954,144,2026-03-22 00:13:00,1,0,1
1469,286,53,2026-05-20 00:35:00,4,0,0
1470,787,134,2026-07-03 00:06:00,3,0,0
1471,562,150,2026-07-23 00:03:00,1,1,0
1472,1630,175,2026-07-28 00:57:00,11,0,1
1473,836,489,2026-08-09 00:00:00,39,0,1
1474,687,12,2026-03-24 00:34:00,3,0,0
1475,1273,81,2026-07-26 00:32:00,19,0,1
1476,1027,162,2026-07-01 00:39:00,2,0,0
1477,976,438,2026-07-28 00:05:00,28,0,1
1478,220,2,2026-06-05 00:44:00,88,0,0
1479,1210,344,2026-04-25 00:51:00,4,0,0
1480,1548,455,2026-05-27 00:47:00,34,0,1
1481,135,486,2026-08-09 00:06:00,56,0,0
1482,872,252,2026-03-15 00:30:00,15,0,1
1483,896,367,2026-08-31 00:28:00,13,0,0
1484,396,281,2026-08-16 00:53:00,6,0,1
1485,1611,296,2025-12-13 00:40:00,9,0,1
1486,1679,203,2026-05-05 00:45:00,22,0,1
1487,701,346,2026-08-19 00:22:00,1,0,0
1488,1290,168,2026-09-07 00:56:00,53,0,1
1489,240,357,2026-01-05 00:07:00,2,0,0
1490,469,373,2026-07-27 00:57:00,14,0,1
1491,799,131,2026-08-04 00:08:00,10,0,0
1492,1601,116,2026-01-14 00:06:00,6,0,0
1493,303,85,2026-05-13 00:50:00,3,0,0
1494,140,355,2026-08-16 00:31:00,6,0,0
1495,208,395,2025-09-01 00:22:00,72,0,0
1496,752,188,2026-04-15 00:07:00,50,0,0
1497,550,434,2025-11-04 00:19:00,2,0,0
1498,1619,443,2026-03-25 00:04:00,27,0,1
1499,242,370,2025-08-01 00:30:00,13,0,0
1500,772,391,2026-03-24 00:09:00,18,0,1
1501,1347,340,2026-04-23 00:33:00,32,0,0
1502,1357,367,2026-04-09 00:09:00,4,0,0
1503,1317,492,2026-08-15 00:32:00,9,0,0
1504,724,48,2026-02-26 00:56:00,6,0,1
1505,1200,200,2026-07-14 00:50:00,1,0,0
1506,1434,3,2026-02-01 00:35:00,8,0,1
1507,152,459,2026-08-09 00:14:00,52,0,1
1508,1227,198,2026-06-23 00:18:00,7,0,0
1509,396,31,2026-07-02 00:10:00,23,0,1
1510,147,464,2026-07-13 00:02:00,1,0,1
1511,58,291,2026-08-13 00:26:00,38,1,0
1512,1399,124,2026-08-26 00:26:00,7,0,0
1513,874,271,2026-09-04 00:16:00,26,0,1
1514,1781,488,2026-06-24 00:21:00,14,0,1
1515,1670,109,2026-08-19 00:03:00,19,0,0
1516,1783,209,2025-10-12 00:28:00,25,0,1
1517,154,324,2026-08-08 00:09:00,38,0,1
1518,173,354,2026-08-29 00:26:00,58,0,1
1519,588,168,2026-03-12 00:00:00,6,0,0
1520,1798,254,2026-08-23 00:50:00,32,0,0
1521,200,398,2026-07-05 00:04:00,6,0,1
1522,914,2,2026-08-14 00:08:00,5,1,0
1523,54,161,2026-08-08 00:24:00,15,0,1
1524,1485,296,2026-09-03 00:08:00,11,0,1
1525,144,439,2025-09-28 00:47:00,3,0,0
1526,388,456,2026-02-25 00:56:00,15,0,0
1527,867,69,2026-08-16 00:53:00,19,1,1
1528,1227,174,2026-06-25 00:18:00,11,0,0
1529,553,342,2026-06-18 00:04:00,8,0,1
1530,409,174,2026-08-10 00:45:00,29,0,0
1531,498,380,2026-02-04 00:54:00,8,0,1
1532,221,301,2026-08-31 00:45:00,21,0,0
1533,1598,234,2026-01-29 00:46:00,3,1,0
1534,557,254,2026-01-17 00:00:00,13,0,0
1535,1666,223,2026-05-22 00:41:00,131,0,0
1536,1425,302,2026-02-14 00:54:00,9,0,1
1537,240,221,2026-07-24 00:15:00,9,0,1
1538,1142,449,2026-03-18 00:16:00,1,0,0
1539,375,149,2026-09-06 00:10:00,1,0,0
1540,167,351,2025-08-21 00:21:00,8,0,1
1541,34,94,2026-08-07 00:19:00,3,0,1
1542,907,473,2026-03-01 00:39:00,1,0,0
1543,317,86,2026-04-15 00:42:00,11,0,0
1544,1113,163,2026-07-09 00:53:00,2,0,1
1545,952,385,2025-09-27 00:10:00,12,0,0
1546,1074,341,2026-08-24 00:09:00,7,0,1
1547,1229,425,2026-08-04 00:19:00,16,0,0
1548,1773,442,2026-06-25 00:34:00,15,0,0
1549,1027,194,2026-04-18 00:44:00,43,0,0
1550,1356,417,2026-03-30 00:39:00,1,0,1
1551,1665,64,2025-08-10 00:26:00,23,0,0
1552,1507,19,2026-08-27 00:31:00,9,0,1
1553,1273,358,2025-09-08 00:17:00,10,0,0
1554,1546,462,2026-06-15 00:47:00,1,0,1
1555,660,96,2026-04-27 00:56:00,3,0,0
1556,332,11,2026-04-19 00:11:00,37,0,1
1557,428,276,2025-06-19 00:52:00,15,0,1
1558,1249,246,2026-06-08 00:04:00,4,0,1
1559,191,84,2026-05-31 00:58:00,29,0,0
1560,661,410,2025-08-03 00:01:00,5,0,1
1561,1761,413,2025-11-13 00:28:00,11,0,0
1562,887,114,2025-09-11 00:40:00,44,1,0
1563,738,112,2026-08-14 00:48:00,19,1,0
1564,1061,342,2026-07-01 00:09:00,12,0,0
1565,791,103,2026-08-31 00:29:00,7,0,1
1566,1101,229,2026-07-20 00:43:00,16,0,0
1567,722,54,2025-11-15 00:40:00,13,0,0
1568,813,143,2025-09-01 00:30:00,11,0,0
1569,803,279,2025-05-04 00:32:00,6,0,0
1570,783,42,2025-07-16 00:30:00,16,0,0
1571,961,43,2026-05-19 00:45:00,2,0,0
1572,1048,372,2026-05-03 00:18:00,4,0,1
1573,1328,234,2026-05-02 00:14:00,4,0,0
1574,1183,330,2026-02-27 00:03:00,7,0,0
1575,664,247,2025-08-11 00:40:00,16,0,0
1576,636,204,2026-07-28 00:28:00,1,0,0
1577,877,412,2025-11-25 00:00:00,47,0,1
1578,495,222,2026-08-14 00:20:00,1,0,0
1579,672,224,2026-08-23 00:47:00,8,1,1
1580,1349,77,2026-08-27 00:36:00,51,0,1
1581,1258,22,2026-04-11 00:30:00,14,0,0
1582,497,75,2026-08-16 00:09:00,1,0,0
1583,1421,432,2026-08-11 00:17:00,9,0,1
1584,912,18,2026-01-14 00:50:00,3,0,0
1585,1325,13,2026-08-24 00:15:00,14,0,0
1586,152,152,2026-09-06 00:57:00,4,0,1
1587,1159,41,2026-06-04 00:04:00,53,0,1
1588,1411,309,2026-01-16 00:52:00,33,0,1
1589,1799,257,2026-08-23 00:08:00,7,0,0
1590,1756,378,2026-06-17 00:41:00,17,0,1
1591,343,136,2026-05-19 00:21:00,1,0,0
1592,1183,248,2026-07-05 00:10:00,5,0,0
1593,1049,391,2026-06-27 00:35:00,9,0,0
1594,1148,12,2026-04-25 00:51:00,44,0,1
1595,893,422,2026-01-30 00:20:00,5,0,1
1596,1668,63,2026-03-22 00:00:00,28,0,1
1597,620,140,2025-11-27 00:42:00,9,0,1
1598,1541,394,2026-06-09 00:34:00,60,0,0
1599,630,472,2026-08-25 00:56:00,12,0,0
1600,1549,432,2026-07-02 00:42:00,6,0,0
1601,990,321,2026-08-02 00:40:00,1,0,0
1602,1525,76,2026-06-29 00:00:00,12,0,1
1603,176,8,2025-12-10 00:15:00,27,0,1
1604,931,319,2026-05-13 00:38:00,56,0,1
1605,26,24,2026-07-03 00:18:00,4,0,0
1606,686,496,2026-01-24 00:53:00,6,0,1
1607,453,387,2026-07-30 00:39:00,7,0,1
1608,1702,168,2026-03-02 00:08:00,7,0,0
1609,1146,368,2026-02-19 00:50:00,6,0,0
1610,832,326,2026-06-15 00:17:00,3,0,1
1611,1254,152,2026-05-06 00:12:00,5,0,0
1612,632,206,2026-07-15 00:58:00,37,0,1
1613,970,244,2026-05-19 00:55:00,1,1,1
1614,509,210,2026-05-31 00:14:00,40,0,1
1615,1571,393,2025-11-23 00:29:00,33,0,0
1616,1028,150,2026-01-03 00:51:00,56,0,1
1617,1323,311,2026-09-04 00:49:00,24,0,1
1618,731,440,2025-10-18 00:15:00,1,0,0
1619,846,441,2026-05-25 00:44:00,15,0,1
1620,490,185,2026-07-02 00:54:00,36,0,0
1621,560,491,2026-06-18 00:28:00,14,0,0
1622,1239,64,2026-05-18 00:20:00,11,0,0
1623,317,42,2025-08-20 00:55:00,24,0,1
1624,1756,265,2026-05-08 00:29:00,1,1,0
1625,1382,249,2025-11-10 00:25:00,27,0,1
1626,517,216,2026-09-01 00:54:00,1,1,1
1627,1189,364,2026-07-12 00:10:00,35,0,1
1628,1577,356,2026-07-29 00:52:00,17,0,1
1629,726,159,2026-05-07 00:37:00,19,0,0
1630,601,492,2026-07-30 00:44:00,19,0,1
1631,1319,198,2025-12-15 00:00:00,36,0,0
1632,576,206,2026-05-07 00:30:00,11,0,0
1633,845,126,2026-07-25 00:46:00,3,0,1
1634,1456,478,2026-06-29 00:42:00,10,0,0
1635,455,323,2026-08-15 00:01:00,7,0,0
1636,526,130,2025-11-10 00:03:00,1,0,0
1637,830,272,2026-07-14 00:15:00,20,0,0
1638,999,2,2026-02-15 00:51:00,3,0,0
1639,1777,319,2026-06-17 00:47:00,13,0,1
1640,197,213,2026-08-19 00:46:00,8,0,1
1641,268,321,2026-04-18 00:52:00,4,0,1
1642,341,291,2026-03-20 00:58:00,10,0,0
1643,1503,321,2026-07-27 00:01:00,1,0,1
1644,1258,129,2026-08-13 00:04:00,11,0,1
1645,473,315,2026-04-25 00:33:00,15,0,1
1646,998,413,2026-08-16 00:04:00,1,0,1
1647,1094,290,2026-07-22 00:22:00,27,0,0
1648,763,189,2026-08-09 00:37:00,7,0,0
1649,319,446,2025-08-02 00:01:00,6,0,0
1650,1097,226,2025-11-07 00:17:00,18,0,0
1651,1563,61,2025-10-29 00:47:00,5,0,1
1652,1043,230,2026-03-27 00:00:00,34,0,0
1653,1647,488,2026-08-18 00:58:00,14,0,0
1654,567,169,2026-04-24 00:01:00,46,0,0
1655,1766,188,2026-08-28 00:46:00,7,0,1
1656,1153,184,2026-02-16 00:06:00,10,0,0
1657,338,27,2026-08-31 00:35:00,10,0,0
1658,268,117,2026-05-01 00:01:00,1,0,1
1659,1418,235,2026-09-03 00:30:00,11,0,1
1660,1743,239,2026-05-06 00:32:00,42,0,0
1661,1363,156,2026-08-26 00:02:00,7,0,0
1662,1748,486,2026-07-25 00:01:00,4,0,0
1663,1129,295,2026-09-01 00:08:00,45,0,1
1664,109,379,2026-03-10 00:26:00,28,0,1
1665,1546,186,2026-04-22 00:59:00,8,1,0
1666,272,190,2026-07-29 00:20:00,25,0,0
1667,1214,228,2026-01-12 00:22:00,11,0,0
1668,654,2,2026-08-25 00:02:00,29,0,0
1669,1135,472,2026-03-21 00:39:00,13,0,0
1670,549,245,2026-09-02 00:08:00,3,0,1
1671,139,434,2026-09-05 00:48:00,17,0,1
1672,1041,56,2026-03-15 00:09:00,51,0,0
1673,726,494,2026-01-23 00:38:00,15,0,0
1674,971,17,2026-08-03 00:33:00,26,1,0
1675,1667,212,2026-04-16 00:00:00,5,0,1
1676,1687,160,2026-08-14 00:02:00,10,0,0
1677,553,177,2026-03-27 00:12:00,38,0,1
1678,491,348,2026-07-29 00:17:00,1,0,0
1679,41,393,2026-03-25 00:57:00,40,0,0
1680,1362,173,2026-03-21 00:28:00,2,0,0
1681,1700,349,2026-08-07 00:16:00,26,1,1
1682,1531,377,2026-09-04 00:38:00,5,0,1
1683,1758,211,2025-07-13 00:25:00,65,0,0
1684,1285,412,2026-08-17 00:39:00,12,0,0
1685,30,32,2026-04-12 00:26:00,10,0,0
1686,1224,397,2026-08-14 00:46:00,13,0,0
1687,122,215,2026-08-27 00:37:00,26,0,0
1688,1639,89,2026-05-13 00:40:00,88,0,1
1689,21,289,2026-07-02 00:23:00,18,0,1
1690,1373,177,2025-11-21 00:44:00,12,0,0
1691,115,48,2026-03-02 00:20:00,29,0,1
1692,1627,274,2026-06-24 00:30:00,10,0,1
1693,1667,189,2026-06-27 00:42:00,3,0,0
1694,376,279,2026-04-03 00:08:00,1,0,1
1695,862,163,2026-07-08 00:24:00,2,0,0
1696,1078,480,2026-07-17 00:30:00,19,0,1
1697,1159,73,2026-06-13 00:15:00,2,0,1
1698,1642,96,2026-08-24 00:18:00,1,0,0
1699,1050,289,2025-11-26 00:10:00,34,0,0
1700,530,371,2026-05-04 00:19:00,23,0,0
1701,1113,344,2026-05-14 00:49:00,1,0,0
1702,837,280,2026-05-25 00:29:00,1,0,1
1703,1013,22,2026-09-06 00:33:00,24,0,1
1704,1672,264,2026-08-28 00:58:00,14,0,1
1705,1616,330,2026-01-26 00:15:00,27,0,0
1706,829,230,2026-01-24 00:41:00,32,0,0
1707,1383,235,2026-08-14 00:24:00,8,0,0
1708,733,292,2025-09-15 00:12:00,8,0,0
1709,179,431,2026-07-16 00:59:00,12,0,1
1710,605,353,2025-11-17 00:28:00,46,0,0
1711,113,346,2026-06-03 00:25:00,10,0,0
1712,1254,119,2026-07-25 00:52:00,8,0,0
1713,1236,237,2026-08-05 00:31:00,6,0,0
1714,678,284,2026-08-19 00:01:00,2,1,0
1715,196,231,2026-08-05 00:48:00,1,0,0
1716,186,107,2026-06-25 00:14:00,1,0,1
1717,1062,86,2026-06-27 00:17:00,10,0,1
1718,1357,339,2025-12-11 00:13:00,1,0,0
1719,1224,40,2026-08-18 00:47:00,9,0,0
1720,883,367,2026-07-24 00:27:00,12,1,0
1721,75,121,2026-06-29 00:05:00,28,0,0
1722,1385,212,2026-04-04 00:00:00,4,1,1
1723,1121,118,2026-07-24 00:16:00,12,1,1
1724,1345,185,2026-07-07 00:42:00,60,0,0
1725,1363,157,2026-08-04 00:22:00,19,1,0
1726,734,195,2026-03-25 00:49:00,31,0,0
1727,1678,16,2026-02-16 00:35:00,1,0,1
1728,1011,130,2026-07-12 00:44:00,1,0,1
1729,1531,303,2026-07-09 00:20:00,59,0,0
1730,589,191,2026-08-01 00:09:00,4,0,1
1731,341,68,2026-08-28 00:47:00,132,0,0
1732,1207,98,2025-07-23 00:38:00,27,0,0
1733,1132,76,2026-01-15 00:44:00,18,0,0
1734,123,121,2026-05-01 00:53:00,5,0,0
1735,492,446,2026-06-01 00:49:00,11,0,0
1736,457,326,2026-08-06 00:05:00,14,0,0
1737,755,298,2026-06-02 00:09:00,30,0,0
1738,1764,109,2026-04-05 00:06:00,2,0,1
1739,396,311,2026-08-12 00:35:00,9,0,1
1740,349,153,2026-06-13 00:17:00,8,0,0
1741,1334,161,2026-08-01 00:42:00,8,0,1
1742,1791,33,2026-05-19 00:55:00,25,0,0
1743,1377,1,2026-04-30 00:14:00,26,1,1
1744,777,52,2026-08-20 00:57:00,5,0,1
1745,618,8,2026-07-17 00:19:00,2,0,0
1746,662,71,2026-07-18 00:59:00,4,0,0
1747,1636,470,2026-07-23 00:55:00,57,0,1
1748,61,259,2025-06-20 00:49:00,7,0,1
1749,1247,89,2026-05-14 00:06:00,14,0,0
1750,1317,177,2026-06-21 00:45:00,9,0,1
1751,20,376,2026-06-24 00:30:00,19,0,0
1752,685,462,2025-12-19 00:08:00,40,0,0
1753,100,14,2026-06-13 00:44:00,9,0,0
1754,1784,177,2026-03-01 00:09:00,34,0,0
1755,1362,77,2026-07-14 00:43:00,22,0,0
1756,507,327,2026-04-25 00:05:00,23,1,0
1757,854,287,2026-09-07 00:21:00,80,1,0
1758,1108,100,2025-12-09 00:58:00,52,0,0
1759,1042,449,2026-05-10 00:29:00,8,0,1
1760,918,53,2025-06-23 00:29:00,1,0,1
1761,938,217,2026-05-15 00:06:00,1,0,1
1762,1529,153,2026-07-18 00:23:00,18,0,1
1763,10,198,2025-10-08 00:06:00,32,0,0
1764,488,460,2026-08-07 00:03:00,2,0,0
1765,427,83,2026-07-17 00:23:00,10,0,0
1766,134,482,2026-01-15 00:38:00,23,1,1
1767,494,58,2026-08-17 00:53:00,33,0,1
1768,1747,233,2026-08-27 00:50:00,21,0,0
1769,1729,212,2026-08-01 00:26:00,12,0,0
1770,509,292,2026-07-16 00:37:00,47,0,0
1771,1120,86,2026-03-02 00:30:00,15,1,0
1772,701,1,2025-08-19 00:38:00,32,0,0
1773,361,177,2026-09-02 00:49:00,7,0,1
1774,1403,482,2026-07-09 00:30:00,8,0,1
1775,1191,452,2026-07-12 00:13:00,14,0,1
1776,370,298,2025-11-20 00:50:00,34,1,1
1777,395,419,2026-07-09 00:02:00,23,0,0
1778,711,325,2025-05-21 00:30:00,2,0,0
1779,1727,435,2026-02-03 00:39:00,47,0,0
1780,1254,52,2026-04-10 00:24:00,6,0,1
1781,829,320,2026-03-24 00:06:00,36,0,0
1782,459,427,2026-03-19 00:57:00,34,0,1
1783,1743,223,2026-03-27 00:41:00,3,0,1
1784,481,112,2025-10-19 00:11:00,5,0,0
1785,176,146,2025-10-02 00:16:00,7,0,1
1786,1614,398,2026-07-13 00:07:00,1,1,1
1787,499,353,2026-08-04 00:22:00,8,0,0
1788,1494,99,2025-12-16 00:47:00,41,0,0
1789,1254,372,2026-08-16 00:47:00,1,0,1
1790,894,257,2025-10-27 00:41:00,5,0,0
1791,1414,454,2026-02-22 00:05:00,4,0,1
1792,681,271,2026-05-28 00:29:00,26,0,0
1793,1260,420,2026-08-30 00:31:00,32,0,0
1794,511,130,2026-04-25 00:41:00,6,0,1
1795,848,420,2026-07-28 00:02:00,3,0,1
1796,1024,425,2026-06-18 00:18:00,40,0,0
1797,1381,292,2026-07-08 00:53:00,9,0,0
1798,1413,200,2025-09-04 00:57:00,5,0,1
1799,117,6,2026-08-25 00:21:00,5,0,0
1800,1254,497,2026-03-03 00:47:00,18,1,1
1801,566,425,2026-04-15 00:02:00,11,0,1
1802,219,268,2025-09-11 00:36:00,2,0,1
1803,28,338,2026-08-18 00:22:00,54,0,1
1804,1454,17,2026-05-07 00:47:00,12,0,0
1805,1601,346,2026-02-02 00:35:00,8,0,1
1806,1565,463,2026-07-22 00:48:00,17,0,0
1807,1019,408,2026-08-26 00:01:00,91,0,0
1808,825,150,2026-08-09 00:06:00,30,0,0
1809,22,104,2025-08-14 00:38:00,15,0,0
1810,627,339,2026-08-28 00:34:00,33,0,0
1811,1033,57,2026-04-27 00:44:00,12,0,1
1812,1308,223,2026-07-26 00:37:00,51,0,0
1813,859,137,2026-02-11 00:26:00,1,1,0
1814,426,377,2026-03-05 00:50:00,7,0,0
1815,1643,383,2025-11-22 00:05:00,65,0,1
1816,1480,353,2026-09-07 00:41:00,2,0,1
1817,877,135,2026-08-17 00:29:00,32,0,1
1818,1452,103,2026-07-27 00:05:00,54,1,0
1819,1148,448,2026-04-27 00:08:00,7,0,1
1820,738,241,2026-07-31 00:30:00,9,0,1
1821,956,426,2025-08-22 00:15:00,11,0,1
1822,780,181,2026-03-04 00:39:00,23,0,1
1823,1497,9,2026-03-21 00:44:00,1,0,1
1824,1402,132,2025-11-16 00:46:00,4,0,0
1825,1300,62,2025-12-11 00:17:00,6,0,1
1826,1038,381,2026-08-06 00:46:00,8,0,1
1827,378,29,2025-12-24 00:41:00,11,0,0
1828,288,259,2026-09-06 00:13:00,54,0,1
1829,560,31,2026-05-24 00:04:00,34,0,1
1830,687,489,2026-05-01 00:49:00,31,1,1
1831,975,107,2026-08-01 00:21:00,9,0,1
1832,1348,35,2026-03-26 00:23:00,1,0,0
1833,1744,289,2026-06-14 00:43:00,26,0,1
1834,1615,127,2026-08-08 00:09:00,110,0,0
1835,778,8,2026-08-31 00:45:00,10,1,1
1836,845,231,2026-07-11 00:22:00,86,1,1
1837,830,9,2026-03-26 00:32:00,53,0,0
1838,622,217,2026-08-11 00:21:00,43,0,1
1839,458,314,2026-08-10 00:26:00,29,0,1
1840,596,412,2026-01-31 00:58:00,29,0,0
1841,1415,404,2026-06-26 00:24:00,17,0,1
1842,1542,380,2026-07-24 00:28:00,47,0,0
1843,1515,160,2026-08-03 00:56:00,4,0,1
1844,146,234,2026-07-21 00:33:00,8,0,1
1845,64,84,2025-10-17 00:56:00,4,0,0
1846,130,350,2025-04-18 00:31:00,48,0,0
1847,62,222,2026-05-31 00:57:00,61,0,1
1848,1094,207,2026-02-17 00:47:00,5,0,0
1849,1108,318,2026-08-25 00:15:00,20,0,1
1850,524,65,2026-06-26 00:05:00,26,1,0
1851,323,490,2025-05-30 00:45:00,28,1,0
1852,819,369,2026-06-12 00:35:00,6,0,0
1853,312,214,2026-01-09 00:29:00,10,0,1
1854,1510,313,2025-12-27 00:20:00,1,0,0
1855,1114,114,2026-08-22 00:09:00,43,0,0
1856,1268,457,2026-07-13 00:56:00,66,0,1
1857,1153,205,2026-05-02 00:17:00,12,0,1
1858,954,445,2026-05-06 00:42:00,91,0,1
1859,929,399,2026-03-26 00:04:00,39,0,1
1860,861,381,2026-08-18 00:35:00,4,0,0
1861,1544,373,2026-07-22 00:03:00,1,0,1
1862,945,97,2026-02-01 00:33:00,4,0,1
1863,1636,420,2026-07-22 00:56:00,8,0,0
1864,146,350,2026-08-17 00:26:00,12,0,0
1865,667,429,2026-08-30 00:18:00,33,0,1
1866,1569,419,2026-04-27 00:04:00,16,0,0
1867,724,97,2026-05-25 00:18:00,2,0,0
1868,125,427,2026-05-20 00:12:00,16,0,0
1869,1282,114,2026-06-25 00:33:00,7,0,1
1870,1384,367,2026-06-27 00:26:00,7,0,0
1871,996,485,2025-11-23 00:18:00,2,0,1
1872,716,439,2025-11-19 00:26:00,39,0,0
1873,199,447,2025-10-14 00:30:00,11,1,0
1874,188,85,2026-07-27 00:42:00,1,0,0
1875,1210,201,2026-01-20 00:34:00,1,0,0
1876,546,88,2026-01-21 00:06:00,4,0,0
1877,1468,498,2026-02-17 00:45:00,1,0,1
1878,997,381,2025-11-17 00:56:00,32,0,1
1879,476,341,2025-06-30 00:07:00,62,1,1
1880,117,4,2026-09-05 00:07:00,25,0,0
1881,1311,472,2025-06-26 00:21:00,1,0,0
1882,1449,131,2026-02-14 00:20:00,33,0,0
1883,1269,206,2025-10-20 00:51:00,10,0,0
1884,1066,285,2026-04-16 00:32:00,3,0,1
1885,664,399,2026-06-06 00:02:00,17,0,1
1886,1131,284,2026-06-06 00:04:00,26,0,0
1887,1598,331,2026-07-18 00:09:00,53,1,0
1888,1751,169,2025-11-24 00:32:00,16,0,1
1889,1573,474,2026-04-12 00:09:00,4,0,0
1890,862,35,2026-05-19 00:11:00,21,0,0
1891,1056,481,2025-10-24 00:23:00,25,0,1
1892,224,427,2026-08-01 00:15:00,11,0,1
1893,1675,255,2026-05-16 00:09:00,47,0,0
1894,1411,492,2026-01-04 00:07:00,46,0,1
1895,957,495,2026-08-31 00:08:00,47,0,1
1896,1671,342,2025-08-09 00:46:00,1,0,1
1897,1229,458,2026-07-21 00:00:00,30,0,0
1898,1582,157,2026-07-05 00:19:00,7,0,0
1899,119,39,2026-08-20 00:43:00,1,0,1
1900,472,13,2026-01-16 00:10:00,7,0,0
1901,1463,48,2026-05-24 00:24:00,38,0,0
1902,1124,371,2026-08-15 00:18:00,1,0,1
1903,601,283,2026-05-20 00:00:00,2,0,1
1904,477,302,2026-05-04 00:34:00,32,0,0
1905,1155,50,2026-08-29 00:20:00,20,0,0
1906,654,385,2025-12-19 00:49:00,15,0,0
1907,782,10,2026-05-19 00:48:00,15,0,1
1908,1023,474,2026-03-02 00:37:00,28,0,1
1909,519,481,2026-07-13 00:51:00,69,0,1
1910,566,336,2026-08-25 00:42:00,6,1,0
1911,620,281,2026-07-09 00:10:00,27,0,0
1912,688,39,2026-03-21 00:40:00,6,0,1
1913,565,27,2026-07-20 00:37:00,56,0,1
1914,1058,195,2026-07-03 00:22:00,31,0,1
1915,822,416,2025-12-28 00:18:00,4,0,1
1916,1472,277,2026-05-08 00:34:00,2,0,1
1917,663,352,2026-03-15 00:57:00,34,0,1
1918,1733,359,2026-09-04 00:28:00,19,0,0
1919,1192,83,2026-06-11 00:44:00,27,0,1
1920,20,220,2026-07-04 00:04:00,7,0,0
1921,1345,296,2026-06-18 00:55:00,49,0,0
1922,1760,474,2026-08-01 00:14:00,26,0,0
1923,1538,72,2026-09-06 00:13:00,1,0,1
1924,1551,284,2026-03-15 00:34:00,10,0,0
1925,1532,60,2026-05-20 00:45:00,104,0,0
1926,1683,469,2026-06-08 00:04:00,20,0,1
1927,1093,225,2025-11-26 00:52:00,21,0,1
1928,450,352,2026-04-11 00:14:00,34,0,0
1929,214,213,2026-07-28 00:12:00,10,0,1
1930,476,80,2025-07-10 00:43:00,26,0,0
1931,1662,500,2026-05-09 00:50:00,60,0,1
1932,535,160,2026-08-24 00:46:00,12,0,0
1933,1257,23,2026-05-14 00:55:00,22,0,1
1934,460,396,2026-07-25 00:58:00,14,0,0
1935,1052,458,2026-07-20 00:37:00,82,0,1
1936,1604,27,2026-07-02 00:44:00,1,0,0
1937,1287,22,2026-06-24 00:33:00,2,0,0
1938,428,478,2026-04-12 00:10:00,12,0,0
1939,832,497,2026-04-24 00:47:00,9,0,1
1940,1252,215,2025-10-21 00:39:00,13,0,1
1941,805,46,2026-05-21 00:36:00,1,0,1
1942,394,487,2026-05-22 00:18:00,18,0,0
1943,1530,256,2026-07-22 00:55:00,14,0,1
1944,11,499,2026-05-22 00:17:00,4,0,0
1945,1291,84,2026-08-24 00:16:00,10,0,0
1946,1191,491,2026-06-18 00:33:00,2,0,0
1947,1379,486,2026-08-27 00:40:00,22,1,1
1948,1431,368,2026-08-11 00:35:00,33,0,0
1949,658,453,2026-08-01 00:51:00,5,0,0
1950,1038,101,2026-07-31 00:11:00,16,0,0
1951,1529,159,2026-08-17 00:40:00,24,0,0
1952,534,159,2025-07-02 00:15:00,35,0,0
1953,88,423,2026-08-02 00:28:00,5,0,0
1954,1763,349,2026-08-23 00:24:00,39,0,0
1955,978,41,2026-04-24 00:16:00,5,0,1
1956,1451,271,2026-03-08 00:15:00,10,0,0
1957,162,468,2026-04-17 00:19:00,47,0,1
1958,1768,31,2026-02-16 00:11:00,8,0,1
1959,953,139,2026-06-22 00:30:00,18,1,1
1960,205,79,2026-08-06 00:12:00,73,0,1
1961,1245,57,2026-03-28 00:40:00,35,0,0
1962,559,416,2025-08-10 00:43:00,4,0,1
1963,892,272,2025-10-26 00:06:00,2,0,0
1964,1468,10,2026-04-01 00:23:00,19,0,1
1965,365,145,2025-11-10 00:44:00,27,0,1
1966,798,493,2025-10-11 00:37:00,3,0,1
1967,66,438,2026-07-09 00:05:00,5,0,0
1968,1560,26,2026-06-23 00:38:00,3,0,1
1969,1411,377,2026-08-22 00:08:00,2,0,1
1970,1133,105,2026-03-28 00:57:00,27,0,0
1971,616,154,2026-03-14 00:03:00,38,0,1
1972,569,353,2026-07-11 00:08:00,10,0,0
1973,1212,45,2025-09-02 00:39:00,2,0,1
1974,112,112,2026-09-01 00:44:00,5,0,1
1975,1126,140,2026-08-30 00:50:00,6,0,0
1976,368,138,2026-07-04 00:26:00,20,0,0
1977,1324,271,2026-04-06 00:57:00,26,1,1
1978,664,390,2025-06-15 00:50:00,20,0,0
1979,1516,69,2026-08-28 00:07:00,61,0,1
1980,837,279,2026-04-28 00:47:00,1,0,1
1981,652,278,2026-02-21 00:55:00,16,0,1
1982,1123,366,2025-09-18 00:05:00,1,0,1
1983,1133,80,2025-10-06 00:35:00,1,0,0
1984,480,184,2026-06-17 00:10:00,30,0,1
1985,1387,335,2026-01-18 00:44:00,20,0,0
1986,949,93,2025-10-03 00:59:00,45,0,0
1987,168,480,2025-10-27 00:44:00,33,0,0
1988,705,370,2026-08-25 00:02:00,2,0,0
1989,702,268,2026-05-07 00:28:00,22,0,0
1990,286,302,2026-04-22 00:24:00,1,0,0
1991,514,261,2025-09-01 00:51:00,43,0,1
1992,1243,23,2026-08-27 00:21:00,3,0,0
1993,1650,16,2026-02-23 00:36:00,16,0,0
1994,1506,326,2025-10-22 00:39:00,18,0,0
1995,364,366,2026-05-02 00:35:00,9,0,0
1996,1466,245,2026-09-06 00:36:00,7,0,1
1997,1570,69,2026-07-09 00:05:00,32,0,1
1998,1624,62,2026-06-07 00:45:00,18,0,0
1999,1033,81,2026-03-20 00:54:00,25,0,1
2000,76,90,2026-06-15 00:46:00,34,0,0
2001,697,490,2026-03-31 00:53:00,18,0,0
2002,686,223,2026-08-17 00:22:00,32,0,1
2003,1729,37,2025-11-30 00:29:00,18,0,0
2004,166,430,2025-11-07 00:53:00,2,0,0
2005,15,296,2026-09-02 00:14:00,3,0,0
2006,136,194,2025-12-30 00:14:00,2,0,0
2007,1381,164,2026-07-04 00:35:00,1,0,0
2008,79,216,2026-07-17 00:14:00,15,0,0
2009,1135,219,2025-10-10 00:50:00,59,0,1
2010,1460,386,2026-07-04 00:28:00,38,0,1
2011,447,252,2026-08-24 00:45:00,89,0,1
2012,1471,310,2026-02-20 00:40:00,11,0,0
2013,978,439,2026-08-18 00:20:00,23,0,1
2014,479,444,2026-09-05 00:23:00,1,0,0
2015,763,191,2026-08-17 00:09:00,5,0,0
2016,1386,59,2026-08-11 00:49:00,6,0,0
2017,586,36,2026-01-31 00:55:00,12,0,0
2018,722,38,2025-11-14 00:20:00,6,0,0
2019,1678,500,2026-02-16 00:36:00,2,0,0
2020,1385,199,2026-07-13 00:48:00,1,0,0
2021,798,190,2026-01-27 00:11:00,5,0,0
2022,1540,417,2026-01-21 00:44:00,11,0,1
2023,53,55,2026-07-26 00:24:00,56,0,0
2024,983,351,2026-07-01 00:30:00,16,0,1
2025,1305,386,2026-07-24 00:03:00,6,0,0
2026,1634,360,2026-03-18 00:25:00,2,0,0
2027,839,283,2026-07-26 00:28:00,10,0,1
2028,1658,76,2026-05-01 00:07:00,22,0,0
2029,1787,476,2026-08-31 00:35:00,13,0,0
2030,1538,415,2026-09-02 00:35:00,1,0,1
2031,1496,391,2026-03-09 00:29:00,57,0,0
2032,1755,240,2026-04-17 00:48:00,52,0,0
2033,178,347,2026-07-03 00:15:00,17,0,0
2034,858,265,2026-09-03 00:21:00,1,0,0
2035,710,443,2026-07-23 00:10:00,7,0,0
2036,1521,472,2026-01-29 00:22:00,24,0,1
2037,169,453,2026-09-06 00:02:00,21,0,0
2038,571,239,2026-05-12 00:45:00,9,0,0
2039,27,292,2026-06-14 00:35:00,1,0,1
2040,312,443,2026-09-02 00:18:00,6,0,0
2041,1763,346,2026-03-14 00:20:00,19,0,0
2042,223,62,2026-03-01 00:05:00,5,0,0
2043,510,464,2026-08-19 00:05:00,9,0,1
2044,474,467,2026-07-08 00:12:00,10,0,0
2045,963,398,2025-09-26 00:05:00,1,0,0
2046,1786,287,2026-09-01 00:11:00,22,0,0
2047,1363,6,2026-07-31 00:39:00,25,1,0
2048,196,143,2026-01-30 00:23:00,18,0,0
2049,937,336,2026-03-20 00:21:00,40,0,1
2050,1739,121,2026-08-30 00:24:00,1,0,1
2051,181,481,2026-06-08 00:59:00,15,0,0
2052,1760,340,2025-12-11 00:18:00,16,0,1
2053,1675,446,2025-09-14 00:40:00,4,0,0
2054,350,194,2026-04-05 00:34:00,12,0,1
2055,683,223,2026-01-28 00:38:00,27,0,0
2056,1416,410,2026-09-04 00:12:00,36,0,1
2057,1038,50,2026-01-22 00:06:00,14,0,1
2058,96,468,2026-03-27 00:34:00,62,0,1
2059,103,387,2026-07-13 00:27:00,4,0,1
2060,725,105,2026-08-12 00:25:00,3,1,0
2061,669,80,2025-07-07 00:34:00,1,0,0
2062,549,345,2026-07-27 00:51:00,24,0,0
2063,1786,410,2026-08-03 00:17:00,20,0,0
2064,1654,250,2026-06-12 00:37:00,15,0,1
2065,164,468,2025-09-12 00:59:00,11,0,1
2066,852,162,2026-07-03 00:53:00,11,0,1
2067,408,129,2025-12-15 00:57:00,17,0,0
2068,1477,265,2026-09-05 00:20:00,19,0,0
2069,1765,137,2026-08-03 00:33:00,16,0,0
2070,975,385,2026-07-20 00:25:00,4,0,1
2071,501,405,2026-01-24 00:21:00,36,0,0
2072,1009,352,2026-04-07 00:42:00,34,0,0
2073,198,91,2026-06-26 00:48:00,26,0,1
2074,260,273,2026-08-18 00:42:00,13,0,0
2075,1557,479,2026-07-06 00:23:00,22,0,1
2076,75,5,2026-01-18 00:46:00,7,0,0
2077,719,410,2026-02-13 00:32:00,38,0,0
2078,649,149,2026-07-27 00:38:00,2,0,0
2079,1035,328,2025-12-05 00:42:00,3,0,0
2080,733,342,2026-07-14 00:05:00,8,0,0
2081,323,467,2025-12-19 00:41:00,29,1,0
2082,1373,17,2025-12-31 00:04:00,57,0,1
2083,705,359,2025-07-01 00:23:00,22,0,1
2084,1782,70,2026-04-12 00:45:00,46,1,1
2085,28,176,2025-12-30 00:19:00,30,0,0
2086,686,186,2025-12-30 00:43:00,6,0,0
2087,1384,243,2026-04-30 00:39:00,21,0,1
2088,216,144,2026-02-26 00:03:00,25,0,1
2089,1771,135,2026-07-09 00:32:00,35,0,0
2090,1109,216,2026-06-21 00:06:00,19,0,1
2091,985,308,2026-01-29 00:14:00,1,1,1
2092,996,187,2026-02-04 00:28:00,4,0,1
2093,837,324,2026-02-05 00:34:00,3,0,0
2094,1157,445,2026-05-10 00:05:00,31,0,0
2095,250,298,2025-06-12 00:59:00,15,0,1
2096,1374,497,2026-08-17 00:49:00,12,0,1
2097,932,312,2026-08-27 00:41:00,44,0,0
2098,239,382,2026-03-18 00:57:00,8,0,0
2099,537,5,2025-11-12 00:57:00,27,0,0
2100,1684,37,2026-09-06 00:09:00,61,0,0
2101,631,135,2026-05-04 00:40:00,1,0,0
2102,250,436,2026-05-23 00:04:00,41,0,0
2103,953,145,2025-10-06 00:42:00,9,0,0
2104,1413,219,2025-11-16 00:11:00,5,0,0
2105,342,81,2025-12-11 00:21:00,9,1,0
2106,126,212,2026-05-20 00:22:00,24,0,0
2107,1516,243,2026-09-02 00:41:00,37,0,1
2108,1563,335,2025-07-10 00:07:00,4,1,1
2109,1542,328,2026-01-05 00:47:00,3,0,0
2110,569,6,2026-06-08 00:27:00,5,0,0
2111,498,442,2026-02-10 00:18:00,19,0,0
2112,783,277,2026-07-24 00:29:00,23,0,0
2113,526,64,2026-03-06 00:47:00,3,0,0
2114,211,360,2026-07-02 00:20:00,19,0,1
2115,624,46,2026-07-28 00:07:00,10,0,0
2116,1194,399,2026-05-02 00:36:00,12,0,1
2117,202,222,2026-09-04 00:46:00,4,0,1
2118,68,443,2025-11-22 00:49:00,5,0,0
2119,1309,382,2026-09-02 00:48:00,10,0,1
2120,91,144,2026-08-29 00:04:00,34,0,0
2121,1497,101,2025-11-22 00:54:00,28,0,1
2122,1467,50,2026-08-12 00:20:00,1,0,0
2123,289,320,2026-01-05 00:10:00,3,0,1
2124,978,382,2026-03-22 00:01:00,1,1,0
2125,559,356,2026-07-22 00:41:00,23,0,0
2126,183,238,2026-04-03 00:45:00,32,1,0
2127,1476,200,2026-02-08 00:24:00,36,0,0
2128,1403,132,2025-11-27 00:15:00,9,0,0
2129,846,487,2026-02-27 00:25:00,11,1,0
2130,1094,468,2026-08-04 00:50:00,21,0,0
2131,711,164,2026-02-18 00:36:00,1,0,1
2132,1733,222,2026-08-12 00:27:00,8,0,1
2133,1416,111,2026-08-30 00:36:00,1,1,0
2134,467,33,2026-03-29 00:41:00,39,0,0
2135,967,296,2026-08-25 00:08:00,30,0,0
2136,1284,221,2026-07-26 00:04:00,56,0,0
2137,428,84,2025-12-07 00:37:00,2,0,0
2138,479,311,2026-02-24 00:36:00,3,1,1
2139,59,363,2025-11-27 00:20:00,19,0,0
2140,28,73,2026-02-18 00:52:00,11,0,0
2141,544,237,2025-10-24 00:22:00,1,0,1
2142,993,331,2026-08-27 00:12:00,23,0,0
2143,882,133,2026-06-27 00:55:00,2,0,0
2144,780,14,2026-08-14 00:41:00,23,0,1
2145,1460,335,2026-05-26 00:11:00,4,0,0
2146,1104,24,2026-09-07 00:50:00,5,0,0
2147,1200,181,2026-05-01 00:51:00,13,0,0
2148,407,28,2026-02-28 00:52:00,9,0,1
2149,808,325,2026-07-06 00:09:00,1,0,1
2150,1157,265,2026-04-19 00:40:00,7,0,1
2151,351,231,2026-05-19 00:58:00,1,0,1
2152,1339,300,2025-08-22 00:55:00,61,0,0
2153,1744,359,2025-08-30 00:16:00,16,0,0
2154,808,130,2026-06-06 00:05:00,11,0,1
2155,1162,305,2026-05-03 00:44:00,8,0,1
2156,1697,370,2026-07-14 00:31:00,8,0,0
2157,1746,396,2026-02-21 00:50:00,15,0,0
2158,191,52,2025-11-06 00:40:00,1,0,0
2159,1034,174,2026-07-13 00:59:00,7,1,1
2160,1484,262,2026-06-21 00:34:00,1,0,0
2161,797,415,2026-04-08 00:31:00,1,0,0
2162,1517,379,2026-07-01 00:21:00,7,0,0
2163,730,475,2026-05-20 00:02:00,29,0,1
2164,1467,294,2026-06-13 00:46:00,10,1,0
2165,1345,429,2026-05-24 00:35:00,14,0,0
2166,718,113,2026-01-10 00:58:00,2,0,0
2167,767,188,2026-07-22 00:06:00,46,0,0
2168,1429,296,2026-07-30 00:40:00,16,0,1
2169,1147,285,2026-07-28 00:02:00,1,0,1
2170,541,335,2025-10-16 00:31:00,12,1,1
2171,1264,308,2026-07-29 00:57:00,21,0,0
2172,1290,470,2026-09-03 00:19:00,49,0,0
2173,1010,329,2025-08-16 00:46:00,36,0,1
2174,1772,365,2026-05-25 00:50:00,1,0,1
2175,134,464,2026-07-24 00:52:00,15,1,1
2176,1561,370,2026-01-04 00:45:00,15,0,0
2177,1255,293,2026-09-05 00:19:00,20,0,1
2178,1350,254,2026-02-25 00:50:00,32,0,0
2179,1450,2,2025-10-27 00:34:00,40,0,0
2180,530,131,2026-07-02 00:29:00,20,0,0
2181,1199,236,2026-02-22 00:57:00,20,0,1
2182,75,402,2026-01-21 00:32:00,56,0,1
2183,717,222,2026-02-19 00:00:00,46,0,0
2184,814,184,2026-08-23 00:53:00,21,0,0
2185,173,480,2026-03-20 00:16:00,2,0,0
2186,1754,387,2026-08-22 00:20:00,31,0,0
2187,257,47,2026-05-18 00:22:00,16,0,1
2188,1476,283,2025-08-01 00:48:00,35,0,0
2189,939,446,2026-01-03 00:58:00,43,0,1
2190,665,229,2026-02-02 00:24:00,28,0,0
2191,22,289,2025-08-12 00:23:00,5,0,1
2192,1789,229,2026-08-27 00:30:00,30,0,0
2193,1620,94,2026-09-02 00:37:00,55,0,1
2194,37,352,2025-10-07 00:16:00,22,0,0
2195,643,484,2025-11-28 00:11:00,21,0,0
2196,838,130,2026-08-29 00:06:00,3,0,1
2197,242,319,2025-06-09 00:58:00,5,0,1
2198,1718,419,2026-03-15 00:32:00,9,0,0
2199,728,440,2026-05-09 00:15:00,7,0,0
2200,684,267,2026-04-07 00:25:00,15,0,0
2201,807,170,2025-11-14 00:43:00,38,0,1
2202,1475,194,2026-06-25 00:59:00,1,0,1
2203,717,314,2026-03-09 00:34:00,12,0,1
2204,454,485,2026-06-02 00:17:00,14,0,1
2205,482,206,2026-01-12 00:39:00,32,0,1
2206,533,289,2026-08-21 00:31:00,20,0,1
2207,451,463,2026-07-30 00:34:00,6,0,1
2208,712,371,2026-09-06 00:51:00,2,0,0
2209,1488,188,2026-08-12 00:54:00,10,0,0
2210,775,287,2026-02-23 00:52:00,34,0,0
2211,1127,79,2025-10-30 00:59:00,5,0,0
2212,1108,185,2025-11-17 00:31:00,166,0,0
2213,1546,141,2026-03-23 00:21:00,15,0,1
2214,727,81,2026-05-26 00:33:00,10,0,1
2215,958,252,2026-01-25 00:12:00,1,0,1
2216,1450,192,2026-07-24 00:24:00,1,0,1
2217,567,324,2025-08-26 00:22:00,46,0,0
2218,1385,213,2026-01-06 00:55:00,56,0,0
2219,1765,325,2026-08-20 00:16:00,6,0,0
2220,1310,351,2026-01-17 00:20:00,30,0,0
2221,173,271,2026-06-03 00:39:00,4,0,0
2222,384,230,2026-07-17 00:59:00,46,0,1
2223,1106,37,2025-12-03 00:57:00,83,0,0
2224,1648,277,2026-04-16 00:21:00,5,0,0
2225,231,198,2026-05-14 00:55:00,3,0,0
2226,1089,490,2026-08-16 00:27:00,7,0,0
2227,1249,276,2026-09-03 00:49:00,3,0,0
2228,1360,329,2025-10-02 00:16:00,31,0,1
2229,1717,211,2026-07-24 00:42:00,11,0,0
2230,859,360,2025-07-14 00:37:00,29,0,1
2231,554,349,2026-07-01 00:20:00,1,0,0
2232,371,285,2026-07-10 00:19:00,19,0,0
2233,1314,215,2026-05-13 00:01:00,39,0,0
2234,601,146,2026-05-01 00:04:00,32,0,1
2235,1686,254,2026-08-24 00:51:00,15,0,0
2236,698,247,2026-06-21 00:00:00,28,0,0
2237,18,124,2026-07-13 00:11:00,5,1,1
2238,1543,55,2026-07-02 00:40:00,3,0,1
2239,595,388,2025-10-06 00:01:00,19,0,0
2240,185,177,2026-05-25 00:06:00,25,0,0
2241,978,147,2026-04-07 00:35:00,18,0,0
2242,1237,107,2026-05-25 00:15:00,24,0,0
2243,267,460,2026-08-08 00:34:00,1,0,0
2244,229,322,2026-06-22 00:09:00,31,0,1
2245,1087,458,2026-08-02 00:07:00,27,0,0
2246,1270,255,2025-12-17 00:31:00,4,0,0
2247,572,410,2026-08-12 00:38:00,25,0,0
2248,84,309,2026-04-16 00:05:00,13,0,0
2249,1351,264,2025-11-03 00:23:00,7,0,0
2250,1230,80,2026-01-11 00:55:00,18,0,1
2251,1237,468,2026-01-14 00:36:00,8,0,1
2252,1685,142,2026-08-18 00:13:00,12,0,1
2253,989,125,2026-07-08 00:43:00,13,0,1
2254,330,81,2026-03-29 00:16:00,47,0,1
2255,377,403,2026-08-04 00:17:00,67,0,1
2256,1224,338,2026-08-18 00:38:00,1,0,0
2257,1004,148,2025-10-11 00:02:00,21,0,1
2258,352,379,2026-02-20 00:36:00,31,0,1
2259,821,408,2026-07-27 00:47:00,16,0,0
2260,237,54,2026-08-08 00:11:00,10,0,0
2261,485,342,2026-07-13 00:44:00,4,0,1
2262,42,304,2026-03-19 00:02:00,11,0,0
2263,1561,264,2026-07-25 00:56:00,1,0,0
2264,1221,344,2025-12-05 00:19:00,13,1,1
2265,472,283,2026-07-09 00:31:00,18,0,1
2266,894,282,2026-01-17 00:45:00,9,0,0
2267,1775,464,2026-08-07 00:24:00,15,1,1
2268,1070,64,2026-09-07 00:56:00,29,0,1
2269,594,431,2026-03-04 00:12:00,81,0,1
2270,1680,72,2026-06-24 00:04:00,77,0,1
2271,1541,296,2026-08-31 00:26:00,10,0,1
2272,686,222,2026-04-25 00:13:00,5,1,0
2273,380,209,2026-05-09 00:30:00,2,0,1
2274,1699,20,2026-07-29 00:37:00,7,0,1
2275,1393,11,2025-10-14 00:43:00,6,0,0
2276,1136,56,2026-08-08 00:10:00,11,0,0
2277,1214,272,2026-02-09 00:11:00,39,0,0
2278,792,207,2026-05-13 00:46:00,37,0,1
2279,1082,6,2026-09-04 00:00:00,2,0,0
2280,392,87,2026-09-05 00:40:00,6,0,0
2281,276,239,2026-08-11 00:33:00,16,0,0
2282,1035,34,2025-10-28 00:25:00,1,0,0
2283,1382,299,2026-09-02 00:56:00,34,0,0
2284,213,92,2026-07-25 00:41:00,10,0,0
2285,782,99,2026-08-10 00:11:00,2,0,1
2286,1579,195,2026-06-03 00:13:00,43,0,0
2287,20,133,2026-07-19 00:10:00,1,0,0
2288,1455,359,2026-03-13 00:34:00,51,0,1
2289,1723,12,2026-06-21 00:24:00,60,0,1
2290,1109,77,2026-08-27 00:42:00,21,0,0
2291,306,208,2025-07-28 00:54:00,38,1,1
2292,1363,59,2026-08-31 00:53:00,72,0,0
2293,574,257,2025-09-22 00:57:00,17,0,0
2294,810,112,2026-07-27 00:13:00,29,0,1
2295,740,431,2026-06-02 00:16:00,6,0,0
2296,1000,181,2026-08-23 00:22:00,18,0,0
2297,1261,198,2026-08-25 00:07:00,2,0,1
2298,49,371,2025-08-19 00:09:00,44,0,0
2299,1280,341,2026-08-19 00:17:00,17,0,1
2300,789,438,2025-07-09 00:11:00,8,0,0
2301,1134,179,2026-06-10 00:32:00,2,0,0
2302,1615,427,2026-07-16 00:23:00,16,0,0
2303,1345,261,2026-07-27 00:29:00,5,0,0
2304,209,66,2025-05-15 00:57:00,30,0,0
2305,992,492,2026-04-25 00:24:00,11,0,0
2306,1010,182,2025-09-07 00:21:00,10,0,1
2307,1065,292,2026-02-11 00:29:00,1,0,1
2308,1303,472,2026-07-31 00:37:00,19,0,1
2309,1651,336,2026-09-06 00:11:00,12,0,0
2310,458,264,2026-06-17 00:52:00,83,0,0
2311,385,118,2026-06-22 00:36:00,5,0,0
2312,3,215,2026-06-23 00:33:00,1,0,0
2313,1006,51,2026-08-16 00:29:00,10,0,0
2314,1784,56,2026-05-15 00:28:00,29,0,1
2315,1293,199,2026-07-29 00:49:00,43,0,1
2316,1553,82,2026-07-14 00:45:00,25,0,0
2317,132,131,2026-04-17 00:59:00,10,0,0
2318,781,164,2026-08-19 00:18:00,69,0,1
2319,498,286,2026-06-21 00:36:00,31,0,1
2320,1524,49,2025-11-23 00:55:00,36,0,0
2321,872,207,2026-05-08 00:17:00,1,0,0
2322,1441,136,2026-03-05 00:16:00,24,0,1
2323,1015,33,2025-11-10 00:13:00,10,0,0
2324,1714,357,2026-07-07 00:41:00,55,0,1
2325,1739,56,2026-08-19 00:12:00,5,0,1
2326,522,92,2025-10-22 00:21:00,83,0,1
2327,816,390,2026-04-04 00:46:00,11,0,0
2328,1292,178,2026-07-07 00:07:00,3,0,0
2329,539,458,2026-07-09 00:32:00,3,0,0
2330,906,53,2026-03-01 00:29:00,7,0,1
2331,102,21,2026-07-03 00:36:00,17,0,0
2332,1335,15,2025-06-26 00:50:00,8,0,0
2333,472,491,2025-12-22 00:31:00,13,0,0
2334,1476,307,2026-03-23 00:18:00,4,0,0
2335,1499,10,2026-04-21 00:33:00,5,0,1
2336,1652,200,2026-08-17 00:16:00,5,0,1
2337,1260,225,2026-08-29 00:34:00,23,0,0
2338,1183,455,2026-05-12 00:01:00,25,0,0
2339,387,476,2025-08-11 00:12:00,19,0,0
2340,696,267,2026-07-06 00:11:00,14,0,0
2341,1351,465,2026-07-31 00:58:00,44,0,1
2342,1360,11,2026-02-21 00:38:00,15,0,0
2343,234,230,2026-02-25 00:44:00,13,0,1
2344,1787,11,2026-09-06 00:30:00,9,0,1
2345,368,82,2026-03-14 00:50:00,10,1,0
2346,374,422,2026-09-02 00:14:00,9,0,1
2347,277,111,2026-08-17 00:29:00,2,0,1
2348,1384,414,2026-04-25 00:18:00,4,0,0
2349,1177,50,2026-06-01 00:13:00,3,0,1
2350,1178,270,2026-08-13 00:15:00,46,0,1
2351,1568,116,2025-09-07 00:03:00,35,0,0
2352,740,480,2026-06-14 00:12:00,4,1,1
2353,263,212,2026-08-27 00:50:00,35,0,0
2354,1564,93,2026-08-28 00:37:00,21,0,0
2355,1714,486,2026-07-25 00:09:00,8,0,0
2356,202,78,2026-08-11 00:21:00,14,0,0
2357,1226,271,2026-07-02 00:31:00,49,0,0
2358,1403,434,2026-02-04 00:46:00,1,0,0
2359,1290,304,2026-08-19 00:17:00,7,0,0
2360,946,436,2026-04-22 00:47:00,20,0,0
2361,1686,322,2026-06-09 00:11:00,8,1,0
2362,1740,195,2026-08-29 00:10:00,30,0,0
2363,639,2,2026-03-28 00:40:00,21,0,0
2364,771,368,2026-06-11 00:18:00,16,0,0
2365,947,257,2026-07-26 00:55:00,24,0,0
2366,1619,137,2026-06-24 00:50:00,88,1,0
2367,1743,283,2026-03-27 00:30:00,41,0,0
2368,1117,274,2026-06-02 00:56:00,30,0,0
2369,343,16,2026-07-10 00:45:00,11,0,0
2370,545,262,2026-06-10 00:36:00,16,0,1
2371,1247,357,2025-11-22 00:23:00,14,0,0
2372,75,316,2026-02-14 00:48:00,1,1,0
2373,943,93,2025-09-04 00:19:00,6,0,1
2374,1589,491,2026-01-14 00:50:00,35,0,1
2375,488,210,2026-06-07 00:03:00,1,0,1
2376,1674,206,2026-06-16 00:54:00,12,0,0
2377,1516,349,2026-09-06 00:10:00,14,0,0
2378,817,27,2026-08-22 00:40:00,53,0,0
2379,1432,14,2026-08-17 00:07:00,12,0,0
2380,472,252,2026-08-10 00:29:00,7,0,0
2381,260,463,2026-06-11 00:54:00,51,0,1
2382,336,474,2026-06-15 00:38:00,21,0,1
2383,1405,472,2025-07-23 00:40:00,3,0,0
2384,862,429,2026-07-19 00:25:00,23,0,0
2385,1598,280,2026-04-08 00:15:00,1,0,1
2386,962,41,2026-07-04 00:46:00,13,0,0
2387,651,143,2026-09-06 00:09:00,15,0,0
2388,79,1,2026-02-07 00:13:00,14,0,0
2389,1019,301,2026-07-24 00:20:00,1,0,0
2390,1138,127,2026-07-31 00:10:00,42,0,0
2391,696,477,2026-07-22 00:56:00,14,0,1
2392,739,397,2026-02-14 00:58:00,68,0,1
2393,1210,251,2026-08-31 00:07:00,2,0,0
2394,434,276,2026-06-03 00:22:00,6,0,0
2395,307,73,2026-03-12 00:24:00,2,0,0
2396,1692,172,2026-08-16 00:13:00,11,0,1
2397,1618,176,2026-03-26 00:17:00,8,0,0
2398,83,400,2026-02-03 00:47:00,3,0,0
2399,975,364,2026-08-25 00:50:00,19,0,0
2400,1772,215,2026-06-22 00:59:00,5,0,1
2401,473,410,2026-01-07 00:10:00,28,0,1
2402,1081,78,2025-08-26 00:46:00,28,0,0
2403,785,104,2026-08-29 00:52:00,23,0,0
2404,1241,61,2026-05-14 00:40:00,4,0,1
2405,293,183,2026-07-01 00:50:00,19,0,1
2406,1246,66,2026-06-10 00:57:00,33,0,0
2407,655,62,2026-08-10 00:19:00,4,0,1
2408,1669,242,2026-05-09 00:21:00,2,0,0
2409,1202,106,2026-09-07 00:01:00,8,0,0
2410,323,262,2026-02-19 00:35:00,1,0,0
2411,244,299,2026-02-12 00:01:00,4,1,0
2412,163,231,2026-05-04 00:07:00,43,0,0
2413,1402,49,2026-04-20 00:32:00,37,0,1
2414,148,480,2026-05-13 00:59:00,3,0,1
2415,371,320,2026-06-08 00:25:00,24,0,0
2416,946,27,2026-08-23 00:19:00,1,0,1
2417,318,313,2026-06-05 00:10:00,47,0,0
2418,388,166,2026-05-27 00:27:00,7,0,1
2419,1356,197,2026-05-09 00:24:00,4,0,0
2420,802,123,2026-03-14 00:33:00,10,0,0
2421,433,314,2026-08-20 00:34:00,15,0,0
2422,1190,400,2026-08-02 00:45:00,68,0,0
2423,1355,93,2026-08-24 00:00:00,12,0,0
2424,536,213,2025-12-26 00:32:00,40,0,0
2425,1311,119,2025-08-24 00:55:00,16,0,0
2426,654,61,2026-01-19 00:47:00,15,0,0
2427,832,500,2026-03-09 00:44:00,1,0,0
2428,1267,89,2026-03-28 00:13:00,7,0,0
2429,1440,244,2026-01-26 00:07:00,49,0,1
2430,233,223,2026-03-11 00:59:00,17,0,1
2431,479,217,2026-07-27 00:44:00,26,0,0
2432,555,354,2026-01-03 00:08:00,16,0,1
2433,860,186,2026-04-03 00:05:00,14,0,1
2434,1187,228,2026-06-21 00:33:00,2,0,1
2435,745,28,2026-06-10 00:45:00,49,0,0
2436,187,157,2026-06-01 00:34:00,5,0,1
2437,1031,229,2025-07-24 00:50:00,27,0,1
2438,1470,161,2026-06-10 00:45:00,4,0,1
2439,1249,480,2026-08-18 00:35:00,8,0,0
2440,252,229,2026-08-24 00:18:00,22,0,0
2441,1424,5,2026-08-15 00:17:00,60,0,1
2442,28,24,2025-12-04 00:12:00,4,0,1
2443,362,412,2026-09-03 00:19:00,17,0,0
2444,1685,441,2026-08-09 00:30:00,5,0,0
2445,439,99,2026-06-19 00:34:00,3,1,0
2446,691,53,2026-06-22 00:12:00,39,0,0
2447,255,290,2026-04-01 00:30:00,5,0,0
2448,487,309,2026-08-27 00:46:00,5,0,1
2449,1354,136,2026-06-09 00:20:00,47,0,0
2450,1477,307,2026-09-07 00:48:00,51,0,1
2451,624,272,2026-07-19 00:25:00,17,0,0
2452,1156,178,2026-07-06 00:10:00,18,0,1
2453,1204,157,2025-08-29 00:30:00,1,0,1
2454,898,15,2026-02-23 00:29:00,29,0,0
2455,1612,477,2026-07-27 00:29:00,9,0,1
2456,1585,465,2026-02-14 00:33:00,22,0,0
2457,386,226,2026-09-05 00:08:00,20,1,1
2458,523,430,2026-05-13 00:16:00,1,0,1
2459,343,429,2026-07-30 00:07:00,15,0,1
2460,229,218,2025-10-08 00:17:00,11,0,0
2461,1384,201,2026-07-27 00:55:00,47,0,0
2462,604,316,2026-08-11 00:31:00,16,0,0
2463,1761,191,2026-01-18 00:57:00,4,0,0
2464,69,116,2026-08-30 00:08:00,31,0,1
2465,178,152,2025-11-28 00:22:00,14,0,0
2466,1279,289,2026-09-03 00:45:00,51,0,1
2467,347,412,2026-02-20 00:35:00,3,0,0
2468,947,52,2026-07-27 00:16:00,55,0,1
2469,1608,121,2026-07-10 00:04:00,22,0,1
2470,327,196,2026-02-19 00:04:00,15,0,0
2471,58,99,2026-05-19 00:49:00,52,0,0
2472,1475,424,2026-09-07 00:27:00,8,1,1
2473,1603,253,2026-08-12 00:22:00,17,0,1
2474,1044,145,2026-04-23 00:35:00,1,0,0
2475,705,266,2025-12-20 00:06:00,68,0,0
2476,1777,452,2026-04-25 00:35:00,10,0,1
2477,1315,111,2026-05-19 00:02:00,1,0,0
2478,776,22,2026-05-08 00:49:00,2,0,1
2479,241,444,2026-09-04 00:03:00,8,0,1
2480,86,354,2026-08-14 00:45:00,40,0,0
2481,969,190,2025-10-06 00:31:00,20,0,0
2482,1525,27,2026-08-05 00:38:00,3,0,0
2483,458,151,2026-06-17 00:32:00,23,0,1
2484,931,203,2026-07-13 00:14:00,81,0,0
2485,1256,455,2026-05-26 00:21:00,7,0,0
2486,1250,113,2026-05-13 00:12:00,9,0,0
2487,1067,26,2025-09-02 00:43:00,27,0,0
2488,494,128,2026-05-20 00:28:00,2,0,1
2489,1117,157,2026-05-02 00:09:00,5,0,1
2490,1321,142,2026-08-04 00:26:00,16,0,0
2491,1509,57,2026-06-19 00:36:00,16,1,0
2492,1364,32,2026-04-17 00:51:00,56,0,0
2493,1301,167,2026-08-27 00:05:00,21,0,0
2494,829,500,2025-06-02 00:59:00,26,0,0
2495,1648,26,2025-09-09 00:08:00,7,0,1
2496,991,299,2026-06-19 00:41:00,31,1,1
2497,1364,279,2025-12-21 00:46:00,12,0,1
2498,505,238,2026-06-14 00:54:00,14,0,1
2499,238,435,2026-08-28 00:26:00,17,0,0
2500,762,232,2026-06-29 00:57:00,26,0,1
2501,1131,96,2026-07-08 00:08:00,26,0,0
2502,298,183,2025-12-10 00:16:00,14,0,0
2503,1603,327,2026-09-04 00:20:00,10,0,0
2504,1198,59,2026-08-18 00:14:00,3,0,1
2505,1173,365,2026-04-11 00:23:00,1,0,0
2506,1055,462,2026-02-14 00:18:00,46,0,1
2507,777,458,2026-01-20 00:24:00,21,1,0
2508,1333,304,2025-08-11 00:41:00,18,0,0
2509,1080,466,2026-02-02 00:39:00,1,0,0
2510,1534,440,2026-05-06 00:38:00,11,0,1
2511,133,395,2026-07-10 00:53:00,34,1,0
2512,1264,399,2026-06-21 00:27:00,8,0,0
2513,1120,169,2026-08-10 00:06:00,7,0,0
2514,1190,206,2026-08-08 00:02:00,20,0,0
2515,218,188,2025-12-13 00:11:00,1,0,0
2516,1752,24,2026-07-03 00:31:00,1,0,1
2517,593,136,2026-08-29 00:55:00,18,0,0
2518,16,47,2025-05-02 00:30:00,22,0,1
2519,1764,477,2025-11-26 00:57:00,24,0,0
2520,468,81,2026-04-23 00:51:00,13,0,0
2521,438,175,2026-08-15 00:30:00,6,0,1
2522,1303,252,2026-08-24 00:00:00,46,1,0
2523,1426,345,2026-09-04 00:58:00,1,0,1
2524,260,142,2026-05-12 00:08:00,5,0,0
2525,1502,157,2026-07-07 00:04:00,43,0,1
2526,1721,182,2026-03-22 00:30:00,24,0,0
2527,607,127,2026-07-08 00:10:00,25,0,0
2528,1330,199,2026-07-13 00:09:00,7,0,0
2529,926,289,2026-06-01 00:31:00,19,0,0
2530,669,397,2025-07-21 00:44:00,16,0,0
2531,131,326,2026-04-26 00:46:00,23,0,0
2532,1005,348,2026-04-08 00:12:00,27,0,1
2533,277,327,2026-04-30 00:13:00,3,0,1
2534,165,36,2025-10-02 00:25:00,2,0,0
2535,1343,422,2026-05-15 00:46:00,34,1,0
2536,981,249,2025-06-17 00:51:00,22,0,0
2537,1025,330,2026-06-16 00:35:00,19,0,0
2538,248,4,2026-06-13 00:01:00,20,0,1
2539,1070,162,2026-09-07 00:32:00,32,0,0
2540,773,193,2026-05-15 00:54:00,6,0,0
2541,1002,428,2026-03-19 00:39:00,5,0,0
2542,95,425,2026-05-29 00:44:00,18,0,1
2543,1188,262,2026-08-01 00:45:00,50,0,0
2544,995,109,2026-07-01 00:22:00,2,0,0
2545,225,154,2026-02-14 00:29:00,55,0,0
2546,396,411,2026-06-07 00:42:00,44,1,0
2547,1416,139,2026-09-06 00:58:00,13,0,0
2548,864,409,2026-08-06 00:13:00,7,0,0
2549,245,146,2026-05-12 00:33:00,13,0,0
2550,539,156,2026-08-20 00:39:00,14,0,1
2551,532,166,2026-06-09 00:21:00,45,0,0
2552,1632,278,2025-09-01 00:10:00,31,0,1
2553,313,318,2026-02-03 00:05:00,37,0,0
2554,1608,161,2026-07-25 00:55:00,16,0,0
2555,50,292,2026-01-19 00:03:00,1,1,0
2556,49,386,2026-01-13 00:24:00,30,1,1
2557,321,332,2026-07-31 00:32:00,20,0,0
2558,675,223,2026-04-19 00:34:00,39,0,0
2559,890,211,2025-09-14 00:44:00,6,0,1
2560,1066,443,2026-05-07 00:13:00,3,0,0
2561,736,409,2026-08-28 00:13:00,37,0,0
2562,1505,26,2025-12-20 00:52:00,11,0,0
2563,1679,464,2026-06-18 00:55:00,47,0,1
2564,523,400,2026-04-19 00:10:00,1,0,1
2565,446,346,2026-09-01 00:55:00,11,0,0
2566,112,348,2026-06-21 00:47:00,23,0,1
2567,1356,329,2026-08-20 00:20:00,11,0,0
2568,788,292,2026-07-15 00:19:00,34,0,0
2569,1458,399,2025-09-16 00:15:00,28,0,1
2570,1522,456,2026-01-25 00:37:00,5,0,0
2571,684,65,2025-09-02 00:07:00,1,0,1
2572,1457,6,2026-08-29 00:24:00,5,0,1
2573,1508,345,2026-05-15 00:04:00,18,0,1
2574,507,129,2025-08-07 00:53:00,5,0,0
2575,1581,95,2026-04-13 00:13:00,5,1,1
2576,915,39,2026-08-31 00:38:00,30,0,0
2577,265,232,2025-10-17 00:18:00,16,0,1
2578,1353,464,2025-11-02 00:11:00,3,0,0
2579,717,266,2026-05-24 00:14:00,37,0,0
2580,562,483,2026-07-17 00:13:00,37,0,1
2581,1486,102,2026-06-09 00:41:00,4,0,1
2582,770,253,2026-01-08 00:06:00,30,0,0
2583,71,339,2025-12-25 00:49:00,2,0,0
2584,89,435,2026-08-05 00:27:00,1,0,0
2585,1698,405,2026-09-06 00:00:00,27,0,1
2586,1246,450,2026-06-10 00:13:00,6,0,0
2587,487,386,2026-08-22 00:10:00,18,0,0
2588,1280,83,2026-04-25 00:19:00,2,0,0
2589,1277,209,2026-07-23 00:00:00,11,1,0
2590,575,302,2026-08-24 00:21:00,1,0,0
2591,1581,392,2026-07-23 00:37:00,3,0,1
2592,1243,89,2026-07-07 00:19:00,5,0,0
2593,1374,484,2026-04-16 00:54:00,54,0,1
2594,452,459,2026-06-06 00:54:00,37,0,1
2595,787,486,2026-08-12 00:56:00,9,0,1
2596,445,345,2026-02-28 00:19:00,5,0,0
2597,376,59,2026-03-28 00:56:00,20,1,0
2598,1760,211,2025-08-16 00:49:00,10,0,1
2599,375,366,2026-09-05 00:51:00,8,0,0
2600,377,196,2026-09-04 00:15:00,10,0,1
2601,1692,35,2026-08-15 00:56:00,6,0,0
2602,217,412,2026-06-26 00:00:00,12,0,0
2603,889,485,2026-05-05 00:40:00,17,0,0
2604,848,334,2025-12-19 00:25:00,41,0,1
2605,892,121,2025-11-07 00:12:00,2,0,1
2606,347,368,2026-07-05 00:09:00,3,0,1
2607,1062,153,2026-02-03 00:59:00,15,0,1
2608,661,298,2026-04-12 00:08:00,1,0,1
2609,1673,242,2025-10-23 00:49:00,5,0,0
2610,1237,486,2026-06-01 00:37:00,12,0,1
2611,705,462,2025-07-03 00:36:00,5,0,1
2612,169,112,2026-05-14 00:41:00,15,0,0
2613,212,116,2026-05-27 00:25:00,1,0,0
2614,693,386,2026-09-05 00:16:00,4,0,0
2615,268,441,2025-07-06 00:13:00,37,0,0
2616,802,115,2026-03-22 00:32:00,44,0,1
2617,453,412,2026-08-02 00:54:00,26,0,0
2618,837,178,2026-03-25 00:33:00,10,0,0
2619,170,225,2026-08-02 00:31:00,35,1,0
2620,52,296,2026-04-22 00:47:00,1,0,1
2621,188,270,2026-08-24 00:22:00,2,0,0
2622,1305,386,2026-08-20 00:20:00,11,0,1
2623,1348,417,2026-02-19 00:39:00,14,1,0
2624,1365,280,2026-04-12 00:14:00,39,1,0
2625,1060,351,2026-03-02 00:39:00,6,0,0
2626,186,294,2026-05-24 00:11:00,16,0,0
2627,371,442,2026-07-27 00:10:00,22,0,0
2628,98,85,2026-06-20 00:02:00,26,0,0
2629,159,142,2026-04-01 00:53:00,17,0,0
2630,1449,144,2026-07-07 00:04:00,18,0,1
2631,860,390,2026-02-11 00:57:00,38,0,0
2632,1238,77,2026-07-20 00:20:00,21,0,0
2633,1231,169,2026-07-18 00:07:00,10,0,0
2634,644,232,2026-07-27 00:37:00,13,0,0
2635,1281,427,2026-06-01 00:28:00,22,0,1
2636,132,486,2026-05-23 00:36:00,58,0,0
2637,1064,33,2025-07-14 00:27:00,14,0,0
2638,793,180,2026-08-10 00:55:00,3,0,0
2639,83,433,2025-08-19 00:47:00,5,1,0
2640,1587,175,2026-07-12 00:59:00,6,0,0
2641,1689,157,2026-01-10 00:51:00,13,0,1
2642,739,150,2026-05-25 00:21:00,1,0,0
2643,123,143,2026-08-07 00:17:00,11,0,0
2644,38,371,2026-08-28 00:01:00,67,0,0
2645,729,421,2026-06-18 00:24:00,1,0,0
2646,1753,63,2025-09-26 00:31:00,12,0,0
2647,256,229,2026-02-01 00:42:00,9,0,0
2648,171,268,2026-08-27 00:25:00,25,0,1
2649,107,455,2026-06-07 00:52:00,36,0,1
2650,558,220,2026-03-30 00:41:00,9,0,0
2651,474,127,2026-05-17 00:43:00,1,0,0
2652,177,74,2026-07-15 00:03:00,92,0,1
2653,221,284,2026-06-09 00:25:00,50,0,0
2654,1437,45,2026-05-08 00:44:00,13,0,0
2655,1281,92,2025-10-22 00:15:00,7,0,1
2656,1021,430,2025-04-29 00:01:00,1,0,0
2657,998,286,2026-07-24 00:59:00,25,0,0
2658,885,53,2026-05-10 00:30:00,5,0,1
2659,160,62,2026-07-11 00:26:00,26,0,1
2660,1048,299,2026-03-14 00:58:00,9,0,0
2661,1343,147,2026-07-30 00:56:00,13,0,1
2662,775,377,2026-02-03 00:12:00,50,0,1
2663,301,379,2026-08-24 00:00:00,31,0,0
2664,1319,474,2026-02-08 00:20:00,5,0,1
2665,156,310,2026-04-21 00:51:00,1,0,0
2666,1667,4,2025-12-26 00:55:00,10,0,0
2667,800,238,2026-09-02 00:27:00,24,0,0
2668,690,496,2025-11-29 00:37:00,20,1,1
2669,214,308,2026-08-09 00:54:00,42,1,1
2670,1515,43,2026-08-07 00:56:00,71,0,1
2671,345,486,2026-08-19 00:20:00,13,0,1
2672,1321,201,2026-08-21 00:32:00,2,1,0
2673,579,372,2026-09-03 00:19:00,1,0,0
2674,258,108,2026-02-27 00:42:00,32,0,1
2675,1492,158,2025-07-06 00:43:00,22,0,0
2676,703,194,2026-05-05 00:03:00,18,1,0
2677,1492,153,2025-06-25 00:45:00,8,1,1
2678,1778,321,2026-08-30 00:30:00,30,0,0
2679,931,309,2026-04-22 00:55:00,7,0,0
2680,1499,460,2026-05-16 00:18:00,8,0,0
2681,1420,365,2025-11-26 00:50:00,39,0,1
2682,943,86,2025-12-14 00:33:00,23,0,0
2683,1244,8,2026-03-26 00:40:00,6,0,1
2684,767,377,2026-08-28 00:26:00,3,0,0
2685,74,72,2026-06-19 00:52:00,5,0,0
2686,641,168,2026-02-16 00:28:00,15,0,1
2687,1570,29,2026-06-16 00:02:00,35,0,0
2688,366,93,2026-02-04 00:35:00,23,0,1
2689,1001,239,2026-07-16 00:50:00,22,0,0
2690,1396,388,2026-07-27 00:54:00,1,1,1
2691,1789,131,2025-10-05 00:52:00,52,0,0
2692,1505,371,2026-05-09 00:10:00,27,0,1
2693,1390,480,2026-07-09 00:43:00,20,1,0
2694,98,303,2026-01-02 00:13:00,19,1,1
2695,20,414,2026-08-15 00:21:00,8,0,1
2696,596,407,2026-07-06 00:04:00,1,1,0
2697,248,101,2025-12-03 00:38:00,39,0,1
2698,1138,164,2026-05-31 00:58:00,11,0,0
2699,1220,209,2025-10-29 00:05:00,12,0,0
2700,1141,231,2026-02-03 00:31:00,26,0,0
2701,1249,487,2026-08-21 00:06:00,17,0,0
2702,736,496,2026-08-28 00:52:00,1,0,0
2703,636,462,2026-07-07 00:24:00,20,0,0
2704,1639,424,2026-06-08 00:00:00,19,0,0
2705,1462,331,2026-02-06 00:47:00,36,0,0
2706,926,418,2026-06-29 00:51:00,2,0,0
2707,1385,220,2025-12-03 00:32:00,1,0,0
2708,908,86,2026-07-21 00:12:00,22,0,0
2709,509,395,2026-06-18 00:00:00,2,0,1
2710,1655,364,2026-09-07 00:44:00,16,0,0
2711,1051,48,2026-01-06 00:30:00,2,1,0
2712,1470,181,2026-06-23 00:47:00,28,1,0
2713,595,35,2025-07-06 00:02:00,3,0,1
2714,574,151,2026-09-01 00:15:00,59,0,0
2715,896,112,2026-06-17 00:32:00,13,0,1
2716,167,86,2026-03-23 00:25:00,1,0,1
2717,361,271,2026-09-04 00:11:00,30,0,0
2718,1427,118,2026-08-20 00:12:00,11,0,0
2719,475,164,2026-08-31 00:08:00,1,0,1
2720,45,299,2026-01-22 00:51:00,4,0,1
2721,238,254,2026-08-22 00:09:00,20,0,0
2722,1317,434,2025-11-07 00:09:00,11,1,1
2723,1579,53,2026-02-02 00:18:00,10,0,1
2724,1134,438,2026-04-29 00:56:00,7,0,0
2725,805,31,2026-08-31 00:01:00,4,0,0
2726,1722,170,2026-07-01 00:31:00,16,0,1
2727,1186,40,2026-06-27 00:12:00,3,0,0
2728,795,274,2025-09-09 00:31:00,12,0,0
2729,707,415,2026-05-11 00:03:00,15,0,1
2730,1194,313,2026-07-11 00:59:00,17,0,1
2731,23,336,2025-10-09 00:00:00,19,0,0
2732,636,294,2026-04-11 00:31:00,45,0,1
2733,1537,444,2026-07-02 00:44:00,2,0,0
2734,1693,274,2026-05-27 00:55:00,1,0,0
2735,317,496,2026-03-30 00:32:00,3,0,1
2736,419,379,2026-09-05 00:23:00,3,0,0
2737,561,288,2026-04-24 00:07:00,63,0,0
2738,731,439,2025-10-30 00:26:00,37,0,0
2739,657,83,2026-06-27 00:05:00,14,0,0
2740,27,392,2026-08-01 00:54:00,16,0,0
2741,1361,377,2026-07-11 00:50:00,8,1,0
2742,164,54,2026-08-20 00:06:00,12,0,1
2743,420,500,2026-09-03 00:29:00,14,0,0
2744,769,244,2026-02-19 00:28:00,25,0,0
2745,942,84,2025-10-20 00:02:00,33,0,1
2746,1016,191,2026-06-26 00:20:00,14,0,1
2747,145,99,2026-02-06 00:19:00,2,0,1
2748,573,230,2026-06-19 00:43:00,18,0,1
2749,676,313,2026-06-26 00:49:00,91,0,0
2750,1628,454,2026-07-13 00:23:00,12,0,1
2751,1754,169,2026-06-25 00:04:00,13,0,0
2752,1672,131,2026-08-15 00:39:00,4,0,0
2753,1407,438,2026-08-02 00:36:00,22,0,0
2754,484,231,2026-07-01 00:47:00,11,1,0
2755,1197,19,2026-05-08 00:15:00,6,0,1
2756,1482,268,2026-08-28 00:57:00,10,0,0
2757,466,285,2026-08-30 00:27:00,1,0,1
2758,55,426,2026-05-01 00:31:00,23,0,1
2759,1404,141,2026-05-26 00:02:00,2,0,1
2760,406,373,2026-07-04 00:32:00,11,1,1
2761,931,329,2026-05-19 00:57:00,3,0,0
2762,930,61,2026-04-07 00:12:00,10,0,0
2763,956,142,2025-04-30 00:59:00,1,0,0
2764,1337,69,2026-06-17 00:05:00,10,0,1
2765,931,461,2026-08-27 00:43:00,25,0,0
2766,1376,120,2026-09-05 00:19:00,1,1,0
2767,195,479,2026-06-20 00:05:00,3,0,0
2768,1417,2,2026-02-10 00:11:00,34,0,1
2769,877,206,2026-08-08 00:02:00,67,0,0
2770,574,47,2026-08-10 00:49:00,8,0,1
2771,1171,399,2026-04-23 00:53:00,25,0,0
2772,1710,393,2026-04-23 00:08:00,13,0,0
2773,1004,418,2026-07-04 00:47:00,20,0,0
2774,1237,272,2026-07-10 00:50:00,3,0,0
2775,1539,117,2026-07-20 00:15:00,43,0,0
2776,1049,485,2026-05-26 00:00:00,27,0,1
2777,1157,400,2026-04-26 00:21:00,4,0,0
2778,698,314,2026-06-09 00:27:00,5,0,1
2779,166,268,2026-09-05 00:09:00,5,0,1
2780,1620,214,2026-09-01 00:36:00,22,0,0
2781,1019,13,2026-06-16 00:06:00,48,0,1
2782,1270,365,2026-05-21 00:03:00,9,0,0
2783,1344,403,2026-06-25 00:23:00,1,0,1
2784,1171,71,2026-02-26 00:27:00,28,0,0
2785,827,234,2026-08-22 00:57:00,18,0,0
2786,1445,213,2026-07-16 00:12:00,22,0,0
2787,193,360,2026-03-08 00:06:00,15,0,0
2788,1461,203,2026-06-30 00:22:00,28,0,0
2789,1558,379,2026-08-04 00:41:00,36,0,1
2790,1394,113,2026-04-20 00:44:00,14,0,1
2791,520,287,2026-08-28 00:33:00,32,0,1
2792,366,333,2026-03-13 00:16:00,1,0,1
2793,1029,478,2026-08-01 00:44:00,9,0,0
2794,1115,53,2026-05-02 00:31:00,4,0,1
2795,864,26,2026-07-06 00:17:00,2,0,1
2796,280,190,2026-06-28 00:10:00,27,0,1
2797,1357,337,2026-01-02 00:17:00,13,0,1
2798,1497,423,2026-08-21 00:51:00,26,0,0
2799,543,293,2026-08-24 00:20:00,2,0,0
2800,150,480,2026-07-25 00:09:00,16,0,1
2801,1612,285,2026-04-29 00:17:00,14,0,1
2802,1548,80,2025-10-29 00:15:00,10,1,1
2803,182,487,2026-01-02 00:06:00,27,0,0
2804,644,280,2026-07-23 00:56:00,37,0,1
2805,1562,266,2026-01-31 00:21:00,10,0,0
2806,1608,378,2026-07-29 00:05:00,14,0,1
2807,1510,223,2025-11-03 00:53:00,23,0,0
2808,404,416,2026-07-14 00:38:00,37,0,1
2809,1235,355,2026-05-22 00:55:00,109,0,0
2810,1728,410,2025-11-15 00:58:00,40,0,0
2811,1141,494,2026-08-09 00:55:00,1,0,1
2812,385,211,2026-08-07 00:24:00,5,0,0
2813,324,259,2026-04-17 00:16:00,25,0,0
2814,1091,440,2026-08-14 00:55:00,13,0,0
2815,1046,461,2026-04-03 00:24:00,92,0,0
2816,355,342,2026-06-06 00:53:00,21,0,1
2817,1264,205,2026-04-10 00:15:00,2,0,1
2818,494,463,2026-07-23 00:12:00,37,0,0
2819,457,26,2026-06-05 00:57:00,44,0,0
2820,812,226,2026-08-31 00:48:00,34,0,0
2821,178,455,2026-08-02 00:35:00,32,0,1
2822,171,398,2026-09-07 00:25:00,34,0,0
2823,1300,500,2025-07-05 00:37:00,66,0,1
2824,1317,94,2025-10-16 00:13:00,1,0,1
2825,1320,296,2026-08-22 00:17:00,47,0,0
2826,553,59,2026-06-09 00:57:00,5,0,0
2827,66,278,2026-04-10 00:20:00,22,1,1
2828,1771,374,2026-06-09 00:07:00,15,0,0
2829,1340,208,2026-02-22 00:17:00,24,0,1
2830,777,199,2025-11-14 00:53:00,24,1,1
2831,371,411,2026-09-01 00:17:00,34,0,1
2832,335,279,2026-06-17 00:51:00,12,0,1
2833,1633,458,2026-03-31 00:54:00,25,0,1
2834,616,472,2025-08-28 00:07:00,18,0,1
2835,312,214,2025-10-13 00:42:00,4,0,0
2836,233,113,2025-11-14 00:20:00,17,0,1
2837,1156,443,2025-05-21 00:33:00,37,0,1
2838,1080,498,2026-05-07 00:28:00,2,0,1
2839,1622,457,2026-01-10 00:51:00,23,0,0
2840,918,357,2026-04-04 00:05:00,30,0,0
2841,1391,39,2026-02-18 00:06:00,15,0,0
2842,1728,21,2025-10-23 00:08:00,23,0,1
2843,59,27,2026-01-05 00:05:00,7,0,0
2844,173,232,2026-06-03 00:59:00,12,0,0
2845,767,98,2026-07-23 00:43:00,28,0,1
2846,411,216,2026-07-17 00:15:00,28,0,0
2847,1324,285,2025-10-22 00:38:00,38,0,0
2848,388,202,2026-06-30 00:34:00,10,0,0
2849,309,371,2026-08-16 00:24:00,3,0,1
2850,845,301,2026-08-19 00:03:00,1,0,0
2851,1076,415,2026-09-01 00:10:00,13,0,0
2852,633,137,2026-03-10 00:32:00,59,1,0
2853,892,110,2026-04-22 00:39:00,4,0,1
2854,583,431,2026-08-12 00:41:00,9,0,1
2855,281,330,2026-09-07 00:36:00,21,0,1
2856,281,132,2026-05-15 00:35:00,21,0,0
2857,305,201,2026-06-21 00:51:00,71,0,0
2858,860,496,2026-06-20 00:15:00,11,0,1
2859,1611,140,2025-12-17 00:39:00,3,0,0
2860,1485,370,2026-09-05 00:33:00,85,0,0
2861,42,156,2026-05-05 00:53:00,11,0,0
2862,241,371,2026-08-22 00:36:00,23,0,0
2863,689,308,2026-07-14 00:28:00,24,0,0
2864,1525,467,2026-05-31 00:34:00,28,0,0
2865,1221,350,2025-10-31 00:45:00,24,0,1
2866,855,339,2026-05-25 00:07:00,14,0,0
2867,1042,225,2026-04-20 00:48:00,11,1,1
2868,244,37,2026-01-26 00:07:00,1,0,0
2869,1309,428,2026-08-27 00:30:00,6,0,0
2870,1761,447,2026-07-14 00:31:00,1,0,1
2871,678,208,2026-07-21 00:26:00,46,0,1
2872,841,370,2026-09-01 00:57:00,18,0,1
2873,771,218,2026-09-05 00:47:00,27,0,0
2874,1031,500,2025-10-26 00:24:00,19,0,0
2875,784,407,2026-05-08 00:59:00,80,0,1
2876,1470,262,2026-07-10 00:37:00,51,0,0
2877,307,427,2026-08-31 00:03:00,9,0,0
2878,229,134,2026-08-08 00:29:00,20,0,0
2879,1285,181,2026-08-10 00:49:00,11,0,1
2880,349,80,2026-04-11 00:03:00,1,0,1
2881,1207,89,2025-06-10 00:14:00,2,0,0
2882,798,9,2025-12-30 00:23:00,7,0,1
2883,894,243,2026-01-04 00:49:00,22,0,0
2884,1480,106,2026-09-07 00:13:00,12,0,0
2885,578,86,2026-09-01 00:59:00,6,0,1
2886,512,383,2026-07-11 00:20:00,39,0,0
2887,1220,246,2026-04-26 00:41:00,9,0,1
2888,1397,404,2026-08-29 00:54:00,5,0,0
2889,334,437,2026-06-30 00:11:00,15,0,1
2890,787,292,2026-07-29 00:10:00,7,0,0
2891,1146,152,2025-11-19 00:54:00,19,0,0
2892,1002,148,2026-08-28 00:33:00,9,0,1
2893,517,72,2026-01-09 00:18:00,18,0,0
2894,1082,352,2026-09-05 00:25:00,48,0,0
2895,172,187,2026-05-29 00:05:00,33,0,0
2896,968,399,2026-01-12 00:41:00,12,0,1
2897,1579,307,2026-01-21 00:58:00,2,0,1
2898,964,69,2025-11-12 00:55:00,49,0,0
2899,1255,196,2026-05-15 00:58:00,5,0,1
2900,1712,191,2026-07-14 00:07:00,4,0,0
2901,229,108,2026-01-19 00:43:00,11,0,0
2902,208,330,2025-10-28 00:30:00,20,0,1
2903,153,326,2026-09-04 00:16:00,4,0,1
2904,930,294,2026-01-14 00:55:00,2,1,0
2905,626,196,2026-02-11 00:31:00,3,0,1
2906,394,380,2026-08-06 00:20:00,1,0,1
2907,258,383,2026-03-16 00:50:00,6,0,0
2908,708,338,2025-12-12 00:13:00,26,0,0
2909,1198,234,2026-06-22 00:13:00,5,0,1
2910,816,401,2026-05-19 00:37:00,21,0,0
2911,954,428,2026-08-07 00:09:00,5,0,0
2912,8,418,2025-10-07 00:37:00,73,0,1
2913,521,22,2026-01-05 00:30:00,13,1,0
2914,1304,87,2026-04-17 00:33:00,2,0,1
2915,22,387,2026-01-15 00:54:00,7,0,1
2916,1276,133,2026-08-05 00:55:00,17,0,0
2917,1185,264,2025-08-28 00:53:00,1,0,0
2918,663,138,2026-03-18 00:44:00,47,0,1
2919,31,283,2026-01-21 00:27:00,12,0,0
2920,1132,451,2026-04-16 00:30:00,27,0,0
2921,32,200,2026-05-13 00:47:00,33,0,0
2922,1346,419,2025-12-28 00:39:00,5,0,1
2923,1494,185,2026-08-27 00:30:00,44,0,1
2924,936,181,2026-04-24 00:58:00,6,0,0
2925,271,474,2026-08-25 00:48:00,17,0,0
2926,285,149,2026-07-10 00:48:00,14,0,1
2927,1283,304,2025-08-06 00:09:00,1,1,1
2928,1162,369,2026-05-08 00:08:00,41,0,1
2929,419,358,2026-05-06 00:37:00,1,0,1
2930,114,465,2026-07-27 00:59:00,2,0,0
2931,1105,285,2026-08-26 00:24:00,12,0,1
2932,755,344,2025-07-29 00:18:00,51,0,0
2933,1769,349,2025-12-12 00:35:00,82,0,0
2934,645,198,2026-06-19 00:40:00,68,0,1
2935,381,392,2026-06-26 00:39:00,1,0,0
2936,728,487,2026-06-10 00:16:00,29,0,0
2937,445,108,2026-09-04 00:03:00,4,0,0
2938,1546,409,2026-05-25 00:04:00,56,0,1
2939,153,401,2026-09-07 00:08:00,15,0,0
2940,506,477,2026-08-02 00:07:00,27,0,1
2941,543,7,2026-09-02 00:51:00,12,0,0
2942,1017,261,2025-11-18 00:23:00,38,0,0
2943,152,446,2026-07-19 00:45:00,15,0,0
2944,152,119,2026-07-30 00:14:00,6,0,0
2945,857,463,2026-03-27 00:15:00,1,0,0
2946,987,302,2026-05-08 00:52:00,6,1,1
2947,858,382,2026-09-01 00:05:00,1,0,1
2948,1800,237,2026-08-10 00:40:00,1,0,1
2949,1219,325,2026-06-07 00:31:00,11,0,1
2950,230,42,2026-01-29 00:27:00,26,0,0
2951,951,378,2025-12-27 00:51:00,32,0,0
2952,1172,475,2026-03-31 00:50:00,1,0,0
2953,1084,479,2026-07-13 00:45:00,78,0,0
2954,577,389,2026-07-03 00:48:00,14,0,1
2955,1480,383,2026-09-07 00:14:00,15,0,1
2956,197,291,2026-02-17 00:57:00,4,0,1
2957,705,177,2026-05-08 00:51:00,12,0,0
2958,421,268,2026-06-21 00:24:00,10,0,0
2959,895,28,2026-07-01 00:35:00,69,0,0
2960,999,72,2026-09-07 00:52:00,24,0,0
2961,635,90,2026-05-16 00:44:00,7,0,0
2962,755,10,2025-09-12 00:57:00,33,0,0
2963,1477,391,2026-09-06 00:23:00,114,0,1
2964,65,285,2026-08-30 00:13:00,13,0,0
2965,543,478,2026-04-23 00:15:00,10,0,1
2966,143,221,2026-07-31 00:20:00,4,0,0
2967,1488,175,2026-06-22 00:48:00,100,0,1
2968,709,206,2025-06-01 00:27:00,16,0,0
2969,1733,253,2026-09-07 00:43:00,11,0,0
2970,180,431,2026-07-05 00:10:00,9,1,1
2971,965,390,2025-10-12 00:44:00,50,0,0
2972,1449,271,2026-04-08 00:25:00,1,0,1
2973,431,293,2026-08-01 00:13:00,27,0,0
2974,178,372,2026-07-25 00:11:00,21,0,0
2975,1054,302,2026-03-17 00:48:00,10,0,0
2976,1140,341,2026-06-14 00:54:00,17,0,0
2977,476,244,2026-02-11 00:32:00,23,0,1
2978,50,86,2026-04-23 00:35:00,12,0,0
2979,804,204,2026-05-26 00:34:00,4,0,1
2980,1670,378,2026-07-24 00:21:00,1,0,0
2981,640,80,2026-08-12 00:43:00,37,0,0
2982,1787,419,2026-09-05 00:06:00,18,0,1
2983,55,455,2026-06-04 00:39:00,14,0,0
2984,1170,198,2025-04-20 00:12:00,18,0,0
2985,143,96,2026-07-19 00:48:00,11,0,1
2986,1670,37,2026-08-06 00:51:00,13,0,1
2987,796,375,2026-04-25 00:15:00,19,0,0
2988,847,468,2026-03-03 00:24:00,3,0,1
2989,1342,223,2025-08-31 00:50:00,28,0,1
2990,409,122,2026-08-24 00:14:00,12,0,0
2991,1003,332,2026-03-02 00:02:00,25,0,0
2992,1566,36,2026-09-01 00:34:00,2,0,0
2993,509,189,2026-05-05 00:56:00,1,0,1
2994,724,387,2026-03-08 00:40:00,1,0,1
2995,343,482,2026-06-24 00:41:00,1,0,0
2996,560,206,2025-04-28 00:42:00,30,0,1
2997,1321,424,2026-09-05 00:53:00,1,0,0
2998,735,282,2026-02-08 00:35:00,14,1,0
2999,1288,451,2025-11-08 00:24:00,40,1,1
3000,572,212,2026-07-05 00:20:00,31,0,0
3001,671,297,2026-07-19 00:07:00,18,0,0
3002,1181,280,2026-06-13 00:55:00,19,0,1
3003,140,147,2026-05-02 00:13:00,45,0,1
3004,1350,50,2026-04-20 00:18:00,20,0,0
3005,178,89,2026-05-15 00:16:00,29,0,1
3006,862,286,2026-08-04 00:35:00,44,0,0
3007,761,58,2026-02-21 00:18:00,18,0,0
3008,1166,32,2026-03-20 00:27:00,4,0,1
3009,102,220,2026-07-06 00:37:00,4,0,1
3010,1560,424,2026-07-06 00:59:00,2,0,1
3011,445,387,2025-11-30 00:29:00,9,0,1
3012,665,393,2026-03-18 00:14:00,10,0,0
3013,821,152,2026-07-22 00:40:00,16,0,1
3014,321,25,2026-02-14 00:53:00,17,0,0
3015,304,295,2026-05-28 00:32:00,96,0,0
3016,58,326,2026-05-17 00:08:00,1,0,1
3017,252,111,2026-05-29 00:15:00,72,0,1
3018,1295,216,2026-05-14 00:05:00,15,0,0
3019,973,408,2026-08-14 00:45:00,22,0,0
3020,1121,234,2026-01-31 00:33:00,45,0,1
3021,1552,390,2026-08-01 00:17:00,21,0,0
3022,545,270,2026-02-16 00:04:00,36,0,0
3023,1266,458,2026-04-26 00:36:00,14,0,1
3024,803,271,2026-07-28 00:03:00,22,0,1
3025,1713,382,2026-09-03 00:41:00,29,0,0
3026,1362,359,2026-07-30 00:40:00,1,0,0
3027,600,125,2026-09-02 00:39:00,39,0,1
3028,578,27,2026-06-16 00:58:00,6,0,0
3029,1232,100,2026-01-25 00:18:00,6,0,0
3030,1534,444,2025-09-29 00:12:00,4,0,0
3031,472,122,2026-08-12 00:16:00,7,0,0
3032,1330,480,2026-06-02 00:06:00,23,1,0
3033,1141,231,2026-04-22 00:20:00,7,0,0
3034,1115,111,2026-08-21 00:20:00,10,0,0
3035,416,122,2026-08-26 00:19:00,3,0,0
3036,1044,424,2026-03-07 00:53:00,11,0,0
3037,994,338,2025-10-30 00:26:00,9,0,0
3038,594,314,2026-07-19 00:44:00,39,1,0
3039,1035,458,2026-01-14 00:01:00,4,0,0
3040,889,364,2026-01-12 00:30:00,7,0,0
3041,1254,216,2026-06-06 00:27:00,10,0,1
3042,729,132,2026-02-28 00:18:00,21,1,0
3043,1147,172,2026-07-27 00:49:00,37,0,0
3044,1013,391,2026-06-06 00:55:00,3,0,1
3045,986,30,2026-07-17 00:07:00,1,0,1
3046,805,373,2026-04-29 00:16:00,1,0,0
3047,1561,96,2026-05-05 00:15:00,22,0,0
3048,487,120,2026-09-07 00:04:00,1,0,1
3049,473,202,2026-04-28 00:57:00,1,0,0
3050,6,22,2026-02-12 00:53:00,18,0,0
3051,1493,392,2026-05-06 00:16:00,8,0,0
3052,840,393,2026-09-06 00:03:00,12,0,0
3053,437,108,2026-08-25 00:15:00,57,0,1
3054,583,330,2026-07-14 00:34:00,15,0,0
3055,942,296,2026-05-02 00:01:00,1,0,0
3056,1102,121,2026-05-10 00:29:00,53,0,1
3057,466,87,2026-08-25 00:17:00,16,0,0
3058,1381,130,2026-07-22 00:52:00,1,0,0
3059,1286,461,2026-07-24 00:07:00,4,0,0
3060,1118,186,2026-07-01 00:35:00,15,1,1
3061,846,120,2026-08-14 00:33:00,6,0,1
3062,706,313,2026-06-24 00:35:00,12,1,0
3063,1261,111,2025-07-29 00:37:00,43,0,1
3064,600,69,2026-08-19 00:46:00,15,0,1
3065,871,243,2026-08-13 00:51:00,1,0,1
3066,15,198,2026-09-04 00:26:00,13,0,0
3067,198,293,2026-06-25 00:31:00,2,0,0
3068,420,11,2026-08-29 00:51:00,24,0,0
3069,26,367,2026-07-31 00:26:00,11,0,0
3070,841,62,2026-08-16 00:13:00,17,0,1
3071,451,150,2026-09-05 00:08:00,10,0,0
3072,796,488,2025-11-30 00:06:00,12,0,0
3073,888,297,2026-06-04 00:20:00,17,0,0
3074,722,264,2026-08-19 00:25:00,55,0,1
3075,1238,187,2025-08-31 00:31:00,61,0,1
3076,1720,442,2025-09-14 00:03:00,28,0,0
3077,1215,419,2026-04-11 00:27:00,4,0,0
3078,1429,378,2026-05-12 00:39:00,33,0,1
3079,402,339,2026-02-14 00:10:00,46,0,0
3080,570,11,2025-06-05 00:39:00,43,0,0
3081,1172,292,2026-09-01 00:10:00,6,0,1
3082,1163,59,2026-07-05 00:09:00,20,0,0
3083,170,401,2025-10-04 00:25:00,4,0,0
3084,430,195,2025-12-12 00:32:00,21,0,1
3085,261,63,2025-09-14 00:56:00,36,0,1
3086,1339,241,2025-12-31 00:44:00,4,0,0
3087,1749,373,2026-03-17 00:22:00,3,0,1
3088,1445,389,2026-09-02 00:06:00,1,0,1
3089,668,124,2025-07-04 00:24:00,55,0,1
3090,1497,401,2025-11-21 00:17:00,51,0,1
3091,1450,403,2025-12-29 00:42:00,21,0,0
3092,1311,251,2026-05-22 00:07:00,19,0,1
3093,1063,363,2026-02-19 00:13:00,14,0,1
3094,370,199,2026-05-05 00:45:00,9,0,1
3095,416,8,2026-07-25 00:57:00,4,0,1
3096,1082,263,2026-09-01 00:16:00,20,0,0
3097,624,291,2026-02-25 00:50:00,3,0,0
3098,1602,301,2026-08-24 00:13:00,14,0,1
3099,972,231,2026-02-15 00:39:00,24,0,1
3100,1007,318,2026-03-21 00:16:00,11,0,1
3101,896,275,2026-08-16 00:26:00,25,0,1
3102,15,411,2026-08-30 00:45:00,21,0,0
3103,1767,146,2026-09-07 00:48:00,9,0,0
3104,1214,9,2026-07-23 00:15:00,4,0,0
3105,1157,368,2026-01-11 00:25:00,4,0,0
3106,1253,212,2026-05-09 00:38:00,15,0,1
3107,673,443,2026-07-08 00:32:00,39,0,1
3108,116,490,2026-06-05 00:22:00,8,0,0
3109,1088,448,2026-06-26 00:16:00,44,0,1
3110,1674,367,2025-08-27 00:36:00,54,0,1
3111,1448,498,2026-02-21 00:25:00,9,0,1
3112,1672,162,2026-08-24 00:45:00,6,0,0
3113,738,380,2026-09-06 00:44:00,18,0,0
3114,1696,78,2026-06-29 00:09:00,1,1,1
3115,1038,493,2026-08-21 00:30:00,41,0,1
3116,1502,338,2026-07-23 00:33:00,127,0,1
3117,65,208,2026-07-28 00:05:00,1,0,0
3118,233,321,2026-08-12 00:01:00,14,0,0
3119,94,208,2026-09-06 00:59:00,1,0,0
3120,1039,225,2026-05-18 00:07:00,8,1,0
3121,290,14,2026-06-16 00:56:00,34,0,0
3122,650,160,2025-12-30 00:20:00,6,0,1
3123,1195,130,2026-09-06 00:16:00,1,0,1
3124,1764,211,2025-09-13 00:41:00,7,0,1
3125,1047,216,2026-06-12 00:03:00,41,0,0
3126,351,1,2025-11-10 00:27:00,53,0,0
3127,334,134,2026-05-16 00:57:00,23,0,1
3128,820,298,2026-07-26 00:49:00,63,0,0
3129,335,386,2026-01-15 00:57:00,1,0,0
3130,1785,334,2026-02-21 00:59:00,1,0,0
3131,777,316,2025-05-10 00:43:00,24,1,0
3132,1746,179,2026-01-02 00:10:00,23,0,0
3133,1687,270,2026-06-29 00:53:00,25,0,0
3134,340,85,2026-04-22 00:26:00,9,0,0
3135,136,418,2026-05-30 00:18:00,2,0,0
3136,1348,23,2026-05-09 00:32:00,1,0,1
3137,1724,362,2026-06-24 00:21:00,3,1,0
3138,184,497,2026-08-26 00:58:00,1,0,1
3139,293,311,2026-06-22 00:28:00,22,0,0
3140,634,283,2026-06-08 00:28:00,9,0,1
3141,452,457,2025-11-10 00:15:00,5,0,1
3142,1752,406,2026-07-02 00:45:00,6,0,0
3143,747,144,2026-06-20 00:31:00,24,0,0
3144,961,51,2026-05-04 00:25:00,1,0,0
3145,1352,433,2026-09-07 00:57:00,18,0,1
3146,1050,328,2025-12-04 00:30:00,21,0,0
3147,1437,483,2026-05-17 00:22:00,10,0,0
3148,146,495,2026-07-11 00:49:00,1,0,1
3149,1537,344,2026-08-28 00:39:00,11,0,1
3150,1607,319,2026-04-02 00:04:00,20,0,0
3151,1693,426,2026-03-10 00:47:00,9,0,1
3152,416,348,2026-08-26 00:07:00,9,0,0
3153,276,31,2025-11-25 00:41:00,2,0,0
3154,556,467,2025-12-22 00:57:00,3,0,0
3155,1140,347,2026-08-11 00:37:00,18,0,0
3156,1011,89,2026-04-21 00:36:00,5,0,0
3157,1512,329,2026-07-17 00:22:00,16,0,0
3158,708,176,2026-01-29 00:55:00,8,0,0
3159,383,282,2026-09-04 00:20:00,49,0,0
3160,1077,23,2025-11-29 00:49:00,3,0,0
3161,1429,161,2025-12-11 00:12:00,7,0,0
3162,1094,382,2026-03-18 00:44:00,16,0,1
3163,689,305,2025-11-27 00:42:00,4,0,0
3164,919,397,2026-07-27 00:01:00,55,0,1
3165,1243,124,2026-09-03 00:49:00,44,0,0
3166,1678,227,2025-12-23 00:40:00,7,0,0
3167,1425,242,2025-11-10 00:23:00,13,0,0
3168,1550,270,2026-08-24 00:16:00,7,0,0
3169,1684,374,2025-10-28 00:26:00,12,0,0
3170,75,450,2026-06-20 00:09:00,31,0,0
3171,462,491,2026-01-04 00:34:00,10,0,0
3172,304,414,2025-11-08 00:09:00,17,0,0
3173,1334,349,2026-07-17 00:57:00,2,0,0
3174,317,111,2026-07-02 00:32:00,47,0,0
3175,290,178,2026-06-15 00:17:00,38,0,0
3176,1754,401,2026-05-02 00:45:00,15,0,1
3177,918,6,2025-09-22 00:59:00,1,0,0
3178,1603,493,2026-08-08 00:02:00,26,0,0
3179,1294,279,2026-07-31 00:30:00,42,0,0
3180,1785,264,2026-03-01 00:56:00,14,1,0
3181,1564,414,2026-08-07 00:23:00,66,0,1
3182,887,15,2025-10-25 00:16:00,15,0,1
3183,1596,87,2026-07-06 00:36:00,1,0,1
3184,363,102,2026-03-28 00:56:00,35,0,0
3185,347,322,2026-06-23 00:33:00,15,0,1
3186,1665,415,2026-04-27 00:20:00,3,0,0
3187,1251,347,2026-09-06 00:31:00,11,0,0
3188,523,25,2025-12-21 00:08:00,29,0,0
3189,446,246,2026-09-04 00:33:00,45,0,0
3190,131,243,2025-10-10 00:50:00,7,0,0
3191,1476,228,2026-07-30 00:35:00,12,0,0
3192,70,335,2025-06-30 00:59:00,33,0,1
3193,1024,469,2026-08-27 00:34:00,2,0,1
3194,673,476,2026-07-21 00:26:00,9,0,1
3195,1274,216,2025-09-23 00:31:00,4,0,0
3196,812,335,2026-07-30 00:49:00,45,0,0
3197,834,259,2026-07-09 00:10:00,4,0,0
3198,1020,422,2026-04-18 00:08:00,5,0,0
3199,311,461,2025-11-05 00:55:00,1,0,1
3200,351,329,2026-03-09 00:35:00,20,0,0
3201,1083,61,2026-01-23 00:58:00,35,0,1
3202,1205,219,2026-02-07 00:02:00,2,0,0
3203,308,215,2025-09-06 00:31:00,22,0,0
3204,787,434,2026-08-08 00:53:00,34,0,1
3205,684,206,2026-06-15 00:17:00,2,0,1
3206,1728,59,2026-05-27 00:42:00,19,0,1
3207,845,75,2026-09-06 00:44:00,1,0,0
3208,878,320,2026-07-07 00:17:00,23,0,1
3209,1584,221,2025-10-31 00:02:00,8,0,1
3210,1716,359,2026-07-22 00:08:00,3,0,0
3211,336,73,2026-05-28 00:30:00,17,0,0
3212,779,78,2026-07-28 00:52:00,7,0,1
3213,1715,315,2026-06-18 00:02:00,16,0,1
3214,1620,38,2026-08-31 00:46:00,82,0,0
3215,1210,53,2026-03-20 00:36:00,31,0,1
3216,1245,147,2026-07-08 00:18:00,11,0,0
3217,989,365,2026-08-29 00:53:00,1,0,0
3218,284,215,2026-01-24 00:32:00,21,0,1
3219,844,259,2026-09-03 00:15:00,46,0,0
3220,839,474,2025-08-27 00:39:00,4,0,1
3221,1316,448,2026-08-29 00:04:00,17,0,0
3222,116,290,2026-06-05 00:57:00,22,0,0
3223,311,45,2026-03-21 00:43:00,26,0,1
3224,1643,90,2025-06-23 00:55:00,39,0,1
3225,1247,193,2025-11-26 00:44:00,10,0,1
3226,1481,53,2026-09-05 00:45:00,31,0,1
3227,960,163,2026-06-05 00:33:00,12,0,1
3228,23,352,2026-08-29 00:32:00,8,0,0
3229,1331,123,2025-12-22 00:08:00,2,0,0
3230,544,309,2026-01-28 00:58:00,48,0,0
3231,46,325,2026-06-07 00:26:00,16,0,0
3232,1123,419,2025-11-30 00:59:00,48,0,0
3233,1683,492,2026-08-10 00:32:00,41,0,0
3234,1399,380,2026-08-28 00:35:00,29,0,1
3235,263,156,2026-06-30 00:40:00,33,1,1
3236,1573,140,2026-07-21 00:41:00,1,0,1
3237,283,273,2026-05-07 00:06:00,52,0,1
3238,1129,454,2026-07-30 00:06:00,1,1,0
3239,271,169,2026-09-07 00:45:00,39,0,0
3240,493,460,2025-05-07 00:20:00,48,0,1
3241,514,453,2026-02-19 00:27:00,3,0,0
3242,1649,359,2026-06-22 00:21:00,5,0,0
3243,422,131,2026-07-12 00:00:00,46,0,0
3244,1058,376,2025-11-12 00:15:00,5,0,0
3245,1253,145,2026-06-13 00:09:00,21,0,0
3246,251,236,2025-07-10 00:04:00,27,0,0
3247,1648,338,2025-09-01 00:46:00,14,0,0
3248,998,168,2026-08-14 00:16:00,8,0,0
3249,312,232,2025-07-23 00:32:00,79,0,1
3250,925,12,2026-05-09 00:15:00,1,0,1
3251,382,217,2025-06-27 00:01:00,12,0,1
3252,1040,415,2026-05-10 00:42:00,28,0,1
3253,1454,494,2026-07-26 00:11:00,30,0,0
3254,415,65,2026-08-25 00:01:00,30,0,0
3255,328,441,2026-08-25 00:30:00,3,0,0
3256,1359,76,2026-06-29 00:45:00,9,0,1
3257,1099,146,2025-12-24 00:12:00,7,0,0
3258,1323,487,2026-09-07 00:19:00,85,0,0
3259,1306,115,2025-10-11 00:27:00,51,0,0
3260,682,109,2026-08-05 00:52:00,8,0,1
3261,387,261,2025-11-22 00:45:00,37,0,1
3262,583,129,2026-08-17 00:23:00,37,0,0
3263,374,46,2026-08-31 00:33:00,15,0,0
3264,489,238,2026-04-29 00:02:00,23,0,0
3265,629,81,2026-07-01 00:32:00,15,0,1
3266,421,314,2026-06-24 00:00:00,46,0,0
3267,77,264,2026-07-14 00:03:00,49,0,0
3268,107,314,2026-08-04 00:41:00,9,0,1
3269,442,421,2026-01-06 00:02:00,3,0,1
3270,1716,332,2026-08-14 00:15:00,18,0,1
3271,441,290,2025-05-06 00:52:00,5,0,0
3272,732,107,2026-07-26 00:30:00,35,1,0
3273,1761,289,2026-02-08 00:27:00,6,0,0
3274,995,70,2026-07-05 00:03:00,2,0,1
3275,1081,409,2025-06-14 00:49:00,7,0,0
3276,194,493,2026-08-09 00:49:00,14,0,0
3277,136,300,2026-08-27 00:50:00,9,0,1
3278,1055,176,2026-08-13 00:19:00,31,0,0
3279,1766,358,2026-08-29 00:35:00,10,1,0
3280,519,284,2026-02-01 00:47:00,30,0,1
3281,74,232,2026-09-01 00:27:00,22,0,1
3282,1635,323,2026-08-04 00:55:00,56,0,0
3283,1202,66,2026-09-07 00:34:00,10,0,0
3284,243,431,2026-07-26 00:14:00,77,0,1
3285,725,231,2026-08-17 00:04:00,1,0,0
3286,803,372,2025-11-01 00:58:00,26,0,0
3287,1411,358,2026-07-08 00:33:00,41,0,0
3288,1585,192,2025-10-05 00:47:00,8,0,1
3289,197,488,2026-08-03 00:37:00,68,0,0
3290,1030,13,2026-04-28 00:10:00,89,0,1
3291,1550,473,2026-02-13 00:59:00,8,1,0
3292,1672,160,2026-08-23 00:46:00,12,0,0
3293,480,392,2026-08-30 00:57:00,66,0,1
3294,297,89,2026-08-11 00:14:00,19,0,0
3295,903,390,2026-02-04 00:22:00,19,0,1
3296,153,65,2026-08-29 00:28:00,16,0,0
3297,1033,331,2025-12-30 00:38:00,26,0,1
3298,327,365,2026-05-29 00:19:00,6,0,0
3299,382,17,2026-02-01 00:12:00,32,0,0
3300,1410,157,2026-04-10 00:41:00,29,0,0
3301,1719,332,2026-02-06 00:02:00,4,0,0
3302,1078,153,2026-07-03 00:46:00,9,0,0
3303,443,70,2026-06-28 00:25:00,10,0,1
3304,1013,19,2026-07-12 00:01:00,8,0,0
3305,1370,110,2026-02-27 00:40:00,4,0,0
3306,26,244,2026-03-09 00:07:00,30,0,0
3307,190,302,2026-05-29 00:19:00,1,0,0
3308,1428,360,2026-06-26 00:34:00,1,0,0
3309,1703,392,2026-04-07 00:49:00,25,0,0
3310,1168,433,2026-08-13 00:26:00,13,0,1
3311,1053,257,2026-01-26 00:00:00,11,0,0
3312,1055,118,2026-07-29 00:31:00,3,1,1
3313,1387,174,2026-06-21 00:46:00,12,0,0
3314,263,201,2026-08-02 00:02:00,45,0,1
3315,67,314,2026-07-16 00:24:00,4,0,1
3316,329,224,2026-06-04 00:39:00,19,0,0
3317,1638,452,2026-06-15 00:59:00,24,0,1
3318,170,133,2025-08-09 00:13:00,69,0,0
3319,378,228,2025-11-17 00:38:00,77,0,0
3320,1569,124,2026-05-24 00:38:00,26,0,0
3321,360,114,2026-05-05 00:59:00,22,0,0
3322,998,126,2026-08-18 00:48:00,17,0,1
3323,1334,449,2026-03-05 00:52:00,17,0,0
3324,1092,416,2026-06-30 00:55:00,57,0,1
3325,77,327,2026-01-15 00:40:00,9,0,0
3326,704,316,2026-07-18 00:42:00,5,0,0
3327,1012,14,2026-07-29 00:13:00,11,0,0
3328,738,215,2026-07-18 00:28:00,11,0,1
3329,450,345,2025-12-28 00:17:00,14,1,0
3330,511,196,2026-09-04 00:33:00,8,0,0
3331,6,31,2026-03-30 00:42:00,30,0,0
3332,1686,484,2026-05-22 00:26:00,1,1,1
3333,270,48,2026-08-01 00:51:00,6,0,0
3334,195,467,2026-05-13 00:35:00,1,0,0
3335,584,55,2025-12-14 00:03:00,11,0,0
3336,255,207,2026-06-07 00:29:00,1,0,1
3337,272,107,2025-12-15 00:47:00,16,0,0
3338,1307,56,2026-07-21 00:59:00,1,0,1
3339,295,296,2026-03-16 00:33:00,20,0,1
3340,754,321,2026-09-05 00:22:00,17,0,1
3341,979,254,2026-07-19 00:25:00,35,0,1
3342,1212,329,2025-12-13 00:17:00,9,0,1
3343,1475,404,2026-06-08 00:36:00,34,0,0
3344,601,379,2026-04-25 00:43:00,14,0,0
3345,898,368,2026-03-15 00:57:00,37,0,1
3346,405,490,2026-06-16 00:45:00,1,0,1
3347,750,18,2026-04-09 00:57:00,29,0,0
3348,709,39,2026-02-05 00:58:00,40,0,0
3349,548,143,2026-05-08 00:24:00,34,0,1
3350,1080,154,2026-02-14 00:16:00,18,0,1
3351,486,332,2026-02-28 00:13:00,1,0,0
3352,1135,306,2025-08-03 00:49:00,14,0,1
3353,979,51,2026-08-25 00:04:00,5,0,0
3354,333,214,2025-12-01 00:19:00,72,0,1
3355,1124,29,2026-08-24 00:30:00,6,0,0
3356,689,3,2026-08-22 00:48:00,37,0,1
3357,1126,497,2025-11-26 00:35:00,1,1,0
3358,895,137,2025-07-14 00:04:00,25,0,1
3359,622,142,2026-08-03 00:28:00,39,0,0
3360,1016,72,2026-07-13 00:15:00,31,0,1
3361,1798,18,2026-09-02 00:09:00,47,0,1
3362,345,461,2026-08-25 00:01:00,16,0,1
3363,906,145,2025-10-22 00:03:00,16,0,1
3364,1025,77,2026-06-25 00:19:00,9,0,0
3365,1660,189,2026-03-21 00:17:00,14,0,1
3366,1283,221,2026-06-24 00:39:00,30,0,0
3367,976,86,2025-12-26 00:58:00,15,0,0
3368,437,401,2026-08-12 00:41:00,27,0,0
3369,216,237,2026-07-21 00:51:00,2,0,0
3370,1055,189,2026-06-07 00:02:00,13,0,0
3371,632,62,2026-07-21 00:08:00,2,0,1
3372,917,482,2026-04-23 00:57:00,84,0,0
3373,338,413,2026-06-25 00:54:00,8,0,0
3374,1578,153,2025-05-22 00:20:00,2,0,1
3375,1115,23,2026-08-09 00:30:00,6,0,0
3376,1464,490,2026-08-14 00:19:00,23,0,0
3377,1505,60,2026-02-26 00:26:00,6,0,0
3378,1482,278,2026-08-24 00:40:00,15,0,0
3379,757,186,2026-08-29 00:30:00,81,0,1
3380,386,366,2026-06-17 00:41:00,49,0,0
3381,914,395,2026-08-26 00:35:00,11,0,0
3382,946,203,2026-04-14 00:31:00,6,0,1
3383,620,31,2026-02-22 00:34:00,22,1,0
3384,525,467,2026-07-01 00:31:00,8,0,0
3385,764,117,2025-09-03 00:51:00,7,1,0
3386,463,133,2026-03-04 00:22:00,1,0,1
3387,269,337,2025-07-18 00:06:00,23,0,0
3388,429,384,2026-07-30 00:23:00,19,0,0
3389,290,456,2026-04-30 00:13:00,25,0,0
3390,484,109,2026-08-23 00:36:00,1,0,1
3391,383,304,2026-09-06 00:25:00,18,0,0
3392,1746,8,2026-03-09 00:27:00,11,0,1
3393,1028,213,2026-05-21 00:36:00,40,0,0
3394,1420,404,2025-11-20 00:48:00,35,0,0
3395,835,277,2025-10-29 00:43:00,1,0,0
3396,1217,67,2026-02-07 00:31:00,11,1,0
3397,126,140,2025-11-11 00:22:00,1,1,0
3398,1050,449,2026-08-24 00:16:00,15,0,1
3399,1791,337,2026-01-13 00:58:00,22,0,1
3400,850,413,2026-03-25 00:48:00,4,0,1
3401,554,297,2026-06-08 00:51:00,5,0,1
3402,1343,319,2026-07-21 00:09:00,70,0,1
3403,1576,85,2026-05-17 00:33:00,3,0,0
3404,1357,458,2025-04-23 00:14:00,1,0,0
3405,704,17,2026-08-03 00:52:00,10,0,0
3406,1066,161,2026-02-28 00:19:00,17,0,0
3407,40,426,2026-06-15 00:43:00,11,0,0
3408,1284,361,2026-08-22 00:27:00,17,0,0
3409,789,342,2025-09-05 00:49:00,31,0,0
3410,1692,81,2026-09-03 00:22:00,33,0,0
3411,1631,478,2025-11-07 00:38:00,1,0,1
3412,1711,219,2026-03-07 00:17:00,17,0,1
3413,208,334,2025-11-16 00:01:00,62,0,0
3414,1161,268,2026-01-30 00:52:00,12,0,0
3415,561,331,2026-09-03 00:36:00,53,0,1
3416,1182,55,2025-12-15 00:20:00,45,0,1
3417,1492,136,2026-04-15 00:27:00,28,0,0
3418,456,460,2026-08-16 00:00:00,7,0,1
3419,540,477,2025-09-27 00:33:00,81,0,0
3420,934,249,2026-01-13 00:56:00,6,1,1
3421,1137,272,2026-05-04 00:40:00,4,0,1
3422,727,32,2026-02-01 00:10:00,10,0,0
3423,643,133,2025-11-22 00:11:00,4,0,0
3424,549,124,2026-08-07 00:30:00,41,0,0
3425,1286,385,2026-01-23 00:52:00,1,0,1
3426,1311,467,2026-08-06 00:54:00,4,1,0
3427,958,423,2025-11-01 00:16:00,2,0,1
3428,61,218,2025-07-09 00:10:00,61,0,1
3429,1266,397,2025-10-27 00:24:00,36,0,1
3430,884,16,2026-03-01 00:30:00,13,0,0
3431,1050,221,2025-11-06 00:11:00,19,0,1
3432,685,379,2025-09-20 00:21:00,7,0,0
3433,911,131,2026-08-18 00:50:00,8,0,0
3434,761,492,2025-10-05 00:52:00,2,0,1
3435,1592,88,2025-12-05 00:01:00,6,0,0
3436,816,277,2026-02-22 00:44:00,65,1,1
3437,912,123,2025-10-27 00:52:00,30,0,0
3438,1177,422,2026-01-24 00:45:00,18,0,0
3439,1285,425,2026-06-16 00:22:00,12,0,1
3440,1285,407,2026-08-25 00:43:00,29,0,1
3441,1550,473,2026-09-02 00:18:00,3,0,0
3442,1371,366,2026-09-05 00:09:00,36,0,0
3443,1578,230,2025-05-18 00:55:00,17,0,1
3444,1461,191,2026-09-07 00:07:00,14,0,0
3445,842,456,2026-04-26 00:51:00,23,0,0
3446,916,303,2026-08-27 00:11:00,15,0,0
3447,915,277,2026-05-16 00:18:00,13,0,0
3448,799,365,2026-07-27 00:08:00,4,0,0
3449,585,264,2026-06-13 00:45:00,55,0,0
3450,592,433,2026-01-14 00:49:00,5,0,0
3451,891,357,2026-08-25 00:34:00,39,0,0
3452,1128,246,2025-08-31 00:45:00,33,0,1
3453,420,427,2026-08-29 00:38:00,4,0,0
3454,624,319,2025-09-07 00:30:00,4,0,0
3455,1679,56,2026-06-05 00:22:00,45,0,1
3456,386,272,2026-07-01 00:54:00,56,0,0
3457,1789,483,2026-05-21 00:18:00,26,0,0
3458,554,294,2026-05-19 00:28:00,1,0,0
3459,579,39,2026-08-27 00:25:00,1,0,0
3460,172,327,2025-12-22 00:29:00,22,0,1
3461,925,412,2026-05-15 00:00:00,1,1,0
3462,247,130,2026-09-03 00:55:00,45,0,0
3463,1012,486,2026-08-24 00:19:00,26,0,0
3464,1238,479,2025-12-21 00:43:00,1,0,1
3465,1103,328,2026-08-07 00:30:00,33,0,1
3466,1203,406,2026-03-22 00:00:00,14,0,1
3467,1327,481,2026-04-22 00:46:00,8,0,1
3468,301,305,2026-08-08 00:58:00,1,0,1
3469,1001,245,2026-03-10 00:16:00,6,0,0
3470,509,396,2026-05-26 00:38:00,19,0,1
3471,366,381,2026-01-23 00:56:00,51,0,1
3472,1053,452,2025-12-16 00:37:00,55,0,1
3473,1733,314,2026-09-05 00:31:00,13,0,1
3474,1081,302,2025-10-02 00:28:00,5,0,1
3475,1317,145,2025-12-15 00:16:00,6,0,1
3476,1324,211,2026-04-10 00:55:00,2,0,0
3477,691,325,2026-09-02 00:22:00,44,0,0
3478,1634,57,2026-08-29 00:40:00,11,0,0
3479,972,431,2026-05-06 00:58:00,24,0,1
3480,1694,416,2025-12-12 00:57:00,9,0,1
3481,470,262,2025-07-07 00:55:00,25,0,0
3482,747,382,2026-06-17 00:10:00,18,0,1
3483,728,79,2025-12-01 00:27:00,12,0,1
3484,1661,191,2026-08-02 00:26:00,7,1,1
3485,253,340,2026-09-06 00:10:00,20,0,1
3486,1172,308,2026-02-09 00:11:00,3,0,0
3487,552,289,2026-08-09 00:18:00,8,0,1
3488,195,345,2026-08-01 00:48:00,20,0,0
3489,1664,89,2026-02-20 00:26:00,5,0,0
3490,1184,87,2026-02-02 00:10:00,35,0,0
3491,1528,226,2026-08-25 00:01:00,41,1,1
3492,1031,428,2025-10-17 00:01:00,8,0,0
3493,1496,20,2026-06-30 00:00:00,24,0,0
3494,915,98,2026-06-04 00:24:00,1,0,0
3495,1687,378,2026-06-23 00:03:00,3,0,0
3496,521,109,2026-02-22 00:35:00,1,0,1
3497,1615,247,2026-06-12 00:24:00,38,0,0
3498,191,355,2026-07-03 00:03:00,60,0,1
3499,1596,409,2026-05-01 00:14:00,24,0,0
3500,1475,205,2025-12-26 00:06:00,59,0,0
3501,1473,123,2026-01-23 00:25:00,15,0,1
3502,515,477,2026-07-20 00:06:00,25,0,1
3503,935,338,2026-07-20 00:43:00,21,1,0
3504,1014,36,2026-05-22 00:40:00,25,0,0
3505,1238,305,2026-04-15 00:12:00,7,0,0
3506,1035,275,2025-08-11 00:56:00,3,0,0
3507,1682,224,2026-06-23 00:30:00,6,0,0
3508,1568,424,2026-07-25 00:31:00,1,0,1
3509,840,304,2026-08-31 00:12:00,10,0,0
3510,270,54,2026-04-08 00:26:00,13,1,1
3511,179,265,2026-08-24 00:29:00,6,0,0
3512,178,79,2026-06-22 00:16:00,9,0,1
3513,1601,101,2026-01-23 00:45:00,15,0,0
3514,1436,107,2025-10-02 00:19:00,11,0,0
3515,1251,15,2026-09-07 00:17:00,19,0,0
3516,1528,482,2026-04-14 00:59:00,43,0,1
3517,896,244,2026-06-08 00:35:00,4,0,1
3518,590,280,2026-08-08 00:32:00,26,0,1
3519,1212,335,2026-08-11 00:02:00,75,0,1
3520,291,431,2026-02-09 00:21:00,31,0,0
3521,453,238,2026-09-04 00:29:00,34,0,1
3522,358,473,2026-07-15 00:09:00,14,0,0
3523,395,202,2026-07-10 00:13:00,25,0,0
3524,1264,20,2026-05-11 00:46:00,3,0,1
3525,576,292,2026-03-08 00:50:00,7,0,0
3526,1250,344,2026-08-29 00:45:00,35,0,1
3527,693,375,2026-09-03 00:15:00,11,0,0
3528,1242,13,2026-03-14 00:39:00,12,0,0
3529,1148,206,2025-11-08 00:01:00,10,0,1
3530,957,237,2026-07-14 00:44:00,26,0,0
3531,1341,426,2025-10-27 00:05:00,65,0,1
3532,1313,168,2026-05-15 00:46:00,22,0,1
3533,532,286,2026-06-02 00:53:00,8,0,0
3534,1342,224,2025-11-08 00:22:00,27,0,0
3535,1793,184,2026-06-22 00:20:00,20,0,0
3536,212,388,2026-08-18 00:25:00,4,0,1
3537,336,303,2025-12-13 00:57:00,21,0,0
3538,1550,240,2026-03-07 00:44:00,4,0,1
3539,572,421,2026-07-15 00:55:00,1,0,0
3540,955,311,2026-09-03 00:43:00,31,0,0
3541,816,30,2026-05-15 00:59:00,35,0,0
3542,919,382,2026-08-28 00:29:00,1,0,0
3543,1038,321,2025-12-15 00:55:00,3,0,0
3544,628,461,2026-08-18 00:35:00,13,0,1
3545,1552,304,2026-06-20 00:09:00,9,0,1
3546,1503,307,2026-08-22 00:33:00,17,0,0
3547,1188,18,2026-08-29 00:19:00,1,0,1
3548,1658,259,2025-09-04 00:43:00,12,0,0
3549,34,378,2026-06-15 00:18:00,8,0,0
3550,193,455,2026-07-21 00:26:00,7,1,0
3551,1401,452,2025-12-27 00:24:00,14,0,0
3552,251,164,2025-09-15 00:14:00,20,0,0
3553,282,87,2025-12-13 00:48:00,42,0,0
3554,1468,269,2026-04-25 00:44:00,30,0,0
3555,1463,421,2026-07-15 00:19:00,15,0,0
3556,1360,295,2026-07-31 00:17:00,38,0,1
3557,1003,250,2026-05-04 00:58:00,69,0,0
3558,256,498,2026-06-25 00:58:00,20,0,0
3559,489,465,2025-12-27 00:18:00,22,0,1
3560,32,208,2026-07-02 00:41:00,28,0,1
3561,859,357,2026-04-17 00:34:00,41,0,1
3562,997,371,2026-09-04 00:31:00,61,0,1
3563,1701,432,2026-06-30 00:25:00,52,0,0
3564,259,178,2026-05-09 00:39:00,67,0,0
3565,1634,17,2026-07-03 00:35:00,8,0,1
3566,1216,497,2025-10-24 00:01:00,3,0,1
3567,1444,419,2026-08-14 00:47:00,68,0,1
3568,1672,138,2026-08-24 00:56:00,12,0,0
3569,1242,146,2026-01-31 00:22:00,8,0,0
3570,435,116,2026-02-07 00:05:00,8,1,0
3571,1661,38,2026-07-28 00:38:00,7,0,0
3572,1142,143,2026-08-21 00:31:00,22,0,1
3573,1117,343,2025-08-19 00:54:00,37,0,0
3574,104,345,2026-08-07 00:16:00,31,0,1
3575,1291,322,2025-09-09 00:44:00,20,0,0
3576,1591,62,2026-05-25 00:52:00,9,0,0
3577,1532,172,2026-05-26 00:06:00,34,0,1
3578,1411,432,2026-01-17 00:26:00,9,0,0
3579,1240,386,2025-12-21 00:08:00,24,0,0
3580,1052,293,2026-01-05 00:12:00,19,0,1
3581,519,101,2026-03-27 00:16:00,25,0,0
3582,1659,106,2026-02-27 00:02:00,4,1,1
3583,389,417,2026-06-18 00:26:00,17,0,1
3584,480,425,2026-04-19 00:09:00,27,1,0
3585,1276,84,2026-08-28 00:38:00,1,0,1
3586,544,431,2026-06-26 00:03:00,94,0,0
3587,1156,129,2025-07-30 00:50:00,4,0,0
3588,1138,267,2026-06-26 00:14:00,38,0,0
3589,745,138,2026-09-01 00:35:00,19,0,0
3590,763,113,2026-08-11 00:18:00,59,0,1
3591,80,370,2026-09-05 00:24:00,1,0,0
3592,1104,283,2026-08-20 00:44:00,2,0,1
3593,353,54,2026-01-21 00:24:00,4,0,0
3594,794,66,2026-06-21 00:41:00,39,0,1
3595,458,434,2026-08-23 00:17:00,7,0,0
3596,787,113,2026-07-17 00:39:00,17,0,0
3597,1648,29,2025-10-10 00:46:00,15,0,0
3598,314,380,2025-11-02 00:10:00,26,0,0
3599,769,85,2026-02-11 00:54:00,57,0,1
3600,680,425,2025-09-29 00:07:00,14,0,0
3601,1189,21,2026-05-28 00:52:00,51,0,1
3602,1331,451,2025-10-19 00:58:00,7,0,0
3603,244,62,2025-07-26 00:02:00,22,0,1
3604,275,407,2026-08-05 00:55:00,3,0,0
3605,1389,459,2026-07-18 00:28:00,69,0,1
3606,503,451,2026-08-28 00:22:00,10,0,0
3607,1264,95,2026-07-04 00:40:00,18,0,0
3608,1131,16,2026-05-13 00:40:00,1,0,0
3609,126,448,2026-04-03 00:28:00,24,0,0
3610,1144,443,2026-08-24 00:57:00,6,0,0
3611,751,39,2026-05-15 00:26:00,89,0,0
3612,984,29,2026-03-01 00:05:00,25,0,1
3613,407,403,2026-05-10 00:24:00,6,1,0
3614,1783,123,2025-06-07 00:52:00,9,0,0
3615,1095,52,2026-03-29 00:37:00,1,0,0
3616,30,403,2026-06-24 00:02:00,19,0,0
3617,1454,61,2026-02-18 00:58:00,8,0,0
3618,875,84,2026-06-28 00:01:00,22,0,0
3619,450,276,2026-09-01 00:42:00,10,0,0
3620,249,324,2026-07-16 00:51:00,6,0,1
3621,1008,124,2026-09-05 00:38:00,16,0,1
3622,1477,475,2026-09-05 00:08:00,40,1,0
3623,1694,114,2025-08-17 00:35:00,31,0,1
3624,1088,223,2026-05-03 00:25:00,1,1,1
3625,908,308,2026-02-21 00:23:00,44,0,0
3626,762,280,2026-07-12 00:14:00,10,0,1
3627,607,157,2026-02-15 00:59:00,6,0,0
3628,1066,202,2026-02-17 00:34:00,21,0,0
3629,854,149,2026-07-28 00:00:00,1,0,1
3630,1097,372,2025-08-13 00:07:00,23,0,1
3631,1734,180,2026-02-10 00:52:00,10,0,0
3632,1530,108,2026-05-18 00:57:00,4,0,1
3633,1449,212,2026-07-28 00:44:00,33,0,0
3634,1329,350,2026-07-03 00:22:00,17,0,0
3635,1644,53,2026-07-14 00:37:00,15,0,1
3636,1707,106,2026-06-14 00:23:00,178,0,0
3637,82,295,2026-07-16 00:53:00,62,0,1
3638,920,434,2026-04-19 00:38:00,8,0,0
3639,736,434,2026-07-26 00:40:00,55,0,0
3640,1070,76,2026-09-07 00:56:00,7,0,0
3641,276,300,2026-08-22 00:08:00,6,0,1
3642,757,240,2026-08-15 00:55:00,1,0,1
3643,1158,319,2025-12-26 00:11:00,14,0,0
3644,814,389,2025-09-09 00:11:00,33,0,0
3645,1739,86,2026-08-27 00:05:00,12,0,1
3646,11,54,2025-10-12 00:55:00,52,0,1
3647,1214,82,2026-05-20 00:11:00,27,0,0
3648,1530,468,2026-06-05 00:18:00,4,0,1
3649,1674,8,2026-04-21 00:45:00,2,0,1
3650,686,258,2025-09-07 00:16:00,13,0,1
3651,707,362,2026-04-30 00:46:00,12,1,0
3652,1310,223,2025-12-06 00:21:00,8,0,0
3653,509,197,2026-04-07 00:27:00,6,0,0
3654,1112,379,2026-09-01 00:48:00,23,0,0
3655,10,294,2026-04-07 00:21:00,30,0,0
3656,491,106,2026-07-03 00:14:00,4,0,1
3657,357,445,2026-04-01 00:58:00,3,0,0
3658,370,416,2026-04-20 00:34:00,4,1,0
3659,1107,171,2026-04-18 00:25:00,11,0,1
3660,1562,237,2025-08-09 00:46:00,19,0,0
3661,1410,210,2025-09-21 00:12:00,4,0,1
3662,1084,128,2026-08-07 00:54:00,11,0,0
3663,1798,356,2026-08-21 00:00:00,3,0,1
3664,139,38,2026-08-05 00:08:00,19,1,0
3665,1795,12,2026-06-26 00:11:00,14,0,0
3666,1549,337,2026-08-01 00:45:00,18,0,0
3667,924,160,2026-07-14 00:00:00,9,0,0
3668,171,52,2026-09-07 00:58:00,14,0,1
3669,35,243,2026-08-12 00:10:00,22,0,1
3670,890,473,2025-12-09 00:22:00,14,0,1
3671,1241,98,2026-05-18 00:30:00,13,0,0
3672,351,46,2026-06-16 00:19:00,32,0,0
3673,3,250,2026-01-01 00:34:00,9,0,0
3674,1784,17,2026-04-13 00:34:00,9,0,1
3675,1420,115,2026-03-27 00:51:00,37,1,1
3676,1615,220,2026-05-06 00:39:00,20,0,0
3677,873,299,2026-07-15 00:40:00,5,0,0
3678,1257,356,2026-07-27 00:30:00,18,0,0
3679,1479,319,2026-04-06 00:51:00,6,0,1
3680,79,161,2026-04-20 00:47:00,56,0,1
3681,1584,440,2026-07-23 00:56:00,7,0,1
3682,484,47,2026-07-08 00:30:00,30,0,0
3683,863,108,2026-01-12 00:02:00,10,0,1
3684,1424,307,2026-06-16 00:03:00,21,0,0
3685,852,150,2026-07-07 00:10:00,25,0,1
3686,702,35,2026-07-13 00:36:00,4,0,0
3687,337,333,2026-06-20 00:37:00,6,0,1
3688,879,96,2026-08-16 00:30:00,26,0,1
3689,1141,31,2026-03-25 00:41:00,13,0,0
3690,1787,344,2026-09-07 00:29:00,38,0,1
3691,1783,201,2026-02-25 00:05:00,52,0,1
3692,71,184,2026-01-31 00:29:00,93,0,0
3693,1393,238,2026-07-01 00:48:00,11,0,0
3694,1591,143,2025-12-06 00:33:00,24,0,0
3695,1129,210,2026-08-13 00:41:00,5,0,1
3696,986,67,2026-08-06 00:47:00,19,0,0
3697,105,125,2026-06-29 00:06:00,37,0,0
3698,444,208,2026-07-31 00:03:00,25,0,0
3699,1504,297,2025-09-25 00:59:00,15,1,1
3700,906,51,2025-12-30 00:02:00,19,0,0
3701,1588,136,2026-04-27 00:08:00,21,0,1
3702,736,479,2026-08-13 00:55:00,27,0,0
3703,718,65,2026-06-22 00:48:00,9,0,0
3704,1017,5,2026-07-25 00:53:00,5,0,0
3705,1624,150,2026-08-26 00:53:00,15,0,1
3706,572,356,2026-09-04 00:33:00,7,0,1
3707,587,220,2026-09-06 00:21:00,2,0,1
3708,678,149,2026-09-04 00:34:00,1,0,0
3709,224,86,2026-08-06 00:02:00,3,0,0
3710,138,202,2026-03-26 00:37:00,3,0,0
3711,1591,282,2026-08-22 00:33:00,1,0,0
3712,1656,140,2025-11-04 00:43:00,1,0,1
3713,401,244,2026-08-13 00:04:00,38,0,0
3714,989,487,2026-08-06 00:17:00,1,0,0
3715,1120,327,2026-02-24 00:48:00,125,0,0
3716,1035,198,2025-09-30 00:07:00,11,0,0
3717,1576,296,2026-04-21 00:19:00,18,0,0
3718,368,13,2026-03-22 00:28:00,34,0,0
3719,760,96,2026-04-01 00:15:00,7,0,0
3720,1125,14,2026-04-11 00:20:00,7,0,0
3721,694,289,2026-08-23 00:55:00,15,0,0
3722,1730,455,2026-08-27 00:10:00,22,0,0
3723,871,338,2025-12-11 00:49:00,4,0,1
3724,1178,155,2026-07-13 00:20:00,1,1,0
3725,20,423,2026-09-01 00:48:00,24,0,0
3726,227,236,2026-08-19 00:31:00,1,0,0
3727,1,242,2026-01-29 00:52:00,62,0,1
3728,678,167,2026-09-02 00:36:00,16,0,0
3729,1605,177,2025-08-01 00:42:00,23,0,0
3730,503,190,2025-11-11 00:04:00,46,0,0
3731,841,337,2026-09-04 00:46:00,15,0,0
3732,590,294,2026-08-24 00:44:00,2,0,0
3733,1421,324,2026-08-21 00:39:00,19,0,0
3734,495,2,2026-07-29 00:03:00,30,0,1
3735,1119,169,2026-08-21 00:41:00,30,0,0
3736,196,370,2026-01-19 00:24:00,2,0,0
3737,1793,308,2026-08-21 00:34:00,36,0,0
3738,1622,435,2025-07-22 00:49:00,24,0,0
3739,397,474,2026-02-08 00:32:00,1,0,0
3740,181,495,2026-06-25 00:27:00,22,0,1
3741,767,444,2026-08-01 00:20:00,8,0,1
3742,937,148,2026-02-25 00:04:00,21,0,0
3743,1434,132,2026-03-09 00:52:00,1,0,0
3744,848,368,2026-05-13 00:07:00,64,0,1
3745,468,435,2026-02-01 00:45:00,19,0,0
3746,1015,374,2026-03-20 00:23:00,14,0,0
3747,113,259,2025-11-09 00:36:00,5,0,1
3748,686,185,2026-04-16 00:21:00,12,1,1
3749,1312,203,2026-08-06 00:23:00,44,0,0
3750,1588,447,2026-03-21 00:23:00,17,0,0
3751,1390,55,2026-04-26 00:59:00,16,1,0
3752,490,478,2026-06-17 00:09:00,32,0,0
3753,705,100,2026-07-19 00:41:00,3,0,1
3754,1198,441,2026-06-17 00:04:00,11,0,0
3755,567,215,2025-07-29 00:41:00,5,0,1
3756,103,282,2026-07-06 00:14:00,42,0,1
3757,599,250,2026-08-20 00:19:00,9,0,0
3758,398,493,2026-08-10 00:22:00,1,0,0
3759,1390,297,2026-01-10 00:30:00,1,0,1
3760,897,433,2026-08-12 00:02:00,28,0,0
3761,718,26,2026-05-12 00:54:00,11,0,1
3762,281,461,2026-02-25 00:15:00,1,0,0
3763,306,346,2025-12-06 00:13:00,33,1,1
3764,1306,123,2026-03-10 00:22:00,25,0,0
3765,152,35,2026-07-11 00:11:00,21,0,0
3766,814,261,2026-01-02 00:42:00,17,0,1
3767,472,420,2025-12-18 00:51:00,20,0,1
3768,231,420,2026-06-11 00:05:00,8,1,0
3769,611,373,2026-03-17 00:16:00,41,0,0
3770,1417,465,2026-05-03 00:22:00,19,0,1
3771,1301,176,2026-08-23 00:11:00,5,0,1
3772,1349,1,2026-09-07 00:03:00,3,0,0
3773,352,375,2026-01-12 00:28:00,20,0,0
3774,1545,451,2026-09-04 00:12:00,13,0,1
3775,1405,233,2026-02-25 00:13:00,31,0,0
3776,133,157,2026-04-26 00:22:00,12,0,0
3777,768,209,2026-05-28 00:02:00,13,0,1
3778,684,61,2026-06-11 00:19:00,20,0,0
3779,543,202,2026-09-02 00:40:00,6,0,1
3780,1346,314,2025-08-25 00:05:00,1,0,0
3781,702,292,2026-07-05 00:34:00,20,0,0
3782,184,115,2026-07-22 00:06:00,26,0,0
3783,1669,167,2026-09-02 00:49:00,1,0,0
3784,672,93,2026-08-12 00:02:00,13,0,0
3785,1482,105,2026-08-31 00:03:00,16,0,0
3786,331,457,2026-02-05 00:27:00,16,0,1
3787,579,26,2026-08-25 00:17:00,12,0,1
3788,108,431,2026-05-15 00:32:00,2,0,0
3789,1202,288,2026-09-07 00:18:00,33,0,0
3790,532,202,2026-07-15 00:55:00,3,0,1
3791,1683,306,2026-07-23 00:23:00,25,0,0
3792,1067,159,2026-05-04 00:06:00,4,0,0
3793,1177,261,2025-10-15 00:44:00,2,0,0
3794,1697,177,2026-06-02 00:37:00,16,0,0
3795,729,92,2026-02-10 00:42:00,8,0,0
3796,1116,220,2026-09-04 00:43:00,54,0,0
3797,1325,223,2026-04-12 00:41:00,20,1,0
3798,1773,488,2026-07-13 00:28:00,40,0,0
3799,198,377,2026-09-03 00:54:00,54,0,1
3800,1150,383,2026-05-13 00:19:00,5,0,0
3801,470,123,2025-06-26 00:54:00,3,0,0
3802,143,32,2026-08-21 00:19:00,34,0,0
3803,1606,462,2025-12-22 00:19:00,9,0,0
3804,1153,96,2026-01-15 00:20:00,39,0,1
3805,1395,345,2026-07-30 00:24:00,4,0,0
3806,1131,42,2026-07-05 00:31:00,31,0,1
3807,1096,3,2026-03-21 00:18:00,5,0,1
3808,1009,459,2026-04-16 00:37:00,29,0,1
3809,1376,158,2026-04-07 00:38:00,4,0,0
3810,460,455,2026-08-07 00:14:00,35,0,0
3811,206,344,2026-07-14 00:49:00,50,0,1
3812,1705,212,2026-03-29 00:44:00,12,0,0
3813,1768,281,2026-06-13 00:02:00,1,0,0
3814,402,148,2026-07-06 00:10:00,2,0,1
3815,1078,215,2026-07-29 00:36:00,32,0,1
3816,1084,288,2026-08-02 00:19:00,20,0,0
3817,1707,248,2026-07-03 00:05:00,5,0,1
3818,988,321,2026-04-14 00:51:00,41,0,1
3819,622,223,2026-08-18 00:56:00,17,0,1
3820,925,178,2026-08-07 00:33:00,22,0,0
3821,521,130,2026-03-15 00:04:00,34,0,1
3822,641,278,2026-02-02 00:33:00,3,0,0
3823,1590,18,2026-01-24 00:18:00,1,0,1
3824,136,420,2025-11-29 00:34:00,5,0,0
3825,628,208,2026-07-24 00:02:00,3,0,0
3826,453,393,2026-09-06 00:58:00,10,0,0
3827,1404,392,2026-05-15 00:21:00,7,0,1
3828,83,254,2026-05-02 00:00:00,3,0,1
3829,808,15,2026-09-01 00:04:00,49,0,1
3830,1429,2,2026-04-21 00:43:00,12,0,0
3831,477,324,2025-09-19 00:58:00,22,0,1
3832,237,444,2026-08-07 00:06:00,19,0,1
3833,1463,364,2025-08-27 00:43:00,52,0,1
3834,66,362,2026-06-26 00:08:00,39,0,0
3835,99,32,2026-08-09 00:55:00,1,0,1
3836,296,19,2026-09-06 00:41:00,1,0,0
3837,957,480,2026-08-03 00:52:00,1,0,0
3838,1183,409,2025-11-07 00:47:00,26,0,0
3839,367,219,2025-10-15 00:32:00,2,0,1
3840,839,251,2025-10-09 00:54:00,13,0,0
3841,743,316,2026-08-24 00:37:00,17,0,0
3842,549,350,2026-07-28 00:06:00,10,0,1
3843,1051,380,2026-07-29 00:55:00,6,1,1
3844,1600,287,2026-09-06 00:57:00,2,0,1
3845,122,106,2026-08-24 00:43:00,17,0,0
3846,636,215,2026-04-29 00:38:00,47,0,0
3847,1413,366,2026-02-27 00:35:00,76,0,1
3848,1256,289,2026-06-15 00:40:00,34,0,0
3849,346,28,2026-08-09 00:06:00,59,0,0
3850,129,82,2026-08-14 00:11:00,7,0,0
3851,1427,10,2026-08-27 00:33:00,25,0,1
3852,1232,493,2025-07-04 00:57:00,14,0,0
3853,780,305,2026-03-06 00:24:00,3,0,1
3854,1212,20,2025-09-28 00:53:00,24,0,1
3855,1602,270,2026-07-25 00:51:00,35,0,1
3856,1414,169,2026-01-08 00:43:00,6,0,0
3857,6,404,2026-04-24 00:16:00,18,0,0
3858,609,37,2026-06-20 00:05:00,22,1,1
3859,1405,91,2026-01-15 00:16:00,15,0,1
3860,191,210,2026-01-13 00:06:00,18,0,1
3861,801,150,2026-08-17 00:02:00,25,0,0
3862,1334,38,2026-06-04 00:09:00,6,0,1
3863,1119,115,2026-07-31 00:26:00,23,0,0
3864,758,422,2026-09-03 00:51:00,37,0,0
3865,196,318,2025-10-30 00:58:00,3,0,0
3866,370,448,2025-09-10 00:11:00,8,0,0
3867,984,381,2026-05-31 00:41:00,12,0,1
3868,1059,17,2025-08-29 00:09:00,12,0,0
3869,556,18,2025-11-10 00:05:00,9,0,0
3870,856,246,2026-07-21 00:26:00,12,1,0
3871,1277,106,2026-07-23 00:51:00,21,0,1
3872,763,382,2026-08-27 00:41:00,12,0,1
3873,514,245,2026-06-05 00:47:00,22,0,1
3874,844,131,2026-06-10 00:52:00,74,0,0
3875,899,30,2026-05-12 00:04:00,28,0,0
3876,1070,111,2026-09-06 00:12:00,8,0,1
3877,817,48,2026-08-30 00:29:00,39,0,0
3878,184,448,2026-07-29 00:00:00,4,1,0
3879,854,218,2026-07-16 00:08:00,18,0,1
3880,317,440,2025-10-23 00:55:00,23,0,0
3881,1642,267,2026-06-12 00:21:00,24,0,0
3882,1788,112,2026-07-11 00:34:00,3,0,0
3883,1762,331,2026-08-10 00:50:00,39,0,0
3884,1740,374,2026-08-02 00:17:00,4,1,1
3885,992,39,2026-02-13 00:23:00,33,0,0
3886,676,378,2025-09-11 00:30:00,9,0,0
3887,842,492,2026-07-02 00:23:00,3,1,1
3888,1521,435,2026-04-05 00:28:00,1,0,0
3889,275,9,2025-08-14 00:13:00,24,0,0
3890,508,297,2026-07-07 00:48:00,15,0,0
3891,619,318,2026-09-05 00:43:00,1,0,1
3892,1275,69,2026-08-28 00:21:00,9,0,0
3893,552,94,2026-08-02 00:14:00,54,0,0
3894,893,247,2026-05-14 00:21:00,15,0,0
3895,91,348,2026-02-05 00:16:00,18,0,0
3896,19,44,2026-07-20 00:26:00,15,0,0
3897,770,239,2026-08-14 00:07:00,10,0,1
3898,1726,178,2026-03-26 00:51:00,12,0,0
3899,108,160,2026-03-07 00:18:00,63,0,0
3900,758,215,2026-09-07 00:41:00,7,0,0
3901,1644,343,2026-08-18 00:57:00,27,0,1
3902,1216,488,2025-12-13 00:35:00,5,0,1
3903,1181,146,2026-07-26 00:10:00,14,0,0
3904,150,343,2026-05-15 00:44:00,11,0,0
3905,904,196,2026-06-19 00:44:00,34,0,0
3906,1303,393,2026-07-19 00:53:00,1,0,1
3907,1133,57,2025-12-03 00:00:00,2,0,1
3908,1472,383,2026-08-02 00:00:00,2,0,1
3909,214,33,2026-07-28 00:42:00,124,0,0
3910,1222,225,2026-05-10 00:32:00,37,0,0
3911,1636,464,2026-08-19 00:00:00,13,0,0
3912,1093,217,2026-04-14 00:29:00,11,0,1
3913,1387,328,2026-04-03 00:29:00,22,0,1
3914,143,112,2026-07-28 00:54:00,17,0,1
3915,58,242,2026-04-22 00:53:00,18,0,1
3916,401,341,2026-07-10 00:01:00,7,0,0
3917,1579,197,2025-12-29 00:35:00,8,0,1
3918,1163,395,2026-09-07 00:37:00,28,0,1
3919,1549,419,2026-08-27 00:05:00,7,0,0
3920,1285,358,2026-09-07 00:42:00,36,0,1
3921,614,276,2026-08-30 00:43:00,7,0,1
3922,687,275,2026-06-14 00:02:00,22,0,1
3923,156,260,2026-05-02 00:17:00,30,0,0
3924,933,399,2025-07-28 00:15:00,7,0,0
3925,1716,112,2026-07-15 00:32:00,53,0,1
3926,1457,475,2026-06-12 00:24:00,9,0,0
3927,1782,344,2025-05-07 00:42:00,67,0,0
3928,1058,42,2026-01-13 00:18:00,9,0,1
3929,105,304,2026-03-04 00:48:00,45,0,0
3930,946,138,2026-07-23 00:04:00,17,0,1
3931,1198,471,2026-08-02 00:33:00,12,1,0
3932,807,98,2026-02-05 00:52:00,1,0,1
3933,411,223,2026-09-05 00:32:00,9,0,1
3934,588,100,2026-05-12 00:21:00,6,0,0
3935,1017,416,2026-06-22 00:55:00,16,0,0
3936,885,230,2026-07-16 00:16:00,34,0,1
3937,536,427,2026-04-17 00:56:00,5,0,1
3938,1147,183,2026-08-03 00:01:00,18,0,0
3939,234,33,2026-07-29 00:01:00,12,0,0
3940,612,121,2026-05-01 00:51:00,17,1,0
3941,121,494,2026-08-15 00:21:00,4,1,0
3942,861,386,2026-09-01 00:42:00,20,0,1
3943,1224,166,2026-08-12 00:32:00,8,0,1
3944,685,433,2026-04-04 00:40:00,45,0,0
3945,329,326,2026-06-26 00:34:00,1,0,1
3946,392,321,2026-08-22 00:15:00,6,0,0
3947,467,88,2026-04-28 00:14:00,10,0,0
3948,738,280,2026-07-18 00:56:00,3,0,1
3949,1600,90,2026-07-05 00:43:00,37,0,1
3950,962,212,2026-08-26 00:48:00,69,0,0
3951,1029,215,2026-06-22 00:21:00,7,0,1
3952,405,296,2025-09-13 00:25:00,8,0,1
3953,1426,160,2026-06-04 00:51:00,37,0,0
3954,1648,191,2026-07-04 00:13:00,23,0,0
3955,1178,394,2026-08-24 00:05:00,8,0,0
3956,446,288,2026-09-07 00:07:00,7,0,0
3957,750,187,2025-09-29 00:20:00,79,0,0
3958,684,422,2025-07-28 00:03:00,15,0,0
3959,1658,152,2026-02-23 00:06:00,29,0,1
3960,1545,298,2026-04-12 00:55:00,4,0,1
3961,1722,345,2026-06-16 00:40:00,2,0,0
3962,1072,215,2025-07-29 00:22:00,6,1,0
3963,666,341,2026-02-18 00:41:00,17,0,0
3964,384,19,2026-06-13 00:01:00,60,0,0
3965,670,233,2026-03-27 00:35:00,9,0,0
3966,1362,81,2026-07-16 00:30:00,19,0,0
3967,190,372,2025-06-28 00:28:00,23,0,1
3968,121,187,2026-08-13 00:58:00,38,1,0
3969,1753,173,2026-07-20 00:09:00,10,0,0
3970,1572,498,2025-12-20 00:27:00,51,0,0
3971,629,342,2026-07-07 00:22:00,4,0,1
3972,35,467,2026-07-11 00:55:00,41,0,1
3973,235,278,2026-04-19 00:12:00,15,0,0
3974,1766,65,2026-08-29 00:47:00,12,0,1
3975,1689,206,2026-03-03 00:58:00,3,0,1
3976,1595,122,2026-09-06 00:12:00,13,1,0
3977,1445,381,2026-09-05 00:32:00,17,0,0
3978,812,229,2026-08-28 00:31:00,2,0,0
3979,401,326,2026-06-16 00:18:00,35,0,0
3980,563,367,2026-08-22 00:37:00,4,0,1
3981,1635,59,2026-07-16 00:35:00,6,0,0
3982,226,408,2026-08-30 00:25:00,28,0,0
3983,67,22,2026-02-04 00:24:00,75,0,0
3984,646,454,2025-12-03 00:43:00,30,0,0
3985,1511,329,2026-07-11 00:03:00,29,0,0
3986,1757,32,2026-05-01 00:48:00,19,0,0
3987,276,333,2026-02-16 00:24:00,1,0,1
3988,599,254,2026-07-06 00:05:00,4,0,0
3989,512,299,2026-08-22 00:28:00,6,0,0
3990,1134,377,2026-03-18 00:54:00,5,0,1
3991,341,32,2026-07-31 00:06:00,24,0,1
3992,526,445,2026-08-03 00:39:00,26,0,0
3993,758,290,2026-09-04 00:16:00,11,0,0
3994,1416,106,2026-09-04 00:00:00,2,0,1
3995,1132,119,2026-02-09 00:12:00,12,0,1
3996,1358,446,2026-03-27 00:56:00,10,0,0
3997,390,464,2025-11-12 00:42:00,6,0,0
3998,1748,362,2026-07-29 00:02:00,29,0,1
3999,1226,278,2025-11-19 00:05:00,55,0,0
4000,564,127,2025-11-28 00:13:00,14,0,0
4001,830,190,2026-08-27 00:09:00,9,0,0
4002,223,186,2026-05-31 00:03:00,19,0,0
4003,1588,404,2026-07-27 00:56:00,3,0,1
4004,1034,139,2026-07-07 00:48:00,25,1,0
4005,1052,208,2026-04-14 00:35:00,12,0,0
4006,389,421,2026-05-06 00:20:00,32,0,1
4007,528,41,2026-03-02 00:16:00,9,0,0
4008,900,439,2026-04-19 00:09:00,3,0,0
4009,523,409,2026-02-13 00:17:00,19,0,0
4010,269,486,2025-09-28 00:12:00,61,1,1
4011,1774,104,2026-03-19 00:51:00,106,0,0
4012,385,452,2026-07-26 00:02:00,1,1,1
4013,787,76,2026-08-17 00:47:00,52,0,0
4014,1297,164,2026-06-10 00:33:00,15,0,1
4015,1427,421,2026-09-05 00:31:00,10,0,0
4016,416,417,2026-07-17 00:31:00,15,0,0
4017,1158,232,2026-01-10 00:39:00,59,0,0
4018,250,206,2026-06-08 00:40:00,24,0,1
4019,1684,391,2026-07-19 00:38:00,37,0,0
4020,1368,442,2025-12-29 00:44:00,2,0,0
4021,1347,330,2025-09-10 00:42:00,20,0,1
4022,193,210,2026-05-01 00:03:00,10,0,1
4023,805,332,2026-01-21 00:49:00,16,0,0
4024,219,33,2025-11-03 00:20:00,43,0,1
4025,458,192,2026-07-11 00:28:00,33,0,0
4026,60,360,2026-05-11 00:53:00,5,0,0
4027,221,218,2026-05-15 00:40:00,23,0,0
4028,97,237,2026-04-16 00:01:00,34,0,0
4029,244,61,2026-05-12 00:35:00,37,0,0
4030,1712,227,2026-01-28 00:00:00,13,0,0
4031,315,450,2025-06-21 00:48:00,2,0,0
4032,917,183,2026-01-22 00:05:00,9,0,0
4033,203,474,2026-07-10 00:55:00,1,0,0
4034,1602,104,2026-09-03 00:36:00,21,0,1
4035,688,419,2025-12-08 00:08:00,29,1,0
4036,995,363,2026-06-17 00:05:00,16,0,0
4037,280,137,2026-07-03 00:10:00,26,0,0
4038,1095,19,2026-02-16 00:22:00,9,0,0
4039,1597,478,2026-03-13 00:25:00,3,0,1
4040,1771,210,2025-09-03 00:48:00,6,0,0
4041,222,48,2026-05-02 00:12:00,1,0,1
4042,1275,46,2026-04-07 00:28:00,70,0,1
4043,756,403,2026-02-24 00:43:00,30,0,1
4044,337,18,2026-07-25 00:10:00,27,0,1
4045,1566,124,2026-08-27 00:14:00,123,0,0
4046,1560,34,2026-07-31 00:08:00,8,0,0
4047,477,228,2026-05-01 00:29:00,7,0,1
4048,1701,199,2026-07-09 00:06:00,18,0,0
4049,1025,32,2026-06-27 00:06:00,57,0,0
4050,192,498,2026-07-27 00:42:00,15,0,1
4051,904,461,2026-06-15 00:35:00,18,0,1
4052,425,16,2025-12-08 00:14:00,5,0,0
4053,60,439,2026-02-17 00:06:00,1,0,0
4054,996,204,2025-12-17 00:43:00,17,0,0
4055,121,207,2026-07-03 00:18:00,8,0,1
4056,668,412,2025-09-16 00:09:00,5,0,0
4057,1451,313,2026-01-29 00:50:00,62,0,0
4058,143,468,2026-08-12 00:38:00,5,0,0
4059,1112,433,2026-08-22 00:53:00,23,0,0
4060,761,68,2026-01-05 00:32:00,35,0,1
4061,980,275,2026-04-17 00:42:00,25,0,0
4062,345,476,2026-07-28 00:04:00,1,0,0
4063,1450,90,2025-11-20 00:01:00,1,1,1
4064,986,220,2026-07-14 00:23:00,32,0,1
4065,1669,159,2025-09-14 00:51:00,4,0,1
4066,1099,305,2026-06-19 00:40:00,10,0,1
4067,865,267,2026-07-15 00:27:00,1,0,0
4068,167,347,2025-12-26 00:05:00,10,0,1
4069,88,334,2026-07-05 00:39:00,15,0,1
4070,1765,478,2026-07-17 00:23:00,45,1,1
4071,223,256,2026-03-31 00:04:00,4,0,1
4072,1089,434,2026-07-31 00:34:00,3,0,1
4073,84,82,2025-12-17 00:42:00,2,0,1
4074,685,331,2026-01-20 00:03:00,25,0,0
4075,1652,312,2026-08-30 00:06:00,7,0,1
4076,538,11,2026-06-04 00:16:00,6,0,0
4077,757,282,2026-07-23 00:00:00,11,0,0
4078,969,223,2026-02-28 00:39:00,76,0,1
4079,30,451,2025-12-22 00:06:00,28,0,0
4080,709,359,2026-04-23 00:33:00,5,0,1
4081,788,450,2026-07-22 00:47:00,5,0,1
4082,233,262,2026-08-26 00:52:00,33,0,1
4083,295,186,2026-02-12 00:51:00,19,0,0
4084,132,368,2026-06-06 00:30:00,26,0,0
4085,971,314,2026-08-08 00:34:00,14,0,1
4086,1022,418,2026-07-22 00:56:00,1,0,0
4087,935,384,2026-07-04 00:52:00,15,0,0
4088,28,330,2026-07-31 00:37:00,2,0,0
4089,394,20,2026-08-10 00:17:00,8,0,1
4090,837,122,2026-01-17 00:36:00,25,0,1
4091,749,452,2026-06-21 00:02:00,5,0,1
4092,417,62,2025-10-23 00:44:00,10,0,1
4093,1121,364,2026-09-03 00:22:00,22,0,0
4094,1479,333,2025-09-13 00:19:00,41,0,0
4095,940,329,2026-04-29 00:32:00,7,0,0
4096,890,37,2025-08-23 00:45:00,6,1,1
4097,761,163,2025-11-16 00:20:00,16,0,0
4098,557,91,2026-03-16 00:27:00,32,0,0
4099,863,400,2026-08-19 00:15:00,11,0,0
4100,875,178,2026-03-27 00:18:00,3,1,1
4101,964,203,2025-11-10 00:36:00,18,0,0
4102,1160,18,2026-04-13 00:59:00,19,0,1
4103,723,129,2026-03-09 00:25:00,2,0,0
4104,1579,450,2026-04-01 00:08:00,55,0,1
4105,303,444,2026-01-04 00:35:00,6,0,1
4106,752,103,2026-06-17 00:27:00,9,0,1
4107,555,491,2025-10-20 00:26:00,4,0,0
4108,1699,413,2026-07-20 00:04:00,64,0,0
4109,1530,210,2026-05-10 00:22:00,8,0,0
4110,318,474,2026-06-25 00:23:00,38,0,0
4111,1440,266,2025-05-19 00:23:00,13,0,0
4112,1284,97,2026-08-20 00:59:00,58,0,1
4113,559,304,2025-12-29 00:24:00,6,0,1
4114,1578,324,2026-01-02 00:04:00,10,0,1
4115,489,156,2026-07-18 00:06:00,3,0,1
4116,839,451,2025-09-30 00:13:00,5,0,0
4117,1046,370,2026-06-30 00:52:00,21,0,0
4118,1320,492,2026-08-31 00:46:00,58,0,1
4119,894,63,2025-11-08 00:08:00,13,0,0
4120,584,104,2026-01-29 00:48:00,1,0,0
4121,391,342,2026-08-23 00:39:00,9,0,1
4122,1167,401,2026-05-14 00:03:00,23,0,1
4123,1347,244,2026-04-13 00:06:00,24,0,0
4124,572,427,2026-08-06 00:59:00,9,0,1
4125,964,68,2026-08-27 00:14:00,34,0,1
4126,339,237,2026-01-31 00:25:00,37,0,0
4127,1050,263,2026-03-04 00:58:00,8,0,0
4128,377,253,2026-08-20 00:22:00,12,0,1
4129,408,292,2026-07-16 00:23:00,3,0,1
4130,206,4,2026-07-06 00:45:00,34,0,1
4131,1585,88,2026-03-08 00:55:00,11,0,0
4132,1183,495,2025-09-23 00:27:00,1,0,0
4133,474,247,2026-07-02 00:21:00,1,0,1
4134,516,136,2026-07-14 00:00:00,5,0,0
4135,1014,42,2026-06-05 00:08:00,18,0,0
4136,630,70,2026-04-25 00:52:00,1,0,0
4137,1413,352,2025-10-15 00:14:00,4,1,1
4138,1504,175,2025-09-25 00:16:00,17,0,0
4139,1382,145,2025-09-23 00:01:00,3,0,1
4140,1538,426,2026-09-02 00:13:00,30,0,1
4141,1466,174,2026-08-30 00:12:00,45,1,1
4142,1626,382,2026-09-03 00:26:00,17,0,0
4143,136,339,2026-05-12 00:07:00,102,0,0
4144,558,186,2026-02-17 00:48:00,9,0,1
4145,1363,307,2026-07-29 00:50:00,12,0,1
4146,298,471,2026-02-15 00:43:00,14,0,1
4147,1400,262,2026-09-04 00:07:00,21,0,0
4148,635,90,2026-08-20 00:38:00,1,0,0
4149,1378,113,2025-11-26 00:39:00,8,0,0
4150,349,347,2026-07-04 00:23:00,1,0,0
4151,1364,170,2026-02-19 00:16:00,39,0,0
4152,839,147,2025-10-17 00:39:00,3,0,1
4153,650,357,2026-06-21 00:33:00,25,0,0
4154,1643,178,2025-12-10 00:43:00,1,0,1
4155,890,217,2025-11-08 00:37:00,30,0,1
4156,729,481,2026-04-29 00:29:00,5,0,0
4157,1389,443,2025-12-23 00:19:00,1,0,0
4158,517,36,2025-09-26 00:09:00,12,0,0
4159,720,365,2026-07-13 00:14:00,54,0,0
4160,1354,307,2026-07-17 00:04:00,12,0,1
4161,156,211,2026-04-09 00:17:00,23,0,1
4162,1421,126,2026-08-31 00:19:00,9,0,0
4163,1122,255,2026-06-02 00:53:00,40,0,0
4164,76,258,2026-06-15 00:06:00,4,0,1
4165,347,475,2026-02-11 00:12:00,5,0,1
4166,873,78,2026-08-17 00:37:00,7,0,1
4167,969,177,2026-08-04 00:50:00,16,0,1
4168,52,280,2026-08-07 00:06:00,4,0,0
4169,1145,459,2026-06-11 00:55:00,5,0,0
4170,1238,103,2026-01-10 00:50:00,5,0,1
4171,155,428,2026-04-10 00:23:00,19,0,0
4172,150,253,2026-07-01 00:55:00,4,0,0
4173,295,447,2026-09-04 00:14:00,1,0,0
4174,737,442,2026-08-09 00:57:00,3,0,0
4175,1090,391,2026-01-11 00:25:00,33,0,1
4176,591,330,2026-07-05 00:16:00,11,0,1
4177,1777,294,2026-01-27 00:05:00,15,0,0
4178,146,40,2026-08-19 00:49:00,13,0,0
4179,219,406,2026-05-17 00:15:00,46,0,1
4180,744,77,2026-06-13 00:46:00,45,0,1
4181,472,184,2026-03-05 00:55:00,5,0,1
4182,27,67,2026-01-29 00:02:00,7,0,0
4183,413,216,2026-08-12 00:55:00,62,0,0
4184,1271,272,2026-07-15 00:14:00,12,0,1
4185,1084,234,2026-08-06 00:58:00,12,0,1
4186,1268,408,2025-11-12 00:51:00,79,0,0
4187,933,253,2026-08-15 00:17:00,16,0,0
4188,569,209,2025-11-21 00:40:00,7,0,0
4189,985,248,2026-06-22 00:06:00,3,0,0
4190,159,417,2026-04-25 00:36:00,4,0,1
4191,807,146,2026-08-10 00:45:00,1,0,0
4192,413,209,2026-08-14 00:34:00,2,0,0
4193,1496,492,2026-07-04 00:15:00,4,0,0
4194,1111,165,2025-12-16 00:02:00,17,0,1
4195,153,299,2026-08-31 00:09:00,7,0,0
4196,1035,442,2025-08-16 00:45:00,2,1,1
4197,1778,214,2026-09-03 00:59:00,30,0,0
4198,367,5,2025-11-30 00:56:00,86,0,0
4199,871,92,2026-05-08 00:50:00,4,0,1
4200,1029,355,2026-07-30 00:24:00,7,0,0
4201,1038,69,2026-05-05 00:44:00,8,0,1
4202,564,147,2025-12-10 00:27:00,29,0,0
4203,174,130,2026-07-30 00:36:00,43,0,0
4204,1713,233,2026-09-01 00:20:00,4,0,1
4205,1093,54,2026-06-16 00:37:00,23,0,1
4206,923,383,2026-08-20 00:03:00,49,0,0
4207,1440,366,2025-08-23 00:16:00,3,0,0
4208,1544,46,2026-03-30 00:31:00,30,0,0
4209,852,11,2026-02-16 00:44:00,5,0,0
4210,1514,216,2026-06-30 00:34:00,5,0,0
4211,1413,374,2025-12-25 00:17:00,40,0,0
4212,707,436,2026-04-26 00:12:00,16,0,0
4213,842,129,2026-05-15 00:50:00,8,0,0
4214,1558,483,2026-01-13 00:50:00,38,0,0
4215,1475,17,2025-10-14 00:12:00,16,0,0
4216,1797,4,2026-03-21 00:01:00,5,0,1
4217,1783,227,2025-09-19 00:56:00,4,0,0
4218,1589,269,2026-01-12 00:32:00,9,0,1
4219,926,407,2026-08-24 00:56:00,56,0,0
4220,1525,382,2026-05-10 00:17:00,2,0,0
4221,1284,322,2026-09-03 00:43:00,4,0,1
4222,1330,234,2026-07-22 00:25:00,14,0,0
4223,549,120,2026-07-27 00:03:00,18,0,0
4224,1041,257,2026-07-01 00:55:00,18,0,0
4225,1166,287,2026-06-27 00:55:00,8,0,0
4226,271,388,2026-08-18 00:21:00,11,0,1
4227,1297,444,2026-04-01 00:35:00,64,0,1
4228,708,404,2026-06-14 00:54:00,19,0,0
4229,943,348,2026-02-15 00:45:00,1,0,0
4230,709,200,2026-07-22 00:11:00,44,0,1
4231,1471,118,2025-10-20 00:55:00,1,0,0
4232,743,267,2026-08-27 00:57:00,52,0,0
4233,69,472,2026-06-16 00:56:00,16,0,0
4234,412,347,2026-06-28 00:30:00,1,0,0
4235,730,184,2025-08-27 00:10:00,7,0,0
4236,729,17,2026-02-10 00:34:00,14,0,0
4237,930,243,2026-02-01 00:56:00,2,0,0
4238,930,150,2026-07-22 00:23:00,59,0,1
4239,405,270,2026-06-02 00:44:00,17,0,0
4240,1617,80,2026-09-02 00:23:00,4,0,0
4241,1084,145,2026-07-02 00:22:00,58,0,1
4242,812,270,2026-07-06 00:19:00,21,0,0
4243,710,198,2025-09-01 00:12:00,4,0,1
4244,1215,9,2026-04-07 00:45:00,71,0,1
4245,462,45,2026-01-14 00:41:00,9,1,1
4246,1645,387,2026-08-01 00:54:00,5,0,1
4247,582,242,2026-04-05 00:18:00,28,0,1
4248,289,364,2026-08-02 00:10:00,6,0,0
4249,1471,326,2025-04-24 00:58:00,16,0,0
4250,917,254,2026-07-27 00:22:00,38,0,0
4251,542,59,2026-07-09 00:54:00,1,0,0
4252,1470,64,2026-08-01 00:34:00,56,0,0
4253,626,444,2026-07-15 00:08:00,16,0,1
4254,1562,384,2026-09-07 00:08:00,4,0,0
4255,109,180,2026-02-28 00:46:00,1,1,1
4256,628,478,2026-09-03 00:09:00,19,0,0
4257,1063,117,2026-08-18 00:33:00,24,0,0
4258,356,432,2026-09-05 00:10:00,7,0,1
4259,570,154,2026-08-15 00:56:00,6,0,0
4260,1263,385,2026-08-10 00:25:00,33,0,1
4261,357,89,2026-08-08 00:41:00,16,0,1
4262,1046,68,2026-01-19 00:31:00,4,0,0
4263,1248,326,2026-01-28 00:43:00,66,0,1
4264,1098,390,2025-12-22 00:28:00,38,0,0
4265,222,190,2026-06-07 00:37:00,43,0,1
4266,312,451,2025-07-27 00:41:00,16,0,0
4267,1162,240,2026-08-16 00:46:00,3,0,0
4268,1498,407,2026-04-12 00:41:00,7,0,0
4269,1229,142,2026-08-30 00:29:00,17,0,0
4270,946,291,2026-05-02 00:58:00,13,0,0
4271,793,135,2026-09-04 00:27:00,17,0,0
4272,663,481,2026-06-02 00:49:00,19,0,0
4273,134,167,2026-07-18 00:01:00,4,0,1
4274,248,144,2026-08-02 00:09:00,4,0,1
4275,560,180,2026-08-11 00:43:00,24,0,0
4276,975,116,2026-09-03 00:30:00,4,0,0
4277,377,433,2026-04-21 00:41:00,34,0,1
4278,234,330,2026-06-07 00:50:00,44,0,0
4279,914,53,2026-07-09 00:15:00,38,0,0
4280,1725,321,2026-04-01 00:46:00,1,0,1
4281,857,222,2026-04-03 00:10:00,16,0,0
4282,480,210,2026-07-01 00:46:00,22,0,0
4283,1053,97,2026-03-03 00:25:00,9,0,1
4284,667,178,2026-08-24 00:12:00,29,0,0
4285,586,494,2026-03-18 00:54:00,8,0,0
4286,1298,407,2026-04-23 00:10:00,18,0,0
4287,1659,35,2026-05-16 00:52:00,1,0,0
4288,593,104,2026-05-15 00:06:00,89,0,0
4289,1649,457,2026-03-09 00:39:00,19,0,0
4290,1687,488,2026-06-04 00:37:00,14,0,1
4291,952,168,2026-08-02 00:07:00,18,0,0
4292,826,124,2026-07-07 00:13:00,25,0,1
4293,1691,43,2026-02-16 00:15:00,36,0,0
4294,530,207,2026-04-21 00:35:00,11,0,1
4295,847,250,2026-01-24 00:28:00,18,0,1
4296,416,64,2026-08-24 00:24:00,3,0,1
4297,946,357,2026-07-02 00:56:00,12,0,1
4298,1385,226,2026-08-31 00:31:00,34,1,1
4299,9,15,2026-06-20 00:47:00,1,0,1
4300,1180,226,2026-05-20 00:19:00,20,0,0
4301,728,189,2026-08-19 00:38:00,6,0,1
4302,1616,103,2026-08-23 00:02:00,42,0,0
4303,1210,330,2026-04-12 00:46:00,2,0,0
4304,330,326,2026-08-15 00:59:00,1,1,1
4305,36,138,2026-06-16 00:15:00,1,0,0
4306,940,211,2026-06-04 00:23:00,29,0,1
4307,1330,262,2026-02-26 00:05:00,48,0,0
4308,1323,335,2026-09-04 00:24:00,4,0,1
4309,481,240,2025-10-14 00:17:00,4,0,1
4310,1644,388,2026-07-31 00:37:00,18,0,0
4311,1480,395,2026-09-06 00:03:00,8,0,0
4312,1237,108,2026-05-11 00:50:00,1,0,0
4313,1018,436,2026-08-29 00:28:00,8,0,0
4314,165,29,2026-08-26 00:26:00,60,0,0
4315,835,11,2026-04-24 00:54:00,16,0,0
4316,589,417,2026-07-27 00:44:00,12,0,0
4317,167,383,2025-12-05 00:46:00,15,0,0
4318,1313,365,2025-12-01 00:35:00,14,1,1
4319,1059,47,2025-08-27 00:22:00,17,0,0
4320,1671,387,2026-08-30 00:58:00,86,0,1
4321,543,165,2026-04-29 00:30:00,1,0,1
4322,1495,166,2025-09-17 00:37:00,28,0,0
4323,482,475,2026-07-12 00:09:00,2,0,0
4324,360,307,2026-08-06 00:50:00,11,0,1
4325,327,225,2026-01-28 00:40:00,51,1,0
4326,1677,304,2025-06-28 00:39:00,20,0,0
4327,245,36,2026-04-17 00:53:00,19,0,1
4328,1394,84,2026-08-12 00:31:00,3,0,0
4329,292,61,2026-01-24 00:03:00,16,1,0
4330,946,418,2026-09-01 00:29:00,18,0,0
4331,78,340,2026-06-12 00:45:00,49,1,0
4332,640,146,2026-01-26 00:49:00,29,0,0
4333,546,425,2026-03-25 00:43:00,26,0,1
4334,627,299,2026-05-23 00:12:00,30,0,0
4335,460,302,2026-07-27 00:06:00,4,0,0
4336,611,204,2026-02-20 00:37:00,17,0,0
4337,1251,405,2026-09-05 00:41:00,30,0,0
4338,1219,86,2026-08-16 00:12:00,23,0,1
4339,1579,331,2026-04-23 00:30:00,12,0,0
4340,243,74,2026-01-21 00:11:00,14,0,0
4341,1596,482,2026-06-01 00:53:00,12,0,0
4342,114,342,2026-08-18 00:37:00,1,0,0
4343,1195,237,2026-08-25 00:34:00,52,0,0
4344,170,200,2025-10-10 00:21:00,2,0,0
4345,1516,227,2026-09-04 00:47:00,49,0,0
4346,1069,302,2026-08-07 00:34:00,52,0,1
4347,247,3,2026-07-01 00:18:00,32,0,0
4348,1310,437,2026-05-20 00:23:00,16,1,0
4349,341,66,2026-01-11 00:32:00,4,0,1
4350,1492,68,2025-12-01 00:17:00,3,0,1
4351,330,152,2026-05-21 00:53:00,1,1,0
4352,1125,138,2025-10-12 00:50:00,7,0,0
4353,1732,357,2026-08-12 00:48:00,61,0,0
4354,14,68,2026-05-18 00:13:00,6,0,1
4355,1422,445,2026-07-19 00:42:00,25,0,1
4356,1174,45,2026-07-06 00:57:00,3,0,0
4357,1081,250,2026-03-11 00:18:00,107,0,0
4358,734,204,2026-07-16 00:48:00,13,0,0
4359,189,351,2025-07-25 00:56:00,7,0,1
4360,768,489,2026-03-28 00:24:00,29,0,0
4361,50,304,2026-02-08 00:05:00,4,0,1
4362,1661,17,2025-12-16 00:06:00,48,0,0
4363,847,401,2026-06-13 00:36:00,43,0,0
4364,159,106,2026-05-19 00:54:00,8,0,1
4365,623,349,2026-09-06 00:55:00,11,0,0
4366,858,315,2026-08-25 00:06:00,1,0,0
4367,562,97,2026-06-13 00:54:00,1,0,0
4368,1397,264,2026-05-29 00:31:00,7,0,1
4369,358,96,2026-07-03 00:14:00,9,1,0
4370,754,34,2026-01-15 00:23:00,50,0,0
4371,1359,189,2026-06-08 00:42:00,63,0,0
4372,1649,230,2026-08-01 00:51:00,18,0,0
4373,309,115,2026-07-19 00:54:00,36,0,0
4374,1351,260,2026-01-20 00:51:00,1,0,0
4375,1394,464,2026-08-03 00:09:00,1,0,1
4376,1586,149,2026-08-03 00:18:00,10,0,1
4377,1468,445,2025-10-27 00:07:00,34,0,0
4378,1537,1,2026-05-27 00:22:00,14,0,0
4379,1465,420,2025-06-26 00:30:00,18,0,1
4380,138,309,2025-10-23 00:31:00,4,0,0
4381,1023,408,2026-02-05 00:04:00,53,0,1
4382,682,262,2026-08-30 00:03:00,86,1,0
4383,1611,187,2025-10-01 00:35:00,36,0,1
4384,643,429,2026-06-27 00:45:00,3,0,0
4385,953,336,2025-05-03 00:17:00,15,0,0
4386,870,169,2026-07-14 00:59:00,1,0,0
4387,218,212,2026-03-20 00:50:00,5,1,0
4388,570,201,2026-05-03 00:55:00,5,0,0
4389,397,104,2026-05-23 00:53:00,40,0,1
4390,151,305,2026-06-03 00:59:00,9,0,1
4391,1581,397,2026-04-20 00:52:00,31,0,1
4392,557,437,2026-02-11 00:35:00,108,0,1
4393,1602,277,2026-05-13 00:18:00,3,0,0
4394,1056,230,2026-04-18 00:24:00,23,0,0
4395,706,130,2025-09-08 00:09:00,24,0,0
4396,85,239,2026-02-19 00:00:00,15,0,0
4397,1348,138,2026-04-19 00:16:00,4,0,0
4398,1510,98,2026-06-04 00:15:00,6,0,0
4399,544,221,2025-12-21 00:52:00,22,0,0
4400,1675,158,2026-01-02 00:15:00,52,0,0
4401,312,25,2026-04-28 00:21:00,11,0,1
4402,682,246,2026-08-08 00:18:00,8,0,0
4403,192,402,2026-06-07 00:43:00,3,0,1
4404,1214,248,2026-07-05 00:50:00,4,0,1
4405,1239,269,2026-07-03 00:34:00,5,0,1
4406,1755,248,2026-05-06 00:44:00,23,0,1
4407,939,70,2025-07-27 00:56:00,8,0,0
4408,876,376,2026-04-30 00:03:00,24,0,1
4409,1016,237,2026-05-22 00:35:00,7,0,1
4410,490,184,2026-03-18 00:43:00,33,0,0
4411,1670,489,2026-06-17 00:11:00,22,0,0
4412,1260,38,2026-08-31 00:17:00,37,0,1
4413,1276,424,2026-08-08 00:25:00,6,0,0
4414,1049,97,2026-04-21 00:26:00,35,0,0
4415,172,115,2026-05-14 00:56:00,52,0,0
4416,1480,351,2026-09-07 00:46:00,47,0,1
4417,144,15,2026-06-28 00:18:00,9,0,0
4418,784,318,2026-07-05 00:33:00,50,0,0
4419,92,16,2026-06-07 00:50:00,26,0,0
4420,1743,402,2026-03-31 00:50:00,5,0,0
4421,1536,347,2026-08-31 00:41:00,50,0,0
4422,62,84,2026-08-03 00:58:00,23,0,0
4423,1215,136,2026-05-05 00:54:00,14,0,0
4424,121,469,2026-08-09 00:47:00,1,0,1
4425,1291,208,2026-06-07 00:44:00,4,0,0
4426,1202,148,2026-09-07 00:51:00,2,0,1
4427,738,467,2026-07-16 00:59:00,7,0,1
4428,1340,196,2026-05-01 00:26:00,75,0,1
4429,563,401,2026-06-13 00:33:00,11,0,1
4430,1251,221,2026-09-04 00:03:00,1,0,1
4431,757,149,2026-07-31 00:50:00,7,0,1
4432,1156,67,2026-07-27 00:39:00,3,0,1
4433,487,498,2026-08-23 00:35:00,4,0,0
4434,596,172,2026-02-03 00:47:00,50,0,0
4435,1645,53,2026-07-26 00:12:00,50,0,0
4436,869,496,2026-08-17 00:50:00,15,0,1
4437,1477,115,2026-09-07 00:37:00,6,0,1
4438,267,129,2026-08-04 00:59:00,9,0,0
4439,750,468,2025-09-22 00:29:00,14,0,1
4440,16,124,2026-07-25 00:51:00,18,0,0
4441,827,134,2026-08-27 00:45:00,15,0,1
4442,412,339,2026-08-10 00:23:00,5,0,1
4443,1097,450,2025-09-25 00:52:00,12,0,1
4444,1498,305,2026-05-11 00:28:00,25,0,0
4445,1748,249,2026-08-26 00:30:00,17,0,0
4446,307,454,2026-05-12 00:19:00,16,0,0
4447,1747,332,2026-08-06 00:31:00,9,0,0
4448,1241,135,2026-03-12 00:26:00,13,0,0
4449,1771,193,2025-11-01 00:12:00,4,0,0
4450,1760,351,2025-05-19 00:22:00,2,0,0
4451,487,433,2026-09-05 00:17:00,21,0,0
4452,1202,296,2026-09-07 00:11:00,8,0,1
4453,823,310,2026-08-16 00:21:00,13,0,1
4454,1111,24,2026-04-20 00:43:00,12,0,0
4455,1675,187,2025-12-04 00:02:00,5,0,1
4456,212,309,2026-01-28 00:03:00,61,0,1
4457,128,156,2026-05-06 00:00:00,14,0,0
4458,1382,96,2026-07-19 00:16:00,28,0,1
4459,174,278,2026-08-31 00:34:00,41,0,1
4460,1112,456,2026-06-17 00:40:00,20,0,0
4461,1245,4,2025-11-13 00:40:00,8,0,0
4462,419,348,2026-06-19 00:56:00,29,0,0
4463,1778,426,2026-09-05 00:53:00,4,0,0
4464,58,57,2026-04-11 00:07:00,50,0,0
4465,684,231,2026-02-23 00:52:00,42,0,1
4466,606,295,2026-08-12 00:23:00,43,0,1
4467,167,255,2025-07-06 00:01:00,13,0,1
4468,1526,304,2026-05-14 00:00:00,44,0,0
4469,1532,460,2026-06-17 00:52:00,77,0,0
4470,350,347,2026-03-24 00:40:00,3,0,1
4471,115,139,2025-10-07 00:57:00,2,0,0
4472,1608,303,2026-07-21 00:30:00,9,0,1
4473,1788,261,2026-07-05 00:25:00,25,0,0
4474,1740,477,2026-09-03 00:29:00,23,0,0
4475,480,425,2026-07-09 00:42:00,11,0,0
4476,1227,282,2026-08-25 00:36:00,13,0,0
4477,689,94,2026-06-04 00:57:00,1,0,0
4478,253,190,2026-09-03 00:52:00,18,0,1
4479,284,302,2025-12-05 00:08:00,43,0,0
4480,297,344,2026-08-16 00:09:00,44,0,0
4481,1675,189,2025-11-24 00:01:00,30,0,0
4482,23,421,2025-11-19 00:35:00,27,0,0
4483,1599,391,2026-07-29 00:03:00,69,0,0
4484,689,203,2026-08-16 00:00:00,17,0,1
4485,972,263,2026-02-26 00:39:00,11,0,1
4486,1713,437,2026-08-23 00:22:00,79,0,1
4487,398,278,2026-08-07 00:24:00,6,0,0
4488,1333,449,2025-11-10 00:18:00,20,0,1
4489,1480,378,2026-09-07 00:35:00,58,0,0
4490,108,21,2026-06-15 00:36:00,20,0,0
4491,716,202,2026-01-06 00:25:00,50,0,1
4492,1606,264,2025-11-21 00:43:00,4,0,1
4493,662,212,2026-06-22 00:34:00,7,0,0
4494,389,92,2026-02-23 00:27:00,24,0,0
4495,1282,384,2026-07-08 00:13:00,46,0,0
4496,237,31,2026-08-23 00:58:00,52,0,0
4497,493,235,2025-12-19 00:01:00,5,0,0
4498,82,86,2026-09-01 00:11:00,46,0,0
4499,185,396,2026-03-29 00:16:00,52,0,1
4500,549,480,2026-07-31 00:45:00,15,0,0
4501,470,493,2025-09-22 00:32:00,22,0,0
4502,151,113,2026-09-04 00:41:00,7,1,0
4503,1284,376,2026-07-23 00:47:00,1,0,0
4504,974,278,2025-12-13 00:03:00,13,0,0
4505,1578,40,2026-05-14 00:51:00,35,0,0
4506,43,48,2026-06-20 00:48:00,8,1,1
4507,1052,432,2026-01-16 00:58:00,72,1,1
4508,125,120,2026-06-16 00:43:00,7,1,1
4509,393,366,2026-07-01 00:02:00,24,0,0
4510,694,270,2026-06-04 00:39:00,17,0,0
4511,409,105,2026-08-25 00:25:00,11,0,1
4512,511,459,2025-09-11 00:24:00,10,0,0
4513,880,460,2026-02-09 00:59:00,57,0,0
4514,795,251,2025-07-31 00:23:00,7,0,0
4515,1047,203,2026-07-27 00:55:00,22,0,1
4516,872,82,2025-11-30 00:52:00,24,0,1
4517,1529,456,2026-07-28 00:01:00,1,0,1
4518,1614,131,2026-05-19 00:15:00,2,0,0
4519,979,468,2026-05-31 00:47:00,13,0,0
4520,1496,185,2026-08-05 00:56:00,5,0,1
4521,1452,218,2026-06-30 00:55:00,1,0,0
4522,371,363,2026-08-02 00:01:00,25,0,0
4523,1385,310,2026-02-27 00:08:00,32,0,0
4524,193,487,2026-06-17 00:55:00,6,0,0
4525,403,497,2026-07-08 00:46:00,48,0,1
4526,1344,288,2026-08-06 00:26:00,10,0,1
4527,795,212,2026-08-08 00:19:00,2,0,0
4528,656,482,2025-12-08 00:53:00,34,0,0
4529,389,235,2026-07-07 00:40:00,13,0,0
4530,1080,21,2026-07-09 00:11:00,5,0,1
4531,1462,109,2025-06-11 00:36:00,1,0,0
4532,1448,496,2025-06-08 00:38:00,9,0,0
4533,1150,264,2026-05-28 00:46:00,15,0,1
4534,715,448,2026-04-03 00:13:00,3,0,0
4535,1093,358,2025-12-21 00:04:00,35,0,0
4536,888,130,2026-06-18 00:08:00,3,0,0
4537,734,100,2026-07-14 00:22:00,5,0,1
4538,80,304,2026-09-02 00:17:00,11,0,0
4539,261,346,2026-03-08 00:12:00,23,0,1
4540,193,202,2026-04-06 00:14:00,7,0,1
4541,525,443,2026-03-11 00:30:00,36,0,0
4542,554,266,2026-05-26 00:11:00,1,0,1
4543,495,352,2026-08-05 00:32:00,11,0,1
4544,573,2,2026-06-17 00:03:00,2,0,0
4545,268,359,2026-06-29 00:29:00,22,0,0
4546,1720,418,2026-07-08 00:49:00,58,0,1
4547,1626,337,2026-09-05 00:08:00,3,0,0
4548,532,102,2026-09-05 00:32:00,10,1,1
4549,838,434,2026-08-30 00:12:00,31,0,0
4550,212,375,2026-08-08 00:28:00,6,0,0
4551,1381,285,2026-07-22 00:03:00,76,0,0
4552,722,272,2026-02-12 00:35:00,53,0,0
4553,831,276,2026-06-29 00:51:00,39,1,1
4554,1653,354,2025-07-21 00:10:00,46,0,0
4555,1671,420,2025-07-24 00:06:00,31,0,1
4556,263,183,2026-09-05 00:03:00,51,0,0
4557,1710,152,2026-06-28 00:48:00,16,0,0
4558,1602,33,2026-04-10 00:52:00,29,0,1
4559,1745,333,2026-09-06 00:41:00,13,0,1
4560,394,276,2026-06-20 00:29:00,1,0,0
4561,1050,183,2026-01-14 00:30:00,18,0,1
4562,1358,406,2026-07-10 00:37:00,1,0,0
4563,328,316,2026-07-07 00:57:00,26,0,0
4564,596,466,2026-02-08 00:23:00,3,0,1
4565,635,285,2026-07-22 00:05:00,52,0,0
4566,1762,481,2026-04-12 00:55:00,9,0,1
4567,394,350,2026-05-11 00:31:00,14,0,1
4568,237,169,2026-09-03 00:06:00,32,1,0
4569,337,257,2026-06-23 00:20:00,1,0,1
4570,259,185,2026-06-04 00:09:00,55,0,1
4571,1074,257,2026-08-15 00:23:00,14,0,0
4572,367,373,2026-04-15 00:47:00,33,0,1
4573,794,216,2026-06-23 00:53:00,14,0,1
4574,259,425,2026-03-13 00:23:00,7,0,0
4575,671,403,2026-07-30 00:20:00,1,0,1
4576,1615,204,2026-04-03 00:59:00,2,0,0
4577,789,272,2025-10-08 00:00:00,35,1,0
4578,797,119,2025-12-30 00:26:00,7,0,0
4579,508,260,2026-05-13 00:09:00,11,0,1
4580,1569,473,2025-08-25 00:45:00,18,0,0
4581,1205,439,2026-07-15 00:47:00,11,0,0
4582,1715,404,2025-12-15 00:28:00,6,0,1
4583,237,405,2026-08-26 00:19:00,1,0,0
4584,209,385,2025-07-04 00:48:00,21,0,0
4585,1292,91,2026-08-05 00:48:00,24,0,1
4586,1795,321,2026-05-14 00:11:00,1,0,1
4587,620,124,2026-08-02 00:44:00,7,1,1
4588,1075,461,2026-08-08 00:55:00,8,0,0
4589,1236,296,2026-08-18 00:33:00,2,0,1
4590,1,500,2025-09-17 00:59:00,14,0,0
4591,1298,445,2026-05-05 00:46:00,19,0,1
4592,1217,135,2026-06-16 00:51:00,14,0,1
4593,753,465,2025-07-28 00:53:00,3,0,0
4594,104,31,2026-08-11 00:25:00,9,0,0
4595,465,354,2026-09-01 00:11:00,5,0,0
4596,792,191,2026-08-30 00:09:00,15,1,1
4597,1079,321,2026-08-20 00:47:00,16,0,0
4598,801,485,2026-08-14 00:32:00,6,1,1
4599,1445,320,2026-07-01 00:52:00,1,0,0
4600,53,148,2026-08-16 00:44:00,54,0,0
4601,1352,13,2026-09-07 00:51:00,14,0,0
4602,62,10,2026-04-09 00:15:00,2,0,1
4603,98,145,2025-11-21 00:38:00,28,0,1
4604,420,2,2026-08-29 00:09:00,40,0,0
4605,1155,390,2026-07-21 00:35:00,1,0,0
4606,1772,340,2026-06-18 00:42:00,48,0,0
4607,1044,176,2026-08-06 00:13:00,10,0,0
4608,1692,214,2026-08-13 00:52:00,9,0,0
4609,1283,307,2025-06-21 00:12:00,4,0,0
4610,469,344,2026-08-26 00:16:00,11,0,1
4611,133,257,2026-08-03 00:21:00,26,0,1
4612,280,230,2026-07-10 00:38:00,17,0,1
4613,678,473,2026-09-02 00:29:00,14,0,0
4614,610,183,2026-08-21 00:59:00,1,0,0
4615,1163,456,2026-05-22 00:35:00,79,0,0
4616,758,3,2026-09-06 00:01:00,8,0,0
4617,121,64,2026-05-09 00:51:00,24,0,0
4618,851,101,2026-07-13 00:56:00,22,0,0
4619,1461,491,2026-07-13 00:05:00,3,0,0
4620,900,151,2026-06-15 00:20:00,50,0,0
4621,1061,379,2026-09-05 00:54:00,1,1,0
4622,905,334,2026-04-02 00:43:00,17,1,0
4623,705,32,2026-03-03 00:38:00,14,0,0
4624,76,57,2026-05-20 00:44:00,21,0,0
4625,1303,12,2026-08-08 00:09:00,24,0,0
4626,255,275,2026-01-02 00:26:00,60,0,1
4627,1676,171,2026-07-30 00:06:00,40,0,1
4628,200,83,2026-08-30 00:04:00,7,0,1
4629,1032,415,2026-09-05 00:47:00,52,0,1
4630,514,37,2026-07-30 00:14:00,1,0,1
4631,1736,282,2026-06-01 00:10:00,10,0,0
4632,823,212,2026-09-04 00:46:00,76,0,0
4633,1701,438,2026-07-05 00:02:00,1,0,0
4634,1375,287,2025-12-25 00:58:00,27,1,1
4635,1304,419,2026-06-19 00:09:00,18,0,0
4636,1237,358,2026-04-17 00:45:00,11,0,0
4637,347,189,2026-02-03 00:19:00,8,1,0
4638,962,75,2026-07-08 00:15:00,13,0,1
4639,1148,461,2026-03-05 00:01:00,7,0,0
4640,392,77,2026-08-27 00:20:00,1,1,1
4641,1173,79,2026-08-04 00:56:00,53,0,0
4642,1139,207,2026-06-23 00:30:00,39,0,0
4643,1093,366,2026-06-01 00:42:00,19,0,0
4644,197,456,2026-07-20 00:12:00,1,0,0
4645,308,401,2026-05-06 00:43:00,1,0,1
4646,1645,325,2026-08-07 00:15:00,5,1,1
4647,898,415,2026-01-18 00:02:00,32,0,1
4648,606,351,2026-08-11 00:25:00,92,0,1
4649,1139,220,2025-09-13 00:01:00,18,0,1
4650,650,270,2026-02-12 00:11:00,16,0,0
4651,1638,425,2026-08-22 00:36:00,14,0,1
4652,565,343,2026-04-01 00:37:00,18,0,1
4653,739,337,2026-01-22 00:14:00,13,0,1
4654,253,473,2026-09-05 00:36:00,76,0,1
4655,1548,83,2025-08-30 00:19:00,44,0,0
4656,236,463,2026-05-18 00:54:00,12,1,1
4657,159,346,2026-07-05 00:24:00,4,0,0
4658,911,175,2026-09-05 00:23:00,31,0,0
4659,989,143,2026-05-21 00:58:00,22,0,1
4660,1348,85,2026-08-08 00:22:00,3,0,0
4661,556,271,2026-02-03 00:13:00,21,0,0
4662,1419,132,2025-08-03 00:59:00,5,0,1
4663,358,201,2026-01-23 00:09:00,5,1,0
4664,1125,292,2025-08-12 00:51:00,64,1,0
4665,6,171,2025-10-09 00:39:00,35,0,1
4666,1713,26,2026-07-18 00:14:00,29,0,1
4667,877,53,2025-12-05 00:18:00,7,0,0
4668,1566,173,2026-08-27 00:30:00,23,0,1
4669,906,44,2026-05-28 00:52:00,44,0,0
4670,627,87,2026-07-07 00:57:00,5,0,1
4671,1328,474,2026-08-13 00:37:00,4,0,1
4672,1656,245,2025-09-15 00:15:00,20,0,0
4673,1611,487,2025-08-07 00:40:00,48,0,0
4674,1189,65,2026-08-22 00:15:00,6,0,0
4675,1058,33,2025-10-16 00:40:00,9,0,0
4676,1650,2,2026-07-31 00:49:00,45,0,0
4677,443,165,2026-07-22 00:55:00,11,0,0
4678,1528,350,2026-09-06 00:06:00,9,0,0
4679,802,124,2025-12-24 00:24:00,1,1,0
4680,1082,316,2026-09-04 00:52:00,16,0,1
4681,432,237,2025-11-09 00:15:00,35,0,1
4682,416,113,2026-07-25 00:19:00,23,0,0
4683,964,496,2025-10-14 00:35:00,6,0,0
4684,1341,77,2025-08-05 00:31:00,17,0,1
4685,458,143,2026-08-25 00:50:00,42,0,0
4686,216,317,2026-01-20 00:45:00,1,0,1
4687,465,91,2026-09-05 00:32:00,16,0,0
4688,1559,305,2026-06-28 00:25:00,24,0,1
4689,437,177,2026-08-16 00:23:00,15,0,1
4690,549,58,2026-09-01 00:17:00,63,0,1
4691,978,280,2025-11-26 00:57:00,2,0,1
4692,12,139,2026-08-12 00:31:00,13,1,1
4693,1685,459,2026-08-11 00:19:00,23,0,0
4694,214,360,2026-08-21 00:15:00,66,0,1
4695,776,322,2026-09-07 00:23:00,9,0,0
4696,862,281,2026-04-24 00:06:00,9,1,0
4697,622,210,2026-08-25 00:21:00,13,0,0
4698,917,64,2026-07-19 00:43:00,13,0,1
4699,419,472,2026-08-16 00:08:00,32,0,1
4700,28,277,2026-02-20 00:01:00,13,0,1
4701,838,67,2026-09-06 00:32:00,6,0,0
4702,108,176,2026-08-30 00:33:00,75,0,0
4703,1210,246,2026-05-08 00:37:00,13,0,0
4704,1359,232,2026-06-13 00:04:00,52,0,1
4705,1719,107,2026-06-24 00:45:00,5,0,0
4706,476,194,2026-09-04 00:26:00,11,0,0
4707,1263,203,2026-08-16 00:15:00,13,0,1
4708,1375,338,2026-01-18 00:21:00,5,0,1
4709,617,49,2026-04-13 00:14:00,20,0,0
4710,1071,170,2025-08-22 00:45:00,1,0,0
4711,1000,255,2026-06-29 00:08:00,10,0,0
4712,1751,34,2025-07-27 00:45:00,14,0,0
4713,1783,252,2025-06-06 00:42:00,14,0,1
4714,1402,172,2026-07-09 00:40:00,4,0,0
4715,159,40,2026-08-22 00:39:00,9,0,1
4716,1111,457,2025-11-22 00:03:00,16,0,0
4717,727,23,2026-05-30 00:41:00,24,0,1
4718,647,271,2025-12-06 00:50:00,52,1,1
4719,739,400,2026-04-18 00:10:00,57,0,1
4720,247,235,2026-06-28 00:03:00,45,0,0
4721,1463,202,2026-04-29 00:39:00,8,0,0
4722,343,296,2026-05-24 00:42:00,3,0,0
4723,1531,316,2026-07-28 00:45:00,5,1,1
4724,1237,356,2026-03-07 00:12:00,62,0,1
4725,836,459,2026-07-25 00:27:00,18,0,0
4726,384,280,2026-01-20 00:57:00,24,0,0
4727,1188,175,2026-07-17 00:45:00,2,0,0
4728,1092,271,2026-08-15 00:02:00,35,0,0
4729,1553,380,2026-08-18 00:20:00,1,0,0
4730,454,497,2026-05-30 00:05:00,3,0,1
4731,708,249,2026-01-26 00:11:00,2,0,0
4732,868,240,2026-04-28 00:37:00,65,0,0
4733,1206,25,2026-06-17 00:32:00,18,0,1
4734,1070,90,2026-09-07 00:09:00,16,0,0
4735,884,53,2025-12-08 00:20:00,6,0,1
4736,1018,210,2026-08-17 00:33:00,6,0,0
4737,1404,436,2026-07-30 00:00:00,5,0,1
4738,785,478,2026-08-29 00:57:00,19,0,1
4739,1324,334,2025-10-14 00:00:00,31,0,0
4740,1375,145,2026-02-17 00:53:00,5,0,1
4741,1531,407,2026-07-19 00:46:00,29,0,0
4742,1755,89,2026-06-18 00:26:00,2,0,0
4743,546,60,2026-06-05 00:14:00,47,0,1
4744,553,179,2026-04-12 00:12:00,27,0,1
4745,403,415,2026-03-19 00:37:00,2,0,0
4746,74,269,2026-08-25 00:48:00,82,0,1
4747,128,371,2026-02-28 00:58:00,55,0,1
4748,103,122,2026-07-06 00:04:00,8,0,1
4749,1655,156,2026-09-07 00:39:00,9,0,1
4750,337,45,2026-04-23 00:26:00,2,0,0
4751,92,89,2026-04-24 00:44:00,32,0,0
4752,688,351,2026-04-19 00:51:00,17,0,0
4753,1245,299,2025-12-05 00:40:00,16,0,1
4754,1398,243,2026-08-26 00:36:00,16,0,0
4755,570,159,2026-03-21 00:49:00,21,0,0
4756,1715,142,2026-04-13 00:26:00,35,0,0
4757,551,231,2025-12-19 00:23:00,9,0,0
4758,1790,449,2026-08-29 00:33:00,13,0,0
4759,1174,489,2026-09-06 00:17:00,5,0,1
4760,1244,43,2026-04-07 00:43:00,58,0,0
4761,777,211,2025-05-27 00:38:00,5,0,0
4762,25,12,2026-04-10 00:22:00,10,1,0
4763,613,341,2025-08-31 00:50:00,39,0,0
4764,184,180,2026-07-14 00:21:00,16,0,1
4765,316,47,2026-06-04 00:38:00,14,0,1
4766,231,185,2026-01-29 00:50:00,36,0,0
4767,1619,353,2026-07-23 00:28:00,39,0,1
4768,1598,395,2026-09-04 00:14:00,3,0,1
4769,480,309,2026-04-14 00:42:00,6,0,0
4770,1163,206,2026-05-31 00:11:00,5,0,0
4771,1127,17,2026-03-17 00:35:00,2,0,0
4772,1,35,2026-05-20 00:02:00,16,0,0
4773,1229,490,2026-06-14 00:31:00,2,0,1
4774,1446,93,2026-07-02 00:07:00,13,0,0
4775,1018,287,2026-08-06 00:22:00,10,1,1
4776,1607,294,2025-10-31 00:37:00,25,0,0
4777,1151,4,2026-03-31 00:24:00,23,0,0
4778,23,161,2026-07-16 00:51:00,3,0,0
4779,1143,106,2026-08-05 00:40:00,28,0,1
4780,444,38,2026-02-17 00:34:00,9,0,1
4781,1229,193,2026-08-31 00:35:00,12,0,0
4782,375,268,2026-08-31 00:00:00,8,0,0
4783,782,258,2026-03-22 00:31:00,12,0,0
4784,1651,64,2026-06-12 00:18:00,35,0,1
4785,124,399,2026-01-06 00:43:00,12,1,1
4786,1755,343,2026-06-09 00:43:00,29,0,1
4787,1416,94,2026-08-27 00:06:00,20,0,0
4788,1557,370,2026-06-24 00:39:00,43,0,0
4789,11,95,2026-07-18 00:26:00,6,0,0
4790,1368,271,2025-12-28 00:31:00,18,0,0
4791,1047,262,2026-08-29 00:19:00,4,0,0
4792,617,47,2026-03-10 00:12:00,41,0,0
4793,1584,190,2026-07-02 00:27:00,1,0,0
4794,28,309,2026-03-11 00:34:00,15,0,1
4795,586,40,2025-12-29 00:27:00,3,0,0
4796,1570,439,2026-09-02 00:14:00,26,0,0
4797,1608,38,2026-07-18 00:36:00,24,0,0
4798,675,264,2026-07-06 00:59:00,23,1,0
4799,384,10,2026-01-07 00:42:00,22,0,0
4800,1571,493,2026-05-05 00:23:00,7,0,0
4801,713,318,2026-06-23 00:09:00,1,1,1
4802,602,431,2026-08-17 00:43:00,11,0,0
4803,411,158,2026-08-29 00:56:00,6,0,0
4804,27,342,2025-12-18 00:47:00,47,0,0
4805,385,279,2026-06-21 00:52:00,24,0,0
4806,674,222,2026-08-31 00:44:00,32,0,0
4807,329,69,2026-06-28 00:37:00,12,0,1
4808,662,148,2026-04-10 00:21:00,41,0,0
4809,878,119,2026-07-31 00:56:00,3,0,0
4810,1736,462,2025-09-18 00:58:00,10,0,0
4811,1478,208,2026-07-13 00:59:00,2,0,0
4812,831,53,2026-06-26 00:55:00,16,0,0
4813,975,190,2026-08-01 00:36:00,1,0,1
4814,1103,391,2026-07-27 00:36:00,1,0,1
4815,427,179,2026-06-06 00:37:00,42,0,1
4816,1455,25,2025-11-20 00:25:00,37,0,0
4817,1328,103,2026-06-27 00:33:00,28,0,0
4818,467,46,2026-03-24 00:44:00,30,0,0
4819,1431,366,2026-07-18 00:39:00,13,0,1
4820,585,41,2026-08-12 00:19:00,4,0,0
4821,1549,8,2026-09-05 00:35:00,6,0,0
4822,1455,3,2026-06-11 00:55:00,39,1,0
4823,222,498,2026-06-09 00:38:00,52,0,0
4824,1765,155,2026-05-11 00:04:00,12,0,1
4825,17,497,2026-04-23 00:19:00,13,0,1
4826,1568,220,2026-03-24 00:50:00,7,0,1
4827,66,29,2026-07-29 00:09:00,16,0,1
4828,995,58,2026-08-06 00:36:00,5,0,0
4829,368,293,2026-03-14 00:43:00,18,0,0
4830,49,472,2025-11-16 00:43:00,21,0,1
4831,437,470,2026-08-05 00:16:00,23,1,0
4832,118,472,2026-05-29 00:11:00,5,0,1
4833,1313,481,2026-03-27 00:51:00,8,0,1
4834,313,304,2025-08-13 00:13:00,29,0,0
4835,1387,158,2026-01-17 00:20:00,5,0,0
4836,994,211,2026-02-25 00:17:00,5,0,0
4837,588,237,2026-07-06 00:18:00,44,0,0
4838,874,496,2026-01-10 00:37:00,2,1,0
4839,655,449,2026-01-20 00:02:00,10,0,0
4840,1600,208,2026-06-23 00:32:00,31,0,1
4841,703,48,2025-11-25 00:47:00,61,0,1
4842,999,394,2026-03-24 00:12:00,86,0,0
4843,1602,397,2026-08-15 00:45:00,5,0,0
4844,456,282,2026-08-17 00:04:00,34,1,1
4845,955,353,2026-06-14 00:37:00,28,0,1
4846,1613,159,2026-04-25 00:14:00,22,0,1
4847,69,464,2026-03-17 00:04:00,3,0,0
4848,604,49,2026-04-17 00:39:00,15,0,0
4849,1743,80,2026-08-01 00:51:00,1,1,1
4850,1555,387,2026-08-11 00:31:00,42,0,0
4851,96,327,2026-01-24 00:17:00,53,1,0
4852,560,49,2026-08-12 00:06:00,3,1,0
4853,332,457,2026-04-21 00:17:00,34,0,1
4854,529,115,2026-09-01 00:41:00,24,1,1
4855,554,436,2026-05-06 00:33:00,1,0,0
4856,1220,300,2026-01-12 00:11:00,16,0,0
4857,1458,206,2025-10-06 00:12:00,21,0,1
4858,139,45,2026-08-22 00:15:00,7,0,1
4859,202,105,2026-01-04 00:21:00,34,0,0
4860,462,69,2026-02-03 00:52:00,16,0,0
4861,222,48,2026-05-02 00:21:00,2,0,0
4862,240,175,2025-09-07 00:44:00,6,0,0
4863,74,462,2026-06-14 00:29:00,2,0,0
4864,263,490,2026-08-09 00:42:00,2,1,0
4865,669,314,2025-07-03 00:02:00,7,1,0
4866,1785,166,2026-04-18 00:45:00,69,0,0
4867,424,276,2026-07-15 00:06:00,18,0,1
4868,1610,329,2026-09-01 00:57:00,1,0,1
4869,274,197,2026-03-12 00:33:00,11,0,0
4870,542,188,2026-08-03 00:44:00,8,0,0
4871,1184,475,2026-02-21 00:27:00,21,0,1
4872,987,192,2026-07-18 00:31:00,12,0,0
4873,1711,414,2026-03-15 00:53:00,23,0,1
4874,1503,439,2026-07-23 00:15:00,8,0,0
4875,1529,276,2026-08-26 00:34:00,1,0,1
4876,571,69,2026-07-11 00:23:00,13,0,0
4877,1312,297,2026-08-11 00:14:00,4,0,1
4878,463,416,2025-12-26 00:45:00,22,0,0
4879,745,54,2025-11-16 00:20:00,20,0,0
4880,347,163,2026-02-10 00:09:00,26,0,0
4881,1433,97,2026-09-03 00:05:00,8,0,1
4882,1632,1,2025-07-31 00:58:00,5,0,0
4883,1111,287,2026-04-11 00:37:00,21,0,0
4884,835,433,2026-07-13 00:47:00,10,0,0
4885,861,416,2026-09-02 00:49:00,29,0,1
4886,1773,394,2026-06-06 00:46:00,1,0,0
4887,1346,286,2025-11-09 00:47:00,44,0,0
4888,1618,488,2026-03-31 00:01:00,5,0,0
4889,681,302,2026-08-22 00:48:00,6,0,0
4890,528,107,2026-08-12 00:31:00,2,0,0
4891,1558,308,2026-01-18 00:44:00,7,0,0
4892,1212,415,2025-12-16 00:15:00,42,0,1
4893,1706,126,2026-06-18 00:58:00,11,0,1
4894,1289,408,2026-05-04 00:47:00,3,1,0
4895,1795,219,2026-05-29 00:53:00,8,1,0
4896,223,59,2026-04-11 00:50:00,19,1,1
4897,351,259,2026-04-18 00:02:00,21,0,0
4898,738,257,2026-08-03 00:12:00,59,0,1
4899,1172,57,2026-03-19 00:11:00,26,0,1
4900,1101,44,2026-06-26 00:44:00,1,0,1
4901,783,254,2026-05-16 00:45:00,1,1,1
4902,258,352,2026-03-21 00:29:00,4,0,1
4903,712,264,2026-05-31 00:49:00,8,0,0
4904,1290,233,2026-09-05 00:46:00,34,0,0
4905,953,21,2026-04-08 00:22:00,3,1,0
4906,235,318,2025-12-23 00:07:00,4,0,0
4907,117,176,2026-08-29 00:37:00,1,0,1
4908,1255,402,2026-03-22 00:45:00,13,0,0
4909,135,193,2026-03-01 00:43:00,1,0,0
4910,259,408,2026-04-13 00:07:00,1,1,0
4911,1683,34,2026-09-03 00:20:00,10,0,0
4912,38,255,2026-08-15 00:03:00,6,0,0
4913,1121,63,2025-12-06 00:19:00,11,0,1
4914,762,403,2026-08-10 00:53:00,18,0,0
4915,530,442,2026-08-25 00:13:00,19,0,0
4916,530,261,2026-09-01 00:04:00,27,0,0
4917,1122,279,2026-08-04 00:21:00,10,0,0
4918,1380,53,2025-12-08 00:09:00,4,0,1
4919,349,63,2026-08-10 00:23:00,47,0,0
4920,1473,372,2026-06-22 00:35:00,1,0,1
4921,627,281,2025-12-21 00:39:00,4,0,1
4922,408,284,2026-01-30 00:12:00,5,0,0
4923,1752,49,2026-08-10 00:48:00,45,0,0
4924,1595,243,2026-09-07 00:08:00,39,0,1
4925,1531,206,2026-06-25 00:14:00,75,0,0
4926,669,24,2025-08-22 00:42:00,16,0,1
4927,995,295,2026-02-21 00:27:00,3,0,0
4928,792,190,2026-07-12 00:54:00,12,0,0
4929,695,48,2026-07-10 00:35:00,3,0,0
4930,520,476,2026-08-31 00:57:00,3,0,1
4931,815,45,2026-08-21 00:24:00,4,0,0
4932,973,452,2026-03-17 00:42:00,38,1,0
4933,1761,112,2026-07-11 00:11:00,30,0,1
4934,151,255,2026-07-12 00:29:00,12,0,1
4935,351,295,2026-07-09 00:14:00,5,0,0
4936,7,19,2025-07-14 00:52:00,19,0,1
4937,1637,50,2026-09-07 00:21:00,15,0,0
4938,451,407,2026-08-10 00:44:00,27,0,0
4939,1020,380,2026-06-22 00:10:00,20,0,0
4940,493,154,2026-02-14 00:11:00,34,0,0
4941,1434,115,2025-09-23 00:04:00,12,0,0
4942,1244,186,2026-05-24 00:50:00,41,0,0
4943,1261,128,2025-11-12 00:30:00,9,0,0
4944,92,225,2025-11-04 00:34:00,16,0,0
4945,1566,495,2026-08-28 00:07:00,48,0,0
4946,1192,471,2026-07-16 00:21:00,4,0,0
4947,932,9,2026-09-03 00:09:00,22,0,0
4948,1239,397,2026-08-11 00:31:00,82,0,1
4949,812,477,2026-07-30 00:07:00,6,0,1
4950,734,344,2026-02-09 00:50:00,16,0,1
4951,129,361,2026-08-01 00:34:00,24,0,0
4952,1774,55,2026-05-06 00:44:00,1,1,0
4953,254,343,2026-07-09 00:54:00,1,0,1
4954,1201,348,2026-07-30 00:57:00,17,0,0
4955,1593,313,2026-01-14 00:36:00,11,0,0
4956,562,470,2026-06-11 00:24:00,19,0,0
4957,124,205,2025-10-20 00:52:00,12,1,0
4958,760,314,2026-06-14 00:57:00,5,0,0
4959,274,484,2026-06-22 00:17:00,20,0,0
4960,679,191,2025-12-26 00:28:00,21,0,1
4961,1360,411,2026-01-26 00:36:00,16,0,1
4962,1366,400,2026-04-04 00:36:00,26,0,1
4963,860,22,2026-03-01 00:31:00,19,0,0
4964,583,45,2026-07-21 00:15:00,7,0,1
4965,1393,253,2026-07-29 00:02:00,1,0,0
4966,1347,497,2026-04-18 00:38:00,53,0,0
4967,258,467,2026-07-25 00:51:00,45,0,0
4968,628,401,2026-07-31 00:19:00,25,0,1
4969,380,12,2026-01-24 00:01:00,4,0,0
4970,1068,358,2026-06-30 00:34:00,7,0,1
4971,1042,432,2026-02-23 00:36:00,46,0,0
4972,241,344,2026-08-30 00:06:00,25,0,1
4973,1327,35,2026-01-02 00:04:00,24,0,0
4974,617,122,2026-07-21 00:26:00,15,0,0
4975,77,188,2026-03-24 00:24:00,31,0,0
4976,1298,12,2026-05-08 00:09:00,6,0,1
4977,1081,178,2026-04-26 00:35:00,6,0,0
4978,1790,8,2026-08-31 00:57:00,61,0,1
4979,1386,210,2026-08-07 00:34:00,33,0,1
4980,593,135,2026-08-31 00:21:00,12,1,1
4981,1301,190,2026-08-19 00:06:00,14,0,0
4982,596,390,2026-01-29 00:31:00,7,0,0
4983,1178,289,2026-08-09 00:05:00,7,0,1
4984,246,380,2026-03-04 00:03:00,51,0,0
4985,325,279,2026-08-20 00:40:00,32,0,0
4986,218,322,2025-09-21 00:49:00,5,1,0
4987,968,138,2026-01-02 00:52:00,22,0,0
4988,418,111,2025-09-01 00:16:00,66,0,1
4989,740,456,2026-07-27 00:00:00,10,0,0
4990,409,221,2026-08-12 00:11:00,9,0,0
4991,1285,355,2026-09-02 00:39:00,4,1,1
4992,376,78,2026-04-10 00:10:00,6,0,0
4993,519,143,2025-10-02 00:34:00,5,0,0
4994,1482,155,2026-08-23 00:14:00,19,0,1
4995,636,461,2026-05-24 00:26:00,19,0,0
4996,1562,162,2026-04-13 00:30:00,1,0,1
4997,913,436,2026-02-24 00:21:00,7,0,0
4998,231,409,2026-04-12 00:44:00,6,0,0
4999,1488,298,2026-08-26 00:30:00,18,0,0
5000,922,390,2025-10-13 00:30:00,6,0,0
5001,861,191,2026-09-06 00:44:00,8,0,1
5002,310,266,2026-06-15 00:32:00,1,0,0
5003,1133,496,2025-11-19 00:51:00,37,0,0
5004,191,202,2026-06-02 00:58:00,3,0,1
5005,1555,4,2026-07-03 00:15:00,14,0,0
5006,1671,365,2025-08-05 00:07:00,12,0,0
5007,1147,223,2026-07-25 00:22:00,73,0,0
5008,53,462,2026-03-11 00:27:00,16,0,0
5009,1551,364,2026-08-10 00:10:00,11,0,0
5010,97,230,2026-04-29 00:35:00,57,0,0
5011,566,330,2026-06-25 00:39:00,22,1,0
5012,1146,147,2026-06-20 00:14:00,22,0,1
5013,711,440,2026-05-31 00:03:00,24,0,0
5014,1386,385,2026-06-22 00:58:00,1,0,0
5015,1690,159,2026-05-20 00:37:00,2,0,1
5016,397,102,2026-08-02 00:42:00,8,1,0
5017,1483,469,2025-08-23 00:09:00,3,0,0
5018,1408,466,2026-04-10 00:27:00,1,1,0
5019,1203,245,2026-02-14 00:54:00,19,1,1
5020,1001,442,2026-02-05 00:28:00,9,0,0
5021,1456,189,2026-05-24 00:40:00,8,1,1
5022,819,486,2026-07-28 00:43:00,1,1,0
5023,1598,101,2026-01-30 00:13:00,29,0,0
5024,1729,21,2025-11-08 00:43:00,14,0,0
5025,133,39,2026-07-30 00:27:00,41,1,0
5026,470,12,2026-01-28 00:42:00,25,0,0
5027,497,294,2026-06-24 00:10:00,34,0,1
5028,314,52,2025-09-23 00:53:00,10,0,1
5029,1206,37,2026-07-06 00:26:00,11,0,0
5030,923,473,2026-07-27 00:40:00,4,0,0
5031,595,355,2026-01-21 00:27:00,24,0,0
5032,1163,11,2026-08-13 00:04:00,29,0,1
5033,940,109,2026-08-03 00:04:00,7,0,0
5034,1283,427,2025-08-04 00:19:00,15,0,1
5035,59,401,2026-09-03 00:52:00,32,1,1
5036,1438,150,2026-01-30 00:57:00,11,0,0
5037,1126,432,2026-09-02 00:27:00,3,0,1
5038,1777,109,2026-07-10 00:44:00,28,0,0
5039,157,469,2026-07-02 00:54:00,4,0,1
5040,92,302,2026-03-22 00:24:00,18,0,0
5041,278,388,2026-01-17 00:50:00,13,0,1
5042,1709,167,2026-08-28 00:34:00,14,0,0
5043,474,493,2026-04-12 00:10:00,4,1,1
5044,1653,113,2026-04-01 00:10:00,7,0,0
5045,615,232,2026-08-21 00:48:00,14,0,1
5046,109,113,2026-06-05 00:26:00,62,0,0
5047,1518,188,2026-08-04 00:57:00,34,0,1
5048,52,29,2026-06-17 00:18:00,7,0,1
5049,307,181,2026-05-09 00:25:00,2,0,0
5050,430,341,2026-02-04 00:21:00,28,0,1
5051,1772,329,2026-07-16 00:30:00,1,0,0
5052,1451,274,2026-04-19 00:43:00,4,0,1
5053,569,197,2026-01-23 00:01:00,1,0,1
5054,1013,45,2026-04-08 00:42:00,5,0,0
5055,1416,12,2026-08-28 00:11:00,1,0,1
5056,193,379,2026-03-08 00:44:00,3,0,0
5057,1524,384,2025-05-17 00:11:00,1,0,0
5058,1155,278,2026-08-05 00:17:00,4,0,0
5059,711,5,2025-10-09 00:07:00,16,0,0
5060,919,200,2026-08-09 00:43:00,44,0,0
5061,572,382,2026-07-10 00:51:00,43,0,0
5062,743,236,2026-09-07 00:51:00,13,0,1
5063,953,150,2025-04-29 00:52:00,12,0,0
5064,496,133,2025-10-29 00:41:00,32,1,1
5065,1557,345,2026-08-14 00:21:00,3,0,0
5066,1009,164,2026-06-07 00:11:00,1,0,1
5067,514,123,2025-06-12 00:38:00,2,0,1
5068,1757,362,2026-08-19 00:44:00,4,0,0
5069,312,83,2026-06-05 00:15:00,35,0,1
5070,456,160,2026-08-24 00:05:00,22,0,0
5071,1571,49,2026-08-02 00:49:00,9,0,1
5072,233,156,2025-11-12 00:17:00,16,1,0
5073,84,379,2026-05-19 00:10:00,11,0,0
5074,793,240,2026-08-13 00:25:00,31,0,0
5075,997,159,2025-11-21 00:01:00,61,0,1
5076,672,278,2026-08-14 00:57:00,9,0,0
5077,1679,174,2025-11-04 00:58:00,10,0,1
5078,1495,45,2026-08-13 00:58:00,17,0,1
5079,594,149,2026-05-17 00:18:00,1,0,0
5080,138,255,2025-07-25 00:35:00,25,0,1
5081,186,43,2026-07-15 00:41:00,16,0,0
5082,503,54,2025-12-11 00:21:00,58,0,1
5083,852,293,2025-11-26 00:41:00,25,0,1
5084,44,339,2026-08-21 00:26:00,16,0,1
5085,546,47,2026-05-23 00:52:00,1,1,0
5086,1468,142,2026-05-18 00:35:00,24,1,1
5087,1452,70,2026-05-28 00:57:00,5,0,0
5088,542,398,2026-05-15 00:44:00,17,0,1
5089,1101,180,2026-09-01 00:37:00,39,0,0
5090,2,7,2025-05-13 00:35:00,8,0,0
5091,1184,33,2026-01-16 00:38:00,8,0,0
5092,1354,189,2026-06-28 00:24:00,10,0,1
5093,836,80,2026-05-12 00:11:00,29,0,0
5094,1445,60,2026-08-30 00:25:00,1,0,1
5095,834,178,2026-04-07 00:33:00,32,0,1
5096,1643,145,2026-08-20 00:48:00,19,0,0
5097,942,310,2026-08-04 00:44:00,3,0,0
5098,1248,431,2026-07-17 00:52:00,28,0,1
5099,1040,112,2025-11-25 00:48:00,12,0,0
5100,1331,45,2026-07-20 00:49:00,88,0,1
5101,1138,3,2026-06-21 00:01:00,3,0,1
5102,792,238,2026-07-23 00:58:00,26,0,1
5103,488,324,2026-05-30 00:30:00,4,1,1
5104,452,283,2026-05-07 00:27:00,1,0,0
5105,1458,292,2025-10-29 00:20:00,5,0,0
5106,1752,174,2026-06-08 00:48:00,10,0,1
5107,598,315,2026-03-26 00:20:00,16,0,1
5108,1093,419,2025-12-12 00:09:00,10,0,1
5109,1354,439,2026-06-27 00:58:00,1,0,0
5110,1563,105,2025-12-16 00:00:00,21,0,1
5111,165,465,2026-03-31 00:02:00,26,0,1
5112,977,286,2026-03-16 00:56:00,4,0,0
5113,1699,195,2026-08-06 00:44:00,2,0,1
5114,298,339,2026-03-07 00:13:00,22,0,1
5115,1191,164,2026-07-24 00:40:00,43,0,1
5116,1386,375,2026-07-25 00:18:00,4,0,0
5117,1547,385,2025-10-17 00:51:00,1,0,1
5118,1713,284,2026-07-21 00:04:00,1,0,1
5119,1674,333,2026-01-04 00:26:00,10,0,0
5120,250,39,2025-06-20 00:35:00,15,1,0
5121,795,167,2025-11-06 00:09:00,6,0,0
5122,1459,214,2026-04-19 00:10:00,29,1,0
5123,1178,175,2026-05-01 00:52:00,1,0,1
5124,884,17,2026-05-12 00:43:00,7,0,1
5125,125,83,2026-08-22 00:58:00,2,0,0
5126,1673,437,2025-09-21 00:07:00,73,0,0
5127,1740,195,2026-08-28 00:50:00,20,0,1
5128,446,252,2026-09-05 00:33:00,12,0,0
5129,126,161,2025-09-28 00:38:00,137,0,1
5130,1087,3,2026-08-28 00:36:00,52,0,0
5131,109,219,2026-07-19 00:32:00,26,0,0
5132,1084,33,2026-07-25 00:20:00,41,0,0
5133,1102,323,2026-02-07 00:12:00,53,0,0
5134,153,259,2026-09-07 00:08:00,2,0,1
5135,1376,329,2026-08-04 00:06:00,31,0,0
5136,1719,155,2026-08-05 00:36:00,30,1,0
5137,1139,472,2026-09-04 00:20:00,2,0,0
5138,560,405,2025-07-16 00:24:00,18,0,0
5139,1194,385,2026-04-14 00:29:00,19,0,1
5140,157,16,2026-07-06 00:31:00,9,0,0
5141,40,272,2026-06-02 00:57:00,66,0,0
5142,215,387,2026-09-02 00:08:00,5,0,1
5143,1598,337,2026-06-19 00:53:00,52,0,1
5144,18,93,2026-08-11 00:11:00,23,0,1
5145,986,364,2026-07-28 00:49:00,4,0,1
5146,900,301,2026-06-14 00:12:00,77,0,0
5147,164,312,2026-03-03 00:53:00,13,0,1
5148,1195,194,2026-09-01 00:40:00,33,1,1
5149,1572,385,2026-03-16 00:03:00,7,0,1
5150,1395,206,2026-07-09 00:46:00,23,0,0
5151,1716,274,2026-07-06 00:35:00,4,0,0
5152,552,116,2026-08-18 00:48:00,17,0,0
5153,1261,177,2025-12-11 00:20:00,20,0,0
5154,593,134,2026-05-26 00:30:00,21,0,0
5155,752,93,2026-05-24 00:42:00,4,0,0
5156,252,212,2026-07-15 00:43:00,3,0,0
5157,1729,97,2026-02-08 00:45:00,31,0,0
5158,1379,372,2026-07-30 00:43:00,1,0,1
5159,1753,422,2026-09-05 00:27:00,6,0,1
5160,1276,376,2026-08-13 00:08:00,7,0,0
5161,1798,15,2026-08-21 00:05:00,25,0,0
5162,1771,116,2025-07-31 00:46:00,40,0,0
5163,609,135,2026-05-20 00:36:00,18,0,0
5164,1585,211,2025-11-18 00:01:00,33,0,0
5165,1652,181,2026-08-30 00:12:00,57,0,0
5166,1030,440,2026-06-07 00:23:00,2,0,0
5167,846,298,2026-06-26 00:44:00,23,0,1
5168,1731,464,2026-09-07 00:23:00,17,0,0
5169,1138,122,2026-08-26 00:11:00,41,0,1
5170,152,253,2026-08-26 00:55:00,6,0,0
5171,1033,201,2026-02-04 00:02:00,13,0,0
5172,455,478,2026-07-21 00:14:00,17,0,1
5173,190,303,2026-08-30 00:36:00,12,0,1
5174,54,84,2026-07-03 00:07:00,8,1,0
5175,1394,105,2026-06-07 00:47:00,55,0,1
5176,360,150,2026-04-26 00:56:00,8,0,1
5177,620,216,2026-04-05 00:07:00,48,0,0
5178,666,27,2026-05-25 00:20:00,18,0,0
5179,1601,127,2026-03-30 00:15:00,37,0,0
5180,68,159,2026-04-23 00:54:00,14,0,0
5181,412,230,2026-06-28 00:11:00,18,0,1
5182,943,362,2025-08-14 00:24:00,59,0,1
5183,1556,70,2026-08-08 00:39:00,17,0,1
5184,1052,346,2026-03-15 00:00:00,32,1,1
5185,683,231,2025-06-18 00:59:00,27,0,0
5186,996,32,2026-03-23 00:09:00,1,0,0
5187,275,175,2026-06-20 00:53:00,20,0,0
5188,194,1,2026-07-21 00:13:00,1,0,1
5189,278,75,2026-07-30 00:26:00,14,0,1
5190,1246,54,2026-09-03 00:12:00,47,0,0
5191,412,202,2026-06-19 00:00:00,2,0,1
5192,1676,378,2026-04-22 00:19:00,18,0,0
5193,522,24,2025-10-12 00:42:00,3,0,0
5194,334,106,2026-05-19 00:37:00,9,0,1
5195,1199,100,2025-09-06 00:02:00,24,0,0
5196,788,176,2026-07-18 00:57:00,22,1,1
5197,1651,298,2026-07-03 00:46:00,5,0,0
5198,1734,396,2026-02-15 00:52:00,10,0,1
5199,475,270,2026-07-13 00:50:00,3,0,1
5200,509,219,2026-04-21 00:27:00,23,0,1
5201,1286,321,2026-04-07 00:58:00,2,0,0
5202,1277,119,2026-08-30 00:52:00,2,0,0
5203,1758,355,2025-05-13 00:48:00,13,0,1
5204,823,491,2026-07-03 00:39:00,7,0,1
5205,146,304,2026-05-28 00:51:00,9,0,0
5206,986,261,2026-07-18 00:30:00,1,0,1
5207,705,244,2026-02-12 00:44:00,46,0,0
5208,544,144,2026-05-04 00:00:00,3,0,0
5209,44,206,2026-01-26 00:32:00,13,0,1
5210,262,73,2026-01-28 00:05:00,1,0,1
5211,120,208,2025-11-08 00:58:00,69,1,1
5212,516,76,2026-06-09 00:07:00,3,0,0
5213,1083,168,2026-05-27 00:50:00,11,0,1
5214,912,399,2025-10-15 00:13:00,1,0,0
5215,741,120,2026-03-15 00:29:00,35,0,0
5216,1357,349,2025-07-06 00:25:00,10,0,0
5217,284,276,2026-07-14 00:45:00,54,0,0
5218,1662,117,2026-04-06 00:03:00,5,0,0
5219,181,302,2026-06-14 00:26:00,2,0,1
5220,1709,452,2026-08-28 00:39:00,1,0,1
5221,731,499,2026-08-30 00:33:00,26,0,0
5222,563,369,2026-07-20 00:21:00,10,0,0
5223,1693,182,2026-03-01 00:36:00,72,0,0
5224,1267,57,2026-04-29 00:04:00,6,1,0
5225,1199,79,2026-02-12 00:58:00,7,0,0
5226,494,192,2026-07-25 00:38:00,20,0,0
5227,1154,289,2026-05-30 00:26:00,41,0,1
5228,704,483,2026-03-18 00:53:00,24,0,0
5229,269,363,2025-10-05 00:14:00,10,0,0
5230,776,121,2026-09-05 00:19:00,15,1,0
5231,793,476,2026-09-06 00:46:00,28,0,1
5232,501,495,2026-03-31 00:06:00,18,0,0
5233,1207,479,2026-01-30 00:44:00,4,0,1
5234,1009,279,2026-03-25 00:58:00,44,0,0
5235,1583,124,2026-07-03 00:53:00,22,0,1
5236,172,29,2026-06-23 00:28:00,23,0,0
5237,1489,9,2026-05-14 00:52:00,14,0,0
5238,972,248,2026-05-24 00:50:00,4,0,1
5239,248,400,2026-06-25 00:11:00,4,0,1
5240,794,126,2026-07-26 00:37:00,23,0,0
5241,1401,63,2026-03-23 00:46:00,12,0,0
5242,1244,339,2026-08-06 00:25:00,2,0,0
5243,152,146,2026-07-25 00:34:00,21,0,0
5244,1043,288,2025-09-19 00:22:00,7,0,0
5245,700,91,2026-08-02 00:04:00,7,1,0
5246,1774,118,2026-09-04 00:52:00,5,0,0
5247,632,10,2026-07-28 00:30:00,1,0,0
5248,338,135,2026-07-16 00:17:00,18,0,0
5249,1601,205,2026-01-12 00:49:00,1,0,0
5250,694,300,2026-07-03 00:37:00,20,0,0
5251,457,379,2026-06-07 00:11:00,1,0,0
5252,137,452,2026-02-27 00:10:00,32,0,0
5253,949,349,2026-08-25 00:32:00,43,0,1
5254,1492,469,2025-12-23 00:00:00,9,0,0
5255,439,458,2026-08-05 00:44:00,10,0,1
5256,1200,67,2026-02-08 00:49:00,13,0,0
5257,1164,152,2025-11-11 00:46:00,7,0,0
5258,1106,129,2026-07-20 00:41:00,24,0,0
5259,1197,183,2026-08-26 00:56:00,4,0,1
5260,1713,432,2026-07-28 00:25:00,30,1,0
5261,1209,268,2025-11-28 00:21:00,1,0,1
5262,159,496,2026-07-10 00:56:00,5,0,0
5263,17,76,2026-05-14 00:39:00,9,1,0
5264,513,144,2025-08-06 00:24:00,25,0,1
5265,814,212,2026-04-11 00:56:00,7,0,0
5266,381,359,2026-07-07 00:16:00,7,0,0
5267,260,346,2026-06-05 00:05:00,8,0,0
5268,591,475,2026-06-13 00:20:00,16,1,0
5269,1686,264,2026-07-05 00:00:00,16,0,0
5270,1800,133,2026-08-18 00:48:00,7,0,1
5271,1127,332,2026-08-23 00:21:00,26,0,0
5272,322,7,2026-05-01 00:51:00,10,1,1
5273,331,227,2026-02-08 00:49:00,25,0,1
5274,1757,494,2026-07-22 00:30:00,23,0,1
5275,533,318,2026-01-25 00:32:00,1,1,1
5276,1790,212,2026-09-06 00:39:00,15,0,1
5277,175,382,2025-11-02 00:43:00,10,0,0
5278,967,278,2026-08-30 00:04:00,12,0,0
5279,350,64,2026-06-29 00:11:00,45,0,1
5280,1039,139,2025-10-19 00:53:00,9,0,0
5281,464,371,2026-03-18 00:10:00,27,0,0
5282,679,318,2025-08-07 00:47:00,39,0,1
5283,999,460,2026-07-08 00:48:00,21,0,1
5284,886,289,2026-06-25 00:50:00,16,0,1
5285,1138,120,2026-07-28 00:19:00,15,0,1
5286,882,189,2026-08-22 00:59:00,1,0,0
5287,728,320,2026-08-03 00:01:00,27,0,0
5288,1163,269,2026-06-24 00:06:00,4,1,0
5289,1259,321,2025-07-07 00:34:00,9,0,1
5290,1733,316,2026-08-14 00:27:00,13,0,0
5291,1151,413,2026-04-01 00:40:00,5,0,0
5292,116,301,2026-08-30 00:02:00,8,0,0
5293,1095,297,2026-04-30 00:37:00,12,0,1
5294,1537,179,2026-04-07 00:11:00,1,0,0
5295,1252,161,2026-03-14 00:35:00,15,0,0
5296,371,305,2026-08-24 00:52:00,9,1,0
5297,144,381,2026-03-21 00:55:00,2,0,1
5298,700,229,2026-05-20 00:00:00,9,0,0
5299,522,490,2026-04-23 00:47:00,43,0,0
5300,915,71,2026-05-29 00:43:00,2,0,1
5301,1744,101,2025-08-24 00:31:00,6,0,0
5302,1786,491,2026-08-01 00:03:00,45,0,1
5303,38,459,2026-07-09 00:23:00,24,0,0
5304,1786,498,2026-08-03 00:17:00,26,0,0
5305,1457,165,2026-04-04 00:29:00,5,0,1
5306,1673,368,2025-09-09 00:04:00,6,0,0
5307,796,395,2026-02-27 00:03:00,6,0,0
5308,1529,162,2026-07-14 00:17:00,2,0,0
5309,1404,179,2026-06-17 00:10:00,3,1,1
5310,465,487,2026-09-04 00:16:00,3,0,0
5311,1299,470,2026-08-20 00:09:00,23,0,0
5312,480,479,2026-04-25 00:52:00,11,0,0
5313,1544,262,2025-11-08 00:45:00,1,0,1
5314,1784,140,2026-05-26 00:08:00,30,0,0
5315,1290,347,2026-08-27 00:34:00,18,0,0
5316,738,370,2026-07-23 00:34:00,41,0,1
5317,1478,330,2026-06-24 00:43:00,1,0,0
5318,683,259,2025-09-20 00:24:00,1,0,0
5319,1696,145,2026-08-22 00:13:00,31,0,1
5320,1383,456,2026-06-30 00:38:00,39,1,0
5321,1299,268,2026-04-19 00:28:00,113,0,0
5322,872,107,2025-11-15 00:54:00,1,0,0
5323,229,211,2026-05-04 00:44:00,6,0,0
5324,318,197,2026-07-02 00:47:00,2,0,0
5325,1257,170,2026-05-07 00:23:00,17,0,1
5326,140,449,2025-11-29 00:00:00,39,0,0
5327,125,242,2026-06-24 00:51:00,48,0,1
5328,1751,15,2026-06-19 00:37:00,14,0,0
5329,1636,147,2026-08-16 00:14:00,26,0,0
5330,1251,301,2026-09-07 00:59:00,9,0,1
5331,1295,127,2026-06-18 00:00:00,47,0,1
5332,1761,230,2025-10-31 00:48:00,41,0,1
5333,1313,394,2026-07-23 00:30:00,6,0,1
5334,1763,373,2026-08-04 00:04:00,14,0,1
5335,469,436,2026-06-10 00:39:00,17,0,0
5336,1078,307,2026-08-21 00:33:00,6,0,1
5337,479,285,2026-05-16 00:41:00,18,0,0
5338,1172,498,2026-01-05 00:04:00,5,0,0
5339,258,378,2026-08-29 00:16:00,52,0,0
5340,1038,338,2026-05-20 00:37:00,31,0,0
5341,532,392,2026-08-12 00:19:00,5,0,0
5342,560,131,2026-08-19 00:55:00,12,0,1
5343,1738,203,2026-05-03 00:02:00,7,0,0
5344,997,209,2026-05-25 00:23:00,43,0,0
5345,220,488,2026-07-13 00:06:00,5,1,1
5346,420,400,2026-09-05 00:21:00,1,0,0
5347,38,490,2026-07-13 00:46:00,2,0,1
5348,848,245,2026-07-01 00:18:00,5,0,0
5349,674,251,2026-03-17 00:09:00,1,0,1
5350,631,116,2026-06-19 00:42:00,9,0,1
5351,124,173,2026-03-02 00:36:00,52,0,0
5352,1294,264,2026-06-22 00:19:00,21,0,0
5353,1456,180,2026-05-04 00:08:00,12,0,1
5354,848,82,2026-02-14 00:59:00,33,0,1
5355,1434,41,2026-01-02 00:08:00,9,0,0
5356,731,422,2026-02-06 00:25:00,20,0,1
5357,924,1,2026-03-22 00:47:00,6,0,1
5358,1779,173,2026-08-01 00:05:00,42,0,1
5359,1495,195,2025-10-31 00:33:00,1,0,1
5360,1464,177,2026-08-29 00:48:00,10,0,0
5361,1555,436,2026-06-22 00:19:00,1,0,1
5362,967,282,2026-08-22 00:09:00,21,0,1
5363,482,313,2026-02-06 00:20:00,15,0,1
5364,1607,262,2026-01-04 00:22:00,14,1,1
5365,1657,7,2026-06-21 00:44:00,58,0,0
5366,1684,487,2025-08-03 00:02:00,19,0,1
5367,529,206,2026-07-26 00:40:00,25,0,0
5368,602,324,2026-05-04 00:46:00,23,0,1
5369,765,273,2026-07-18 00:37:00,33,1,0
5370,1502,138,2026-08-25 00:44:00,47,0,0
5371,475,118,2026-05-29 00:47:00,57,0,0
5372,906,137,2026-05-06 00:34:00,13,0,0
5373,219,243,2025-12-27 00:29:00,37,0,1
5374,1239,484,2026-08-18 00:36:00,6,0,0
5375,24,286,2026-09-02 00:29:00,15,0,0
5376,1447,491,2026-03-25 00:25:00,73,0,0
5377,1252,14,2025-07-02 00:50:00,14,0,1
5378,1254,277,2026-02-18 00:01:00,13,0,0
5379,1206,81,2026-05-24 00:17:00,11,0,0
5380,1612,166,2026-06-09 00:45:00,47,0,0
5381,1463,140,2026-03-20 00:41:00,1,0,0
5382,1270,303,2026-05-11 00:19:00,5,0,0
5383,954,36,2026-02-16 00:34:00,4,0,1
5384,22,124,2025-11-17 00:36:00,4,0,0
5385,700,13,2025-09-20 00:02:00,2,0,1
5386,1613,395,2026-05-03 00:54:00,36,0,0
5387,583,235,2026-09-06 00:41:00,6,0,1
5388,274,486,2026-07-24 00:48:00,22,0,0
5389,1557,495,2026-09-03 00:35:00,4,0,0
5390,1152,230,2025-07-15 00:02:00,9,0,1
5391,1516,14,2026-09-02 00:13:00,14,0,0
5392,631,197,2026-05-11 00:02:00,7,0,1
5393,154,171,2026-09-07 00:36:00,18,0,1
5394,707,320,2026-01-10 00:53:00,33,0,0
5395,927,285,2026-01-01 00:00:00,54,0,0
5396,1726,160,2026-08-18 00:34:00,47,0,1
5397,1640,233,2025-10-28 00:12:00,3,0,1
5398,1687,136,2026-05-21 00:06:00,4,0,0
5399,730,262,2025-10-03 00:33:00,8,0,0
5400,1735,156,2026-09-07 00:16:00,14,0,1
5401,991,122,2026-01-30 00:19:00,5,0,1
5402,1690,106,2026-05-27 00:50:00,23,0,1
5403,1649,40,2026-02-24 00:35:00,38,1,0
5404,1505,123,2025-12-27 00:52:00,19,0,1
5405,869,485,2026-06-12 00:59:00,34,0,0
5406,1129,143,2026-08-21 00:08:00,38,0,0
5407,906,103,2026-03-22 00:20:00,1,0,0
5408,786,39,2025-10-28 00:06:00,18,0,0
5409,30,430,2026-01-11 00:04:00,29,0,0
5410,172,8,2026-03-12 00:48:00,49,0,0
5411,1267,13,2026-01-07 00:25:00,40,0,0
5412,1568,347,2026-06-20 00:45:00,1,0,1
5413,890,346,2026-06-24 00:23:00,2,0,0
5414,38,307,2026-07-30 00:28:00,21,0,0
5415,309,382,2026-06-27 00:58:00,1,0,0
5416,862,117,2026-08-11 00:04:00,59,0,0
5417,784,102,2026-08-03 00:10:00,41,0,1
5418,867,187,2026-07-31 00:50:00,28,1,0
5419,434,444,2026-06-04 00:43:00,26,0,0
5420,596,497,2026-07-26 00:09:00,73,0,1
5421,840,324,2026-07-08 00:30:00,33,0,0
5422,1391,149,2026-04-20 00:07:00,6,0,1
5423,718,204,2026-07-27 00:25:00,65,0,1
5424,1577,126,2026-06-06 00:52:00,39,1,0
5425,221,322,2025-12-03 00:45:00,13,0,0
5426,1225,12,2026-05-23 00:08:00,26,0,0
5427,1253,424,2026-09-03 00:54:00,20,0,0
5428,529,201,2026-08-18 00:28:00,12,0,0
5429,545,209,2026-03-28 00:23:00,17,0,0
5430,903,208,2026-05-16 00:10:00,24,0,0
5431,523,377,2026-08-10 00:00:00,4,0,0
5432,378,30,2026-03-15 00:27:00,14,0,0
5433,1117,106,2026-03-05 00:37:00,10,0,1
5434,791,420,2026-08-30 00:29:00,4,0,0
5435,212,194,2026-04-08 00:22:00,18,0,0
5436,1335,200,2026-06-18 00:29:00,5,0,0
5437,877,168,2026-01-16 00:54:00,75,0,0
5438,269,14,2026-02-17 00:20:00,8,0,1
5439,512,305,2026-07-31 00:22:00,16,0,1
5440,479,125,2026-05-24 00:36:00,4,0,1
5441,1626,325,2026-08-25 00:33:00,4,0,1
5442,1236,284,2026-08-23 00:47:00,10,0,1
5443,1444,318,2026-07-13 00:09:00,8,0,0
5444,810,277,2026-06-09 00:09:00,6,0,1
5445,1493,499,2026-03-29 00:26:00,40,0,0
5446,1124,159,2026-07-19 00:58:00,48,0,1
5447,1170,191,2026-07-13 00:12:00,27,0,0
5448,873,29,2026-08-10 00:48:00,17,0,0
5449,47,121,2026-06-27 00:38:00,27,0,0
5450,173,284,2026-02-01 00:33:00,16,0,1
5451,585,101,2026-07-18 00:54:00,22,0,0
5452,1528,153,2026-04-10 00:35:00,1,0,0
5453,1433,275,2026-02-04 00:05:00,22,0,1
5454,1559,432,2026-07-27 00:32:00,1,0,1
5455,1115,331,2026-06-13 00:04:00,10,0,0
5456,403,90,2026-06-30 00:56:00,31,0,0
5457,1193,493,2026-01-14 00:52:00,15,0,0
5458,1328,63,2026-06-18 00:17:00,3,0,0
5459,1136,270,2026-06-17 00:11:00,4,0,1
5460,409,484,2026-07-22 00:13:00,36,0,0
5461,514,106,2026-02-25 00:51:00,1,0,1
5462,764,343,2026-03-26 00:24:00,2,0,1
5463,365,311,2025-08-31 00:56:00,20,0,0
5464,958,447,2026-04-04 00:40:00,29,0,0
5465,1527,260,2026-01-02 00:33:00,1,0,1
5466,28,488,2026-03-07 00:56:00,6,0,1
5467,1439,115,2026-01-03 00:32:00,5,0,0
5468,1381,452,2026-07-03 00:11:00,2,0,0
5469,421,56,2026-03-17 00:11:00,31,0,0
5470,439,231,2026-07-03 00:19:00,14,0,1
5471,752,421,2025-12-05 00:12:00,7,0,0
5472,131,445,2025-11-18 00:43:00,23,0,0
5473,827,500,2026-08-27 00:13:00,17,0,1
5474,1033,8,2026-08-25 00:46:00,21,0,1
5475,1048,101,2026-01-14 00:06:00,13,0,1
5476,1629,277,2026-07-30 00:09:00,30,0,1
5477,1753,273,2026-08-31 00:07:00,5,0,0
5478,342,39,2026-03-10 00:59:00,67,0,1
5479,726,325,2026-04-07 00:18:00,20,0,0
5480,12,105,2025-08-04 00:35:00,42,0,0
5481,555,385,2025-10-30 00:39:00,6,0,0
5482,680,315,2025-05-22 00:50:00,7,0,0
5483,115,200,2025-05-04 00:45:00,11,0,1
5484,828,432,2026-07-18 00:01:00,17,0,0
5485,1075,356,2026-07-21 00:38:00,3,0,1
5486,1600,215,2026-07-03 00:46:00,8,0,0
5487,950,334,2026-05-11 00:37:00,1,0,1
5488,1475,148,2026-01-02 00:10:00,8,0,1
5489,1252,38,2026-01-30 00:05:00,27,0,1
5490,1721,79,2026-08-18 00:26:00,21,0,1
5491,665,239,2026-07-17 00:18:00,14,0,0
5492,107,405,2026-06-11 00:00:00,20,0,1
5493,901,54,2026-07-18 00:31:00,3,0,1
5494,362,275,2026-09-02 00:47:00,56,0,0
5495,1572,42,2026-02-16 00:19:00,22,0,0
5496,1055,425,2026-05-09 00:59:00,38,0,0
5497,1737,177,2026-08-31 00:41:00,31,0,1
5498,763,433,2026-08-12 00:05:00,8,0,0
5499,1517,202,2026-06-10 00:06:00,20,0,1
5500,1724,452,2026-06-18 00:50:00,23,0,0
5501,1557,302,2026-09-07 00:57:00,24,0,0
5502,1041,382,2026-08-10 00:26:00,30,1,0
5503,269,448,2025-10-10 00:48:00,31,0,0
5504,1331,282,2026-01-10 00:35:00,9,0,1
5505,17,343,2025-12-29 00:07:00,55,0,1
5506,1504,187,2026-08-23 00:42:00,17,0,1
5507,785,5,2026-08-26 00:39:00,32,0,0
5508,377,295,2026-05-11 00:23:00,12,0,1
5509,1579,126,2026-08-17 00:51:00,44,0,1
5510,783,130,2025-12-16 00:09:00,8,0,0
5511,1552,310,2026-07-10 00:26:00,13,0,0
5512,344,178,2025-05-10 00:19:00,21,0,1
5513,807,248,2025-12-06 00:37:00,2,0,0
5514,550,202,2026-04-04 00:54:00,4,0,0
5515,1324,427,2025-12-16 00:48:00,4,0,0
5516,361,182,2026-08-27 00:44:00,25,0,0
5517,691,157,2026-06-01 00:45:00,2,0,0
5518,1062,493,2026-02-08 00:43:00,124,0,0
5519,141,464,2025-08-25 00:09:00,4,0,0
5520,1413,152,2026-04-02 00:49:00,22,0,0
5521,876,246,2026-07-18 00:07:00,36,0,0
5522,94,142,2026-08-14 00:45:00,36,0,0
5523,892,218,2026-01-16 00:03:00,36,1,0
5524,240,284,2026-08-04 00:10:00,33,0,0
5525,1639,493,2026-09-05 00:17:00,62,0,1
5526,324,136,2026-06-04 00:36:00,11,1,0
5527,208,320,2026-04-28 00:33:00,25,0,0
5528,1794,27,2026-06-03 00:06:00,11,0,1
5529,116,351,2026-06-17 00:07:00,5,0,1
5530,1403,30,2025-12-14 00:42:00,34,0,1
5531,561,29,2026-02-01 00:41:00,41,0,1
5532,296,106,2026-09-02 00:07:00,10,0,0
5533,1442,100,2026-07-21 00:51:00,42,0,0
5534,1630,491,2026-07-24 00:25:00,7,0,1
5535,280,168,2026-07-26 00:05:00,70,0,0
5536,518,304,2026-07-26 00:21:00,1,0,1
5537,429,148,2025-07-01 00:50:00,6,0,1
5538,1163,222,2026-08-19 00:30:00,5,0,0
5539,1157,212,2026-05-01 00:51:00,4,0,1
5540,921,286,2025-09-05 00:42:00,52,0,0
5541,290,441,2026-08-27 00:40:00,18,0,0
5542,1717,113,2026-03-23 00:04:00,29,0,1
5543,1121,63,2026-07-26 00:47:00,45,0,1
5544,1103,156,2026-08-08 00:45:00,1,1,1
5545,1389,388,2026-02-25 00:05:00,36,0,0
5546,1669,111,2025-12-21 00:15:00,3,0,0
5547,1466,90,2026-09-05 00:03:00,3,0,0
5548,1525,455,2026-03-26 00:57:00,9,0,0
5549,965,418,2025-09-17 00:13:00,21,0,0
5550,196,56,2026-05-12 00:08:00,24,0,1
5551,1516,13,2026-09-06 00:29:00,15,0,1
5552,882,436,2026-07-07 00:02:00,3,0,1
5553,671,16,2026-09-04 00:20:00,1,0,1
5554,456,209,2026-08-20 00:34:00,48,0,0
5555,1627,39,2026-02-04 00:45:00,38,0,1
5556,1382,134,2025-05-09 00:46:00,37,0,0
5557,170,244,2026-03-24 00:24:00,17,0,1
5558,1570,373,2026-06-11 00:49:00,36,0,0
5559,1373,124,2026-01-16 00:58:00,5,0,0
5560,868,472,2026-07-02 00:25:00,38,0,0
5561,317,157,2026-08-29 00:27:00,10,1,1
5562,928,481,2026-07-03 00:32:00,11,0,1
5563,1612,27,2026-08-09 00:04:00,1,0,0
5564,1025,452,2026-07-23 00:05:00,4,0,1
5565,675,25,2025-09-24 00:55:00,60,0,0
5566,513,283,2026-06-25 00:17:00,38,0,0
5567,1630,53,2026-07-12 00:16:00,7,0,0
5568,1621,415,2026-05-29 00:18:00,21,0,0
5569,974,259,2026-09-04 00:05:00,42,0,0
5570,355,432,2026-07-03 00:33:00,28,0,0
5571,507,127,2025-07-05 00:08:00,6,0,1
5572,1775,292,2026-04-11 00:12:00,1,0,0
5573,1472,160,2026-04-17 00:12:00,22,0,0
5574,1365,109,2026-05-21 00:54:00,28,0,0
5575,531,213,2026-01-15 00:44:00,9,0,0
5576,17,486,2026-06-18 00:11:00,27,0,0
5577,542,97,2026-07-23 00:24:00,3,0,0
5578,812,434,2026-08-13 00:33:00,50,0,0
5579,303,272,2026-07-25 00:42:00,12,1,1
5580,878,487,2026-06-15 00:21:00,22,0,0
5581,1560,283,2026-08-27 00:32:00,8,0,1
5582,1031,208,2026-04-24 00:12:00,69,0,0
5583,1273,149,2026-02-16 00:58:00,46,0,1
5584,1708,36,2026-05-07 00:00:00,51,0,1
5585,221,68,2025-06-24 00:17:00,24,0,0
5586,1266,479,2025-12-14 00:43:00,35,0,0
5587,301,255,2026-07-06 00:34:00,10,0,1
5588,969,278,2025-10-24 00:37:00,6,0,0
5589,144,472,2025-12-13 00:40:00,22,0,0
5590,1188,9,2026-06-25 00:03:00,40,0,0
5591,18,444,2026-07-19 00:54:00,4,0,0
5592,564,454,2025-10-24 00:34:00,31,0,1
5593,263,469,2026-08-14 00:11:00,2,0,1
5594,1058,309,2026-07-01 00:11:00,10,1,1
5595,1749,492,2026-06-21 00:15:00,28,0,0
5596,1002,267,2026-03-20 00:42:00,1,0,0
5597,781,231,2026-07-30 00:28:00,19,1,1
5598,1716,374,2026-08-25 00:11:00,37,0,0
5599,1722,320,2026-06-07 00:43:00,2,0,0
5600,628,447,2026-05-16 00:42:00,11,0,0
5601,363,295,2026-04-08 00:12:00,29,0,0
5602,408,71,2026-02-23 00:16:00,82,0,0
5603,1518,49,2026-08-08 00:15:00,8,1,1
5604,1513,231,2025-10-29 00:33:00,3,0,1
5605,31,269,2026-03-30 00:22:00,1,0,0
5606,547,183,2026-08-24 00:19:00,10,0,0
5607,1593,238,2025-11-18 00:44:00,25,0,0
5608,497,245,2026-07-30 00:43:00,24,0,1
5609,1020,385,2026-07-21 00:06:00,12,0,0
5610,403,214,2026-04-23 00:08:00,17,0,0
5611,1643,406,2025-06-15 00:27:00,110,0,0
5612,420,210,2026-09-03 00:44:00,15,0,0
5613,726,143,2026-08-14 00:12:00,2,0,0
5614,127,271,2025-04-19 00:57:00,14,0,0
5615,1719,366,2025-07-24 00:52:00,14,0,0
5616,933,450,2025-08-11 00:49:00,21,0,0
5617,812,186,2026-07-31 00:50:00,15,0,0
5618,1354,415,2026-07-12 00:00:00,77,0,0
5619,1153,461,2026-04-26 00:44:00,9,0,0
5620,23,263,2026-08-04 00:29:00,17,0,0
5621,118,72,2026-01-21 00:45:00,86,0,1
5622,293,171,2026-04-15 00:05:00,18,0,1
5623,440,90,2026-02-11 00:45:00,1,0,1
5624,1024,126,2026-07-07 00:19:00,6,0,0
5625,670,210,2026-09-03 00:53:00,38,0,0
5626,1282,130,2026-07-06 00:42:00,9,0,0
5627,1748,491,2026-07-31 00:50:00,11,0,0
5628,1229,349,2026-07-22 00:38:00,28,0,0
5629,356,64,2026-07-14 00:58:00,7,0,0
5630,1452,76,2026-09-05 00:37:00,9,0,1
5631,1497,496,2025-10-26 00:37:00,7,0,1
5632,1500,442,2026-08-25 00:24:00,9,0,1
5633,579,377,2026-08-15 00:17:00,41,0,0
5634,921,377,2025-09-11 00:41:00,31,0,0
5635,66,229,2026-06-06 00:39:00,6,0,1
5636,1746,59,2026-08-23 00:47:00,19,0,1
5637,1505,272,2025-09-21 00:14:00,28,0,0
5638,150,166,2026-05-11 00:52:00,83,0,0
5639,150,55,2026-07-01 00:54:00,14,0,0
5640,1637,18,2026-09-06 00:16:00,68,0,1
5641,90,96,2026-05-14 00:29:00,19,1,1
5642,892,1,2026-06-29 00:58:00,20,0,1
5643,207,14,2025-10-19 00:23:00,14,0,1
5644,675,175,2026-04-22 00:14:00,7,0,1
5645,643,399,2026-01-06 00:34:00,11,0,1
5646,266,42,2026-06-04 00:31:00,1,0,0
5647,1372,131,2026-09-07 00:56:00,13,0,1
5648,646,497,2026-04-08 00:05:00,15,0,1
5649,1249,69,2026-06-17 00:57:00,10,0,0
5650,21,403,2026-06-21 00:10:00,13,1,0
5651,1671,93,2026-07-03 00:40:00,10,1,1
5652,726,295,2026-07-30 00:19:00,27,0,1
5653,1127,3,2026-08-23 00:51:00,5,0,0
5654,1777,423,2026-03-17 00:07:00,1,0,0
5655,1320,113,2026-06-22 00:21:00,45,0,0
5656,786,146,2025-12-06 00:24:00,5,0,0
5657,539,165,2026-08-26 00:06:00,48,0,1
5658,1294,172,2026-06-27 00:55:00,24,0,1
5659,1730,480,2026-08-16 00:36:00,9,0,1
5660,1368,360,2025-11-13 00:15:00,10,0,0
5661,592,120,2026-01-17 00:32:00,9,0,0
5662,1201,462,2026-08-14 00:57:00,22,0,0
5663,776,218,2026-08-04 00:08:00,2,0,1
5664,177,74,2026-08-05 00:51:00,32,0,1
5665,870,226,2026-09-02 00:45:00,6,0,0
5666,1057,159,2025-10-12 00:19:00,118,0,1
5667,475,121,2026-02-21 00:20:00,1,0,0
5668,1002,135,2026-03-13 00:12:00,20,0,0
5669,320,450,2025-12-08 00:04:00,3,0,0
5670,1000,189,2026-05-25 00:15:00,10,0,0
5671,4,350,2026-01-12 00:48:00,25,0,1
5672,1681,431,2025-12-30 00:45:00,5,0,1
5673,893,90,2026-02-01 00:15:00,7,0,0
5674,1569,176,2025-09-17 00:11:00,13,0,0
5675,501,34,2026-06-13 00:04:00,17,0,0
5676,1727,74,2026-08-14 00:19:00,4,1,0
5677,450,41,2025-09-05 00:12:00,1,0,0
5678,219,105,2026-08-19 00:47:00,33,0,0
5679,797,260,2026-03-17 00:07:00,36,0,0
5680,1366,184,2025-11-22 00:12:00,39,0,0
5681,1727,337,2026-07-29 00:26:00,29,0,1
5682,1505,318,2025-12-05 00:20:00,1,0,1
5683,829,140,2026-07-01 00:44:00,15,0,1
5684,1156,291,2025-07-31 00:18:00,1,0,0
5685,90,79,2026-05-01 00:55:00,1,0,1
5686,1273,283,2026-07-26 00:47:00,1,0,1
5687,1224,170,2026-08-23 00:55:00,50,0,1
5688,1079,59,2026-08-15 00:13:00,29,0,0
5689,810,158,2026-08-31 00:37:00,12,0,0
5690,1212,199,2026-02-06 00:56:00,18,0,0
5691,1063,79,2026-07-05 00:58:00,65,0,1
5692,638,104,2026-08-02 00:36:00,1,0,0
5693,1705,367,2026-04-23 00:02:00,2,0,1
5694,651,154,2026-09-05 00:04:00,20,1,0
5695,536,202,2025-04-29 00:59:00,11,0,0
5696,5,302,2025-11-11 00:52:00,22,0,1
5697,927,404,2026-05-04 00:44:00,16,0,0
5698,658,227,2026-06-07 00:55:00,19,0,0
5699,1574,497,2026-08-21 00:29:00,14,0,0
5700,1401,132,2025-09-25 00:04:00,24,0,1
5701,250,450,2025-07-17 00:28:00,11,0,1
5702,941,331,2026-02-26 00:19:00,12,0,0
5703,1131,459,2026-04-22 00:59:00,13,0,1
5704,1379,35,2026-04-16 00:28:00,5,0,1
5705,521,446,2026-05-11 00:52:00,15,0,0
5706,882,124,2026-04-01 00:53:00,24,0,0
5707,64,203,2025-09-13 00:21:00,13,0,0
5708,881,108,2026-08-01 00:13:00,4,0,0
5709,198,65,2026-08-26 00:13:00,23,0,0
5710,1246,172,2026-07-11 00:54:00,18,0,1
5711,1620,246,2026-09-01 00:18:00,9,0,0
5712,1541,131,2026-05-31 00:23:00,55,0,0
5713,708,334,2025-12-08 00:49:00,67,0,0
5714,928,2,2026-06-29 00:36:00,25,0,1
5715,1077,373,2025-08-11 00:11:00,4,1,0
5716,1185,329,2025-06-21 00:34:00,1,0,1
5717,1024,434,2026-07-08 00:08:00,26,0,1
5718,1411,413,2026-05-25 00:30:00,19,0,0
5719,1409,46,2026-09-06 00:23:00,25,1,0
5720,1473,333,2026-02-13 00:16:00,25,0,1
5721,1582,432,2026-08-23 00:42:00,7,0,0
5722,588,23,2025-12-19 00:35:00,11,1,0
5723,690,258,2026-04-21 00:21:00,16,0,0
5724,1731,75,2026-08-27 00:06:00,1,0,1
5725,333,269,2026-06-17 00:23:00,5,0,1
5726,1565,109,2026-09-03 00:15:00,20,0,0
5727,1047,294,2026-07-01 00:14:00,31,0,0
5728,581,245,2026-08-18 00:16:00,46,0,0
5729,1362,358,2026-04-10 00:52:00,4,0,0
5730,463,353,2026-01-25 00:30:00,6,0,1
5731,552,4,2026-07-24 00:27:00,2,0,1
5732,171,420,2026-09-01 00:16:00,46,0,1
5733,74,214,2026-06-28 00:28:00,18,0,0
5734,927,393,2026-09-07 00:02:00,27,0,0
5735,1257,459,2026-02-27 00:57:00,37,0,0
5736,54,176,2026-07-15 00:14:00,7,0,1
5737,388,355,2026-03-02 00:04:00,4,0,0
5738,951,477,2026-01-07 00:31:00,5,0,1
5739,1738,153,2026-08-08 00:32:00,49,0,0
5740,1745,190,2026-02-14 00:02:00,8,0,0
5741,1607,230,2025-10-30 00:46:00,27,0,1
5742,431,242,2026-08-05 00:29:00,6,0,1
5743,444,488,2026-07-26 00:19:00,26,0,1
5744,875,476,2026-07-21 00:35:00,28,0,0
5745,987,469,2026-09-04 00:10:00,55,0,0
5746,1583,119,2026-07-14 00:24:00,5,0,1
5747,988,92,2026-04-23 00:22:00,8,0,0
5748,43,194,2026-07-24 00:04:00,13,0,0
5749,86,373,2026-06-16 00:34:00,12,0,0
5750,1343,40,2026-03-28 00:19:00,1,0,1
5751,1018,415,2026-07-31 00:04:00,6,0,0
5752,1546,467,2026-07-03 00:17:00,3,0,0
5753,149,493,2026-02-24 00:20:00,24,0,0
5754,235,488,2025-07-10 00:19:00,6,0,1
5755,201,399,2026-04-15 00:20:00,1,0,0
5756,761,441,2026-07-25 00:34:00,20,0,0
5757,1261,142,2025-08-15 00:29:00,36,0,0
5758,46,454,2026-03-02 00:57:00,22,0,0
5759,65,238,2026-08-27 00:51:00,42,0,1
5760,683,82,2025-10-19 00:56:00,31,1,0
5761,924,385,2026-08-11 00:21:00,6,0,1
5762,849,37,2026-08-18 00:29:00,3,0,1
5763,1105,310,2026-06-08 00:54:00,17,0,0
5764,260,348,2026-08-17 00:48:00,14,0,0
5765,437,87,2026-09-04 00:25:00,11,0,0
5766,698,277,2026-06-22 00:30:00,22,0,0
5767,1209,270,2026-06-02 00:13:00,43,0,0
5768,1322,270,2026-09-04 00:34:00,1,0,0
5769,1746,398,2026-08-07 00:06:00,16,0,0
5770,223,452,2026-02-04 00:28:00,157,0,1
5771,1733,239,2026-08-26 00:35:00,1,0,0
5772,586,307,2026-08-21 00:10:00,35,0,0
5773,350,92,2026-03-02 00:54:00,9,0,1
5774,1453,235,2025-09-11 00:19:00,13,0,0
5775,549,172,2026-07-18 00:32:00,45,0,0
5776,1032,106,2026-06-11 00:56:00,1,0,1
5777,147,155,2026-01-10 00:46:00,2,0,0
5778,249,167,2026-05-09 00:20:00,9,0,0
5779,1639,200,2026-05-22 00:34:00,1,0,0
5780,294,477,2026-04-11 00:20:00,5,0,1
5781,192,83,2026-05-27 00:52:00,5,0,0
5782,168,336,2025-11-12 00:03:00,27,1,0
5783,1374,473,2026-05-29 00:36:00,48,0,0
5784,511,132,2026-03-05 00:13:00,31,0,0
5785,90,254,2026-06-03 00:05:00,1,0,0
5786,1342,1,2026-01-25 00:19:00,26,0,1
5787,276,308,2025-11-24 00:17:00,18,0,1
5788,1069,436,2026-08-06 00:21:00,23,0,0
5789,1438,420,2025-09-21 00:38:00,5,1,0
5790,1166,131,2025-11-19 00:37:00,13,0,1
5791,1273,18,2025-11-12 00:43:00,1,1,0
5792,983,381,2026-02-12 00:44:00,36,1,0
5793,804,272,2026-06-18 00:18:00,16,0,0
5794,1567,261,2025-09-16 00:24:00,3,0,1
5795,482,342,2025-10-27 00:41:00,15,0,0
5796,1491,432,2026-04-26 00:26:00,32,0,0
5797,507,97,2026-07-04 00:15:00,8,0,1
5798,460,360,2026-09-05 00:53:00,54,0,1
5799,1475,335,2025-11-28 00:46:00,13,0,0
5800,440,337,2025-11-14 00:17:00,40,0,0
5801,1113,448,2026-03-03 00:44:00,4,0,1
5802,185,13,2026-06-02 00:09:00,3,0,0
5803,230,347,2026-06-23 00:02:00,50,0,0
5804,188,6,2026-08-16 00:34:00,4,0,0
5805,1503,301,2026-09-07 00:55:00,12,0,0
5806,290,167,2026-06-03 00:43:00,23,0,1
5807,178,382,2026-05-11 00:04:00,13,0,1
5808,819,111,2026-08-03 00:46:00,19,0,1
5809,682,119,2026-08-09 00:23:00,20,0,1
5810,713,131,2026-07-21 00:35:00,61,1,1
5811,1441,6,2026-03-09 00:31:00,4,1,1
5812,512,199,2026-07-25 00:35:00,20,1,0
5813,751,111,2025-11-17 00:29:00,53,0,0
5814,1017,432,2025-08-02 00:14:00,20,0,0
5815,1437,173,2026-07-31 00:13:00,78,0,1
5816,1466,399,2026-09-05 00:27:00,21,0,0
5817,1136,322,2026-07-16 00:37:00,35,0,1
5818,419,132,2026-02-18 00:11:00,7,0,1
5819,1319,138,2026-04-30 00:13:00,12,0,0
5820,124,102,2025-12-27 00:50:00,4,0,1
5821,1643,79,2026-05-03 00:33:00,9,0,1
5822,576,124,2026-05-29 00:08:00,6,0,1
5823,701,259,2026-07-16 00:33:00,16,0,1
5824,10,389,2025-10-28 00:19:00,1,0,0
5825,1439,166,2026-04-19 00:19:00,3,0,0
5826,179,473,2026-09-01 00:47:00,4,0,1
5827,218,240,2026-04-28 00:08:00,3,0,0
5828,1757,197,2026-03-30 00:56:00,20,0,1
5829,255,66,2025-12-21 00:58:00,4,0,1
5830,1671,204,2026-04-05 00:29:00,8,0,0
5831,672,349,2026-08-25 00:04:00,13,0,1
5832,1301,270,2026-08-30 00:36:00,25,0,1
5833,1052,349,2026-07-28 00:51:00,6,0,0
5834,383,448,2026-09-07 00:48:00,1,0,1
5835,1373,55,2025-05-20 00:42:00,18,0,1
5836,1605,164,2026-08-20 00:33:00,11,0,1
5837,442,95,2025-10-29 00:13:00,2,0,0
5838,841,384,2026-07-31 00:24:00,16,0,0
5839,1003,207,2026-08-25 00:13:00,4,0,1
5840,538,434,2026-03-31 00:53:00,5,0,1
5841,1792,251,2026-06-19 00:59:00,1,0,0
5842,163,268,2026-01-30 00:51:00,5,0,1
5843,444,235,2025-11-09 00:10:00,1,0,0
5844,1078,385,2026-08-21 00:31:00,1,0,1
5845,361,207,2026-08-26 00:09:00,14,0,0
5846,1711,152,2026-07-27 00:17:00,6,0,0
5847,1558,437,2025-07-04 00:44:00,47,0,0
5848,1228,473,2026-07-15 00:45:00,3,0,1
5849,736,295,2026-07-08 00:43:00,3,0,1
5850,1173,93,2026-08-30 00:49:00,18,0,0
5851,729,411,2025-12-21 00:06:00,13,0,0
5852,604,99,2026-05-09 00:17:00,29,0,1
5853,320,158,2025-09-24 00:08:00,80,0,1
5854,814,136,2025-09-23 00:45:00,75,0,0
5855,1123,173,2026-07-06 00:12:00,45,0,0
5856,766,242,2026-04-25 00:29:00,16,0,0
5857,1597,89,2025-09-12 00:56:00,52,1,0
5858,281,369,2026-01-29 00:57:00,25,0,0
5859,35,259,2026-08-02 00:13:00,63,0,0
5860,909,10,2026-08-16 00:02:00,36,0,1
5861,839,156,2026-08-24 00:12:00,53,0,0
5862,292,187,2025-10-28 00:24:00,4,1,0
5863,95,387,2025-12-18 00:46:00,15,0,1
5864,841,418,2026-08-14 00:40:00,14,0,0
5865,339,313,2026-04-28 00:28:00,29,0,1
5866,1553,7,2026-06-12 00:36:00,3,0,0
5867,789,450,2026-05-01 00:25:00,1,0,0
5868,1288,329,2025-08-22 00:32:00,4,1,1
5869,1184,63,2025-12-26 00:10:00,7,0,0
5870,576,353,2026-07-25 00:17:00,42,0,0
5871,1304,294,2026-07-17 00:28:00,4,0,1
5872,674,153,2026-07-04 00:18:00,9,0,1
5873,233,166,2025-09-24 00:09:00,1,0,0
5874,1648,13,2025-10-11 00:11:00,17,0,0
5875,862,23,2026-07-23 00:06:00,11,0,0
5876,779,382,2026-03-31 00:49:00,45,0,0
5877,289,238,2025-10-17 00:37:00,1,0,1
5878,468,438,2026-02-13 00:14:00,23,0,0
5879,305,275,2026-05-16 00:47:00,11,0,0
5880,1245,86,2025-11-30 00:45:00,36,0,0
5881,1142,218,2026-07-16 00:56:00,6,0,0
5882,1555,356,2026-07-02 00:49:00,1,0,1
5883,1431,31,2025-10-30 00:16:00,123,1,1
5884,1186,462,2026-02-08 00:22:00,29,0,0
5885,1624,220,2026-04-27 00:39:00,33,0,1
5886,1161,135,2026-05-22 00:44:00,26,0,1
5887,643,479,2026-08-29 00:37:00,6,0,1
5888,1721,258,2026-06-30 00:56:00,13,0,1
5889,127,499,2025-07-28 00:41:00,8,0,0
5890,1692,29,2026-09-06 00:23:00,19,0,1
5891,825,478,2026-07-01 00:33:00,101,0,1
5892,719,436,2026-02-10 00:46:00,26,0,1
5893,705,174,2026-04-07 00:12:00,15,0,1
5894,409,242,2026-07-10 00:08:00,3,0,0
5895,344,191,2026-08-11 00:17:00,26,0,0
5896,761,50,2026-03-24 00:51:00,1,0,1
5897,1426,416,2026-07-07 00:48:00,1,0,0
5898,1152,112,2026-08-04 00:00:00,57,0,1
5899,501,171,2026-04-06 00:13:00,12,0,0
5900,21,146,2026-05-10 00:02:00,10,0,1
5901,1439,72,2026-02-26 00:28:00,14,1,0
5902,758,370,2026-08-31 00:39:00,34,0,0
5903,368,88,2026-07-11 00:41:00,31,0,0
5904,576,385,2026-06-21 00:47:00,19,0,1
5905,72,256,2025-10-10 00:47:00,14,0,0
5906,173,401,2025-12-30 00:51:00,18,0,1
5907,831,393,2026-08-02 00:55:00,5,0,0
5908,379,22,2026-02-21 00:01:00,6,0,0
5909,1024,60,2026-08-30 00:19:00,1,0,0
5910,1796,190,2026-06-06 00:44:00,16,0,1
5911,1544,53,2026-08-20 00:04:00,5,0,0
5912,1379,59,2026-07-10 00:47:00,17,0,0
5913,1137,326,2026-05-31 00:45:00,21,0,1
5914,1493,440,2026-06-10 00:08:00,15,0,0
5915,1608,323,2026-07-01 00:09:00,5,0,0
5916,1476,66,2025-11-13 00:57:00,1,0,1
5917,596,30,2026-02-16 00:15:00,11,0,0
5918,605,255,2026-07-31 00:18:00,5,0,0
5919,995,155,2026-05-09 00:56:00,1,0,0
5920,394,411,2026-08-07 00:49:00,42,0,0
5921,975,484,2026-07-31 00:07:00,13,0,0
5922,116,25,2026-05-23 00:08:00,48,0,1
5923,120,79,2025-09-23 00:48:00,5,0,1
5924,1220,421,2026-08-09 00:12:00,13,0,1
5925,1425,2,2026-03-25 00:59:00,3,0,0
5926,657,6,2026-07-02 00:47:00,14,0,0
5927,1703,265,2026-08-08 00:58:00,28,0,0
5928,90,291,2026-05-24 00:56:00,1,0,1
5929,152,244,2026-06-24 00:26:00,59,0,0
5930,1767,71,2026-06-29 00:16:00,2,0,1
5931,222,479,2026-06-05 00:30:00,19,0,0
5932,177,28,2026-08-28 00:03:00,3,0,1
5933,106,71,2025-09-22 00:03:00,24,0,1
5934,1532,43,2026-07-22 00:56:00,25,0,1
5935,776,64,2026-07-13 00:41:00,17,1,0
5936,1147,199,2026-07-27 00:16:00,1,0,1
5937,1320,51,2026-08-31 00:31:00,12,0,0
5938,478,106,2026-05-23 00:45:00,1,0,1
5939,957,228,2026-08-30 00:46:00,7,0,1
5940,610,84,2026-05-18 00:44:00,22,1,1
5941,716,260,2026-08-05 00:40:00,2,1,1
5942,1005,93,2026-02-09 00:04:00,6,0,1
5943,665,345,2026-08-16 00:06:00,4,0,0
5944,1334,323,2026-03-18 00:48:00,22,0,0
5945,391,161,2026-04-06 00:44:00,6,0,0
5946,24,1,2026-07-23 00:06:00,6,0,0
5947,112,177,2026-08-05 00:42:00,15,0,1
5948,553,487,2026-06-12 00:40:00,4,0,0
5949,22,376,2026-08-02 00:55:00,32,0,1
5950,1087,148,2026-08-12 00:59:00,7,0,0
5951,614,444,2026-09-01 00:29:00,16,0,1
5952,766,317,2026-05-04 00:41:00,2,0,0
5953,706,280,2026-05-21 00:51:00,24,1,1
5954,704,408,2026-07-07 00:47:00,23,0,0
5955,1017,335,2026-08-29 00:51:00,8,1,0
5956,1184,265,2025-12-22 00:28:00,33,0,1
5957,288,475,2026-01-07 00:47:00,30,0,1
5958,1744,44,2026-04-20 00:59:00,25,0,1
5959,1425,100,2025-12-09 00:52:00,8,0,0
5960,221,269,2026-02-25 00:48:00,2,0,0
5961,392,192,2026-08-23 00:06:00,5,0,0
5962,609,209,2026-07-16 00:58:00,38,0,0
5963,532,190,2026-06-08 00:58:00,80,0,0
5964,1355,146,2026-09-07 00:59:00,41,0,0
5965,739,418,2026-04-28 00:42:00,42,0,0
5966,546,20,2025-11-08 00:44:00,15,0,0
5967,1662,96,2026-07-21 00:36:00,16,0,1
5968,1338,324,2026-08-03 00:29:00,2,0,1
5969,1302,324,2026-07-23 00:28:00,41,0,0
5970,601,241,2026-04-06 00:10:00,15,0,1
5971,102,305,2026-04-20 00:17:00,4,0,1
5972,187,101,2026-05-16 00:32:00,15,0,0
5973,137,295,2026-02-18 00:27:00,12,0,1
5974,1412,257,2026-04-15 00:28:00,70,1,0
5975,405,128,2025-06-29 00:47:00,14,0,1
5976,170,84,2025-12-19 00:45:00,1,0,1
5977,1066,21,2026-01-14 00:27:00,9,0,1
5978,1340,117,2026-05-12 00:20:00,42,0,0
5979,889,277,2025-09-10 00:44:00,46,0,1
5980,380,369,2025-06-23 00:59:00,1,0,1
5981,1114,356,2026-06-26 00:06:00,5,0,1
5982,1224,333,2026-09-07 00:22:00,15,0,1
5983,955,250,2026-09-03 00:33:00,33,0,0
5984,1354,150,2026-07-12 00:24:00,17,0,0
5985,1394,48,2026-07-03 00:21:00,18,0,0
5986,916,327,2026-07-31 00:10:00,3,0,0
5987,805,121,2026-07-14 00:53:00,31,0,1
5988,30,382,2026-03-12 00:58:00,2,0,1
5989,54,473,2026-08-02 00:09:00,3,0,1
5990,1461,394,2026-07-10 00:27:00,9,0,0
5991,1173,173,2026-07-23 00:56:00,46,0,1
5992,957,193,2026-06-01 00:04:00,31,0,0
5993,1026,180,2026-07-09 00:18:00,17,0,1
5994,894,366,2025-06-28 00:07:00,5,0,0
5995,470,408,2025-08-24 00:28:00,10,0,1
5996,869,116,2025-10-12 00:45:00,1,1,0
5997,111,395,2026-05-14 00:06:00,24,0,0
5998,21,356,2026-06-27 00:00:00,1,0,0
5999,183,148,2025-10-17 00:37:00,27,0,0
6000,481,262,2025-10-08 00:33:00,14,0,0
6001,1636,268,2026-07-23 00:24:00,19,0,0
6002,638,233,2026-02-06 00:23:00,4,0,0
6003,1741,9,2026-08-16 00:02:00,16,0,0
6004,1644,348,2026-07-15 00:43:00,22,0,1
6005,163,124,2025-07-21 00:51:00,45,0,0
6006,1420,277,2026-03-22 00:52:00,4,0,1
6007,1639,92,2026-06-03 00:04:00,58,0,0
6008,407,471,2026-01-13 00:36:00,11,0,0
6009,1064,262,2026-05-06 00:36:00,1,1,1
6010,1209,117,2026-06-10 00:35:00,2,0,1
6011,642,283,2025-08-05 00:28:00,33,1,0
6012,643,412,2026-07-15 00:04:00,2,0,1
6013,1710,467,2026-09-06 00:26:00,2,0,0
6014,400,339,2026-07-04 00:50:00,2,0,0
6015,1448,481,2025-10-17 00:15:00,1,0,1
6016,1109,137,2026-06-16 00:36:00,28,0,1
6017,1132,424,2026-06-14 00:13:00,3,0,0
6018,1214,291,2026-04-12 00:42:00,42,0,0
6019,1433,256,2026-04-27 00:02:00,2,0,0
6020,1636,246,2026-07-20 00:01:00,1,0,0
6021,1554,260,2026-04-23 00:35:00,1,0,1
6022,719,80,2026-06-26 00:05:00,10,0,0
6023,231,367,2026-01-17 00:20:00,3,0,0
6024,630,435,2026-04-25 00:00:00,7,0,0
6025,151,491,2026-09-05 00:12:00,12,0,1
6026,1300,387,2025-08-15 00:51:00,51,0,1
6027,232,271,2025-11-08 00:44:00,8,0,0
6028,754,233,2026-03-19 00:36:00,4,0,0
6029,1489,42,2026-06-08 00:43:00,41,0,0
6030,640,411,2026-04-08 00:59:00,4,0,0
6031,12,53,2026-02-22 00:57:00,11,1,0
6032,1546,127,2026-06-21 00:45:00,33,0,0
6033,1628,459,2026-08-06 00:52:00,17,1,0
6034,1280,91,2026-02-28 00:54:00,15,0,1
6035,418,206,2026-04-28 00:10:00,16,0,0
6036,1519,200,2026-05-15 00:07:00,2,0,1
6037,1655,173,2026-09-07 00:30:00,5,0,0
6038,768,31,2026-08-10 00:01:00,7,0,0
6039,1438,94,2025-10-21 00:33:00,6,0,1
6040,1602,344,2026-05-19 00:31:00,2,0,0
6041,1434,459,2026-04-25 00:14:00,17,0,0
6042,901,106,2026-07-14 00:44:00,3,0,0
6043,909,398,2026-06-15 00:36:00,83,0,1
6044,568,127,2026-05-26 00:11:00,16,0,1
6045,350,437,2026-04-23 00:22:00,8,0,0
6046,1757,401,2026-08-16 00:07:00,29,0,1
6047,1055,278,2025-12-12 00:23:00,16,0,1
6048,343,223,2026-06-05 00:46:00,13,0,0
6049,115,246,2026-03-04 00:25:00,2,0,0
6050,1569,295,2026-06-26 00:19:00,60,0,1
6051,940,134,2026-08-22 00:08:00,31,0,1
6052,1472,294,2026-05-23 00:20:00,17,0,0
6053,434,169,2026-08-19 00:41:00,8,0,1
6054,168,126,2026-03-13 00:00:00,15,0,0
6055,1259,450,2026-07-25 00:19:00,16,0,0
6056,405,454,2025-12-31 00:15:00,37,0,1
6057,1742,147,2026-03-06 00:50:00,7,0,0
6058,312,255,2026-06-22 00:18:00,52,0,1
6059,1360,153,2026-02-01 00:50:00,7,0,1
6060,1016,178,2026-07-14 00:23:00,12,0,0
6061,1104,144,2026-08-30 00:42:00,13,0,1
6062,19,67,2025-12-01 00:25:00,13,0,0
6063,636,313,2026-07-08 00:23:00,1,0,0
6064,531,150,2026-04-02 00:46:00,22,0,1
6065,588,417,2026-09-03 00:02:00,28,0,1
6066,1658,15,2026-06-12 00:25:00,1,1,1
6067,239,97,2025-10-26 00:07:00,2,0,1
6068,1302,94,2026-05-01 00:21:00,37,0,0
6069,8,388,2025-09-09 00:14:00,38,0,1
6070,487,19,2026-08-25 00:53:00,59,0,1
6071,617,415,2026-03-25 00:03:00,8,0,0
6072,902,346,2025-10-21 00:29:00,18,0,1
6073,646,472,2026-06-23 00:34:00,1,1,0
6074,1226,323,2025-12-30 00:30:00,13,0,1
6075,690,241,2026-08-23 00:43:00,61,0,0
6076,1071,498,2026-07-30 00:12:00,71,0,0
6077,547,337,2025-12-16 00:25:00,7,0,1
6078,797,7,2026-02-18 00:39:00,16,0,0
6079,1523,282,2026-06-01 00:02:00,14,0,0
6080,1550,442,2026-05-03 00:09:00,3,0,1
6081,1675,128,2026-08-17 00:47:00,7,0,0
6082,1499,163,2026-08-01 00:51:00,32,0,0
6083,443,18,2026-06-19 00:38:00,1,0,1
6084,1326,340,2026-05-31 00:18:00,1,0,0
6085,1665,47,2025-09-18 00:21:00,3,0,0
6086,1407,368,2026-08-10 00:10:00,101,0,0
6087,497,432,2026-08-05 00:38:00,1,0,1
6088,1015,227,2026-01-24 00:05:00,11,0,0
6089,1202,97,2026-09-07 00:37:00,8,0,0
6090,1412,428,2025-11-04 00:13:00,20,0,1
6091,1583,378,2026-08-31 00:36:00,27,0,0
6092,410,213,2026-03-17 00:29:00,20,0,1
6093,365,183,2025-12-19 00:11:00,20,0,0
6094,177,165,2026-08-12 00:04:00,18,0,0
6095,1757,244,2026-04-23 00:43:00,29,0,0
6096,1024,153,2026-07-25 00:41:00,6,0,1
6097,758,172,2026-09-07 00:35:00,31,0,1
6098,1286,170,2026-04-24 00:28:00,10,0,0
6099,82,56,2026-08-03 00:08:00,1,0,0
6100,386,255,2026-08-16 00:08:00,12,0,0
6101,1401,370,2026-03-28 00:34:00,43,0,0
6102,1158,22,2025-09-25 00:33:00,25,0,0
6103,618,294,2026-06-26 00:41:00,27,0,1
6104,1695,20,2025-09-05 00:21:00,55,0,1
6105,1407,175,2026-09-04 00:44:00,1,0,1
6106,444,460,2026-04-01 00:41:00,1,0,1
6107,413,169,2026-06-17 00:26:00,52,0,1
6108,1376,18,2026-04-16 00:11:00,13,1,1
6109,906,39,2026-09-01 00:31:00,2,0,1
6110,480,139,2026-04-26 00:19:00,2,0,0
6111,781,121,2026-02-10 00:55:00,38,0,1
6112,1673,411,2026-04-10 00:55:00,1,0,0
6113,570,338,2026-06-10 00:10:00,29,0,0
6114,1670,124,2026-04-28 00:32:00,1,0,0
6115,1087,382,2026-08-30 00:20:00,8,1,1
6116,1451,352,2026-01-14 00:56:00,15,0,0
6117,1550,44,2026-05-22 00:24:00,19,0,0
6118,604,459,2026-08-29 00:24:00,5,0,1
6119,1512,288,2025-10-26 00:09:00,17,0,0
6120,284,240,2026-02-09 00:06:00,11,0,1
6121,635,349,2026-03-02 00:54:00,2,0,0
6122,159,123,2026-08-23 00:22:00,11,0,1
6123,333,197,2026-08-12 00:23:00,41,0,0
6124,862,17,2026-03-23 00:53:00,17,0,1
6125,547,151,2026-03-29 00:00:00,30,0,1
6126,1032,449,2026-06-11 00:37:00,33,0,1
6127,1086,403,2025-06-10 00:28:00,12,0,1
6128,1270,260,2026-08-17 00:45:00,23,0,0
6129,905,479,2025-10-21 00:52:00,7,0,0
6130,1004,490,2025-04-26 00:30:00,37,0,1
6131,1392,377,2026-07-20 00:24:00,29,0,1
6132,89,414,2026-06-10 00:52:00,22,0,1
6133,942,83,2025-04-06 00:10:00,20,0,1
6134,779,454,2026-03-11 00:56:00,22,0,1
6135,428,392,2025-05-11 00:32:00,9,0,0
6136,638,354,2026-03-08 00:12:00,25,0,0
6137,1481,388,2026-08-23 00:05:00,1,0,1
6138,1602,19,2026-03-03 00:11:00,3,0,1
6139,827,113,2026-08-28 00:12:00,15,0,1
6140,1430,138,2026-06-03 00:14:00,33,0,1
6141,1183,144,2025-10-04 00:57:00,3,0,0
6142,1261,249,2026-04-17 00:10:00,13,0,1
6143,153,245,2026-09-01 00:17:00,1,0,1
6144,850,331,2026-08-15 00:06:00,14,0,1
6145,779,463,2026-08-20 00:00:00,28,0,0
6146,398,4,2026-05-14 00:45:00,9,0,0
6147,777,101,2025-08-29 00:28:00,10,0,0
6148,773,178,2026-05-19 00:26:00,21,0,0
6149,943,334,2025-07-07 00:25:00,1,0,1
6150,563,215,2026-07-22 00:52:00,10,0,0
6151,362,1,2026-09-04 00:41:00,14,1,1
6152,742,427,2026-08-28 00:23:00,2,0,0
6153,1674,365,2026-08-03 00:21:00,33,0,0
6154,418,264,2026-04-03 00:57:00,5,0,0
6155,1285,314,2026-06-15 00:06:00,1,0,0
6156,771,50,2025-11-08 00:25:00,9,0,1
6157,1621,448,2026-07-19 00:12:00,3,0,1
6158,147,127,2026-05-29 00:42:00,21,0,0
6159,1594,250,2026-08-12 00:42:00,21,0,1
6160,1535,267,2026-08-08 00:24:00,13,0,0
6161,846,40,2026-03-01 00:55:00,33,0,0
6162,1400,112,2026-08-14 00:35:00,8,0,0
6163,184,296,2026-08-08 00:55:00,23,0,0
6164,522,94,2025-07-19 00:47:00,5,0,0
6165,287,168,2025-10-03 00:44:00,18,1,0
6166,1102,351,2026-03-13 00:06:00,33,0,0
6167,1334,242,2026-08-05 00:45:00,1,0,0
6168,754,201,2026-01-01 00:52:00,12,0,0
6169,734,229,2026-07-19 00:06:00,1,1,0
6170,1008,408,2026-03-02 00:40:00,1,0,0
6171,1519,197,2026-02-28 00:21:00,70,0,1
6172,514,129,2026-02-28 00:40:00,27,0,1
6173,812,94,2026-08-29 00:35:00,33,0,0
6174,1401,407,2026-02-08 00:08:00,8,0,1
6175,1607,178,2026-05-03 00:19:00,26,0,0
6176,567,401,2026-06-17 00:45:00,98,0,0
6177,477,294,2025-12-27 00:45:00,4,0,1
6178,1054,450,2025-10-03 00:56:00,30,0,0
6179,881,454,2026-09-07 00:29:00,8,0,1
6180,980,196,2026-08-10 00:27:00,42,0,1
6181,1033,89,2026-04-29 00:33:00,8,0,0
6182,1424,129,2026-08-04 00:12:00,4,1,1
6183,1582,352,2026-04-20 00:18:00,1,0,0
6184,1086,46,2026-08-30 00:48:00,21,0,0
6185,202,323,2026-07-20 00:22:00,33,1,0
6186,942,482,2025-07-25 00:35:00,5,0,1
6187,1533,159,2026-06-12 00:24:00,3,0,1
6188,343,246,2026-08-05 00:35:00,5,0,1
6189,821,94,2026-08-26 00:06:00,30,0,0
6190,1136,117,2026-07-03 00:09:00,45,0,0
6191,93,297,2026-09-03 00:18:00,13,0,1
6192,1679,467,2026-02-09 00:22:00,19,1,0
6193,1463,280,2025-11-19 00:22:00,1,0,0
6194,1611,308,2026-03-16 00:21:00,30,0,0
6195,351,40,2025-11-27 00:29:00,19,0,0
6196,972,423,2026-09-02 00:48:00,1,0,1
6197,1497,131,2026-09-05 00:00:00,41,0,0
6198,947,28,2026-03-30 00:24:00,2,0,1
6199,1390,112,2026-02-22 00:37:00,16,0,0
6200,1347,66,2026-06-01 00:04:00,7,0,0
6201,1046,470,2025-11-11 00:57:00,34,0,0
6202,1485,479,2026-09-03 00:01:00,1,0,1
6203,1638,133,2026-08-26 00:06:00,8,0,1
6204,328,332,2026-06-09 00:14:00,8,0,0
6205,1293,400,2026-07-11 00:36:00,50,0,0
6206,698,162,2026-06-08 00:16:00,18,0,0
6207,723,225,2026-05-23 00:06:00,51,0,1
6208,815,324,2026-08-15 00:14:00,31,0,0
6209,260,240,2026-05-23 00:03:00,1,0,0
6210,304,12,2025-07-15 00:24:00,1,0,0
6211,1611,357,2025-09-01 00:08:00,9,1,1
6212,1329,166,2026-07-10 00:40:00,10,0,0
6213,51,15,2025-11-02 00:27:00,10,0,1
6214,570,92,2025-09-29 00:03:00,19,0,0
6215,794,111,2026-08-23 00:52:00,28,0,0
6216,1298,272,2026-05-29 00:11:00,1,0,0
6217,1557,83,2026-07-22 00:02:00,9,0,1
6218,583,20,2026-08-17 00:40:00,39,0,0
6219,1072,244,2025-10-24 00:32:00,17,0,1
6220,1656,281,2025-11-12 00:20:00,79,0,1
6221,628,82,2026-06-16 00:15:00,13,0,0
6222,928,295,2026-08-15 00:51:00,38,0,1
6223,1745,374,2026-08-12 00:19:00,40,0,0
6224,1322,408,2026-09-06 00:06:00,44,1,1
6225,1179,402,2026-05-17 00:48:00,56,1,1
6226,1398,392,2026-04-25 00:41:00,10,0,1
6227,48,156,2026-05-07 00:01:00,4,0,0
6228,1550,62,2026-07-10 00:57:00,32,0,1
6229,719,380,2026-04-18 00:02:00,46,0,0
6230,530,37,2026-09-07 00:13:00,30,0,0
6231,331,465,2026-01-02 00:12:00,22,0,0
6232,1372,424,2026-09-07 00:25:00,53,0,1
6233,1679,125,2025-06-12 00:25:00,2,0,1
6234,56,167,2025-12-05 00:58:00,2,0,1
6235,129,168,2026-08-23 00:18:00,28,0,0
6236,123,150,2025-11-20 00:46:00,14,0,0
6237,172,16,2026-09-07 00:54:00,15,0,0
6238,1099,88,2026-06-12 00:29:00,4,0,0
6239,317,21,2026-02-16 00:35:00,29,0,1
6240,1173,467,2026-09-03 00:43:00,15,0,0
6241,1762,296,2026-08-06 00:42:00,104,0,0
6242,1174,180,2026-07-10 00:36:00,20,0,1
6243,267,358,2026-07-19 00:03:00,2,0,0
6244,1468,415,2026-02-24 00:13:00,10,0,0
6245,106,283,2025-08-21 00:45:00,20,0,1
6246,22,31,2025-06-09 00:02:00,11,0,0
6247,1525,20,2026-05-02 00:17:00,1,0,1
6248,1556,459,2026-06-19 00:17:00,13,0,1
6249,153,431,2026-08-30 00:33:00,4,0,1
6250,303,491,2026-03-22 00:10:00,1,0,0
6251,681,108,2026-08-08 00:07:00,49,0,0
6252,1553,65,2026-08-10 00:57:00,73,0,0
6253,1080,439,2025-11-04 00:56:00,6,0,0
6254,1315,240,2025-07-12 00:02:00,23,0,1
6255,974,114,2025-12-05 00:28:00,8,0,1
6256,509,172,2026-08-22 00:59:00,4,0,1
6257,717,369,2025-12-27 00:20:00,1,0,1
6258,978,180,2026-09-02 00:25:00,13,0,0
6259,603,317,2026-08-25 00:43:00,28,0,0
6260,537,347,2025-06-05 00:36:00,13,1,1
6261,1700,59,2026-07-07 00:53:00,83,0,0
6262,683,62,2026-01-07 00:57:00,10,0,0
6263,1026,445,2026-08-24 00:03:00,33,0,1
6264,115,292,2026-08-12 00:03:00,8,0,0
6265,447,331,2026-07-08 00:32:00,8,0,1
6266,1076,31,2026-09-07 00:24:00,7,1,0
6267,164,73,2025-08-31 00:12:00,21,0,0
6268,1491,6,2026-08-07 00:57:00,10,0,0
6269,990,259,2026-05-30 00:14:00,3,0,0
6270,88,150,2026-08-13 00:23:00,36,0,1
6271,1390,143,2026-05-25 00:34:00,23,0,0
6272,736,109,2026-06-15 00:26:00,7,0,0
6273,1308,22,2026-07-22 00:10:00,8,1,1
6274,699,337,2026-08-29 00:07:00,1,0,0
6275,365,481,2026-03-29 00:11:00,12,0,0
6276,1696,436,2026-06-26 00:08:00,12,0,1
6277,1403,255,2025-11-05 00:39:00,6,0,1
6278,373,451,2026-08-29 00:49:00,77,0,0
6279,235,272,2025-09-28 00:38:00,36,0,1
6280,939,207,2026-03-21 00:28:00,1,0,1
6281,110,245,2026-08-16 00:44:00,1,0,0
6282,281,118,2026-07-12 00:43:00,3,0,0
6283,886,117,2026-02-03 00:01:00,22,0,0
6284,1311,2,2025-08-06 00:37:00,21,0,0
6285,85,187,2025-10-05 00:06:00,51,0,1
6286,306,412,2026-04-11 00:22:00,7,0,1
6287,1454,233,2026-03-01 00:47:00,46,0,1
6288,138,41,2026-01-01 00:48:00,5,0,0
6289,498,90,2026-04-13 00:39:00,29,0,0
6290,1394,154,2026-06-04 00:06:00,9,0,0
6291,947,29,2026-07-16 00:05:00,50,0,0
6292,1442,243,2026-08-20 00:05:00,7,0,1
6293,1585,32,2026-02-12 00:27:00,18,0,1
6294,1365,101,2026-05-15 00:51:00,21,0,1
6295,119,349,2026-09-04 00:18:00,2,1,1
6296,615,47,2026-07-09 00:04:00,8,1,1
6297,189,219,2026-02-22 00:23:00,56,0,0
6298,496,323,2026-01-06 00:14:00,6,0,0
6299,731,391,2025-06-05 00:23:00,10,0,0
6300,459,190,2026-06-11 00:12:00,8,0,0
6301,558,480,2026-03-02 00:24:00,7,0,1
6302,1252,196,2026-03-04 00:36:00,6,0,1
6303,773,313,2026-06-05 00:16:00,14,0,1
6304,1057,274,2026-05-19 00:49:00,3,0,1
6305,458,294,2026-08-07 00:21:00,14,0,1
6306,1796,405,2026-03-17 00:52:00,37,0,1
6307,1162,398,2026-02-28 00:39:00,35,0,0
6308,1200,131,2026-02-14 00:40:00,37,0,0
6309,907,35,2026-03-25 00:53:00,4,0,0
6310,1676,36,2026-06-24 00:19:00,2,0,0
6311,888,425,2026-07-08 00:01:00,2,0,0
6312,252,403,2026-06-05 00:04:00,5,0,1
6313,800,446,2026-09-05 00:23:00,3,0,1
6314,1013,46,2026-06-26 00:17:00,35,0,0
6315,738,44,2026-07-18 00:06:00,24,0,1
6316,446,190,2026-09-04 00:37:00,2,0,1
6317,1656,348,2026-04-13 00:37:00,20,0,0
6318,270,84,2026-01-26 00:18:00,22,0,1
6319,258,270,2026-02-06 00:56:00,5,0,1
6320,1274,81,2026-03-04 00:56:00,3,0,1
6321,324,360,2026-06-17 00:39:00,28,0,1
6322,407,231,2026-01-29 00:22:00,33,0,1
6323,1354,368,2026-08-23 00:52:00,17,0,0
6324,895,482,2026-07-19 00:01:00,61,0,0
6325,1310,125,2025-12-13 00:59:00,26,0,0
6326,1177,91,2026-01-25 00:09:00,3,0,1
6327,1084,381,2026-09-03 00:26:00,18,0,1
6328,1641,206,2025-09-15 00:40:00,11,0,0
6329,162,76,2026-02-04 00:35:00,1,0,1
6330,216,394,2026-06-05 00:44:00,2,0,1
6331,140,263,2025-08-10 00:53:00,64,0,0
6332,853,383,2026-06-03 00:32:00,40,0,1
6333,358,493,2025-05-31 00:03:00,35,0,1
6334,769,345,2026-07-17 00:36:00,4,0,1
6335,659,63,2026-04-24 00:22:00,16,0,0
6336,695,349,2026-07-03 00:08:00,76,0,0
6337,98,325,2026-09-06 00:27:00,15,0,1
6338,1547,381,2025-11-30 00:22:00,41,0,1
6339,1399,114,2026-08-16 00:11:00,5,0,0
6340,71,374,2025-12-15 00:49:00,33,0,1
6341,1229,408,2026-07-30 00:35:00,57,1,0
6342,317,416,2026-07-10 00:25:00,9,0,1
6343,1690,171,2026-05-07 00:58:00,1,0,0
6344,348,417,2026-07-21 00:38:00,19,1,1
6345,84,216,2026-04-13 00:20:00,8,0,1
6346,1179,406,2026-03-30 00:22:00,27,0,0
6347,322,235,2026-07-14 00:08:00,4,0,0
6348,1737,191,2025-07-21 00:43:00,2,0,0
6349,290,239,2026-04-03 00:09:00,29,1,0
6350,25,176,2026-04-18 00:26:00,12,0,0
6351,939,107,2025-07-29 00:39:00,15,0,0
6352,1373,263,2025-07-19 00:34:00,7,1,0
6353,152,170,2026-08-25 00:05:00,1,0,0
6354,1447,31,2026-06-29 00:38:00,9,0,1
6355,422,102,2026-05-16 00:55:00,13,0,1
6356,1485,247,2026-08-03 00:17:00,11,0,1
6357,296,201,2026-08-25 00:03:00,1,0,1
6358,1275,147,2026-08-31 00:08:00,8,0,0
6359,95,440,2026-01-20 00:59:00,13,1,0
6360,1787,30,2026-09-06 00:52:00,21,0,1
6361,966,57,2026-06-26 00:37:00,19,0,0
6362,1121,117,2026-06-24 00:02:00,42,0,0
6363,687,253,2026-05-18 00:38:00,1,0,1
6364,1309,201,2026-08-14 00:17:00,15,0,0
6365,916,431,2026-07-19 00:52:00,4,0,0
6366,951,309,2026-03-29 00:37:00,17,0,1
6367,136,493,2026-09-02 00:06:00,14,1,0
6368,1167,34,2026-08-06 00:00:00,20,0,1
6369,233,46,2025-06-20 00:01:00,25,0,1
6370,346,96,2026-02-17 00:05:00,2,0,1
6371,1719,70,2025-09-21 00:44:00,32,0,0
6372,83,256,2026-02-24 00:55:00,31,1,0
6373,1112,330,2026-05-28 00:15:00,3,0,1
6374,1232,198,2026-09-03 00:12:00,15,0,0
6375,490,394,2026-04-06 00:20:00,27,0,0
6376,1005,30,2026-03-21 00:40:00,47,1,1
6377,1323,296,2026-09-07 00:20:00,5,0,0
6378,599,37,2026-07-05 00:43:00,3,0,0
6379,335,196,2026-04-09 00:36:00,21,0,0
6380,1019,45,2026-08-04 00:37:00,4,0,0
6381,245,356,2026-08-30 00:36:00,3,0,0
6382,165,267,2026-08-15 00:55:00,26,0,0
6383,920,453,2026-02-25 00:12:00,21,0,0
6384,55,479,2026-08-16 00:49:00,19,0,0
6385,655,485,2026-05-03 00:57:00,2,0,0
6386,275,83,2025-07-15 00:46:00,16,0,1
6387,796,288,2026-08-06 00:06:00,28,0,0
6388,1745,361,2025-11-16 00:55:00,37,0,0
6389,64,291,2026-01-14 00:03:00,27,0,0
6390,858,131,2026-08-18 00:59:00,23,0,0
6391,184,261,2026-08-23 00:23:00,17,0,1
6392,1156,346,2025-04-17 00:06:00,30,0,0
6393,1181,442,2025-09-17 00:01:00,28,0,0
6394,1279,451,2026-05-14 00:46:00,1,0,1
6395,822,467,2025-12-17 00:30:00,13,0,0
6396,1622,72,2025-08-12 00:49:00,3,0,0
6397,1296,200,2025-12-30 00:50:00,10,0,0
6398,849,276,2026-06-09 00:12:00,14,1,1
6399,781,326,2026-01-25 00:28:00,55,0,1
6400,990,146,2026-05-29 00:26:00,45,0,1
6401,489,97,2026-01-19 00:35:00,4,0,1
6402,68,406,2026-02-26 00:18:00,2,1,1
6403,1037,376,2025-10-24 00:55:00,21,0,0
6404,350,193,2026-03-29 00:41:00,8,1,0
6405,488,438,2026-07-14 00:34:00,23,0,0
6406,700,41,2026-04-09 00:00:00,15,0,0
6407,1796,328,2026-07-19 00:55:00,39,0,0
6408,27,127,2026-06-16 00:59:00,1,0,1
6409,486,333,2026-04-07 00:12:00,1,0,1
6410,1203,144,2026-02-07 00:55:00,23,0,1
6411,1399,192,2026-08-31 00:51:00,58,0,1
6412,888,263,2026-08-17 00:21:00,15,0,1
6413,1001,320,2026-01-29 00:18:00,23,0,1
6414,712,99,2026-07-27 00:16:00,17,0,0
6415,574,373,2025-08-25 00:37:00,10,1,1
6416,1787,254,2026-09-01 00:52:00,1,0,0
6417,40,233,2026-06-14 00:54:00,18,0,0
6418,55,471,2026-08-31 00:46:00,15,0,0
6419,1213,316,2026-02-24 00:51:00,5,0,0
6420,1761,419,2026-03-15 00:23:00,1,1,1
6421,523,119,2026-03-11 00:01:00,31,0,1
6422,157,190,2026-01-13 00:26:00,73,0,0
6423,275,24,2026-08-04 00:01:00,26,0,1
6424,94,253,2026-09-06 00:35:00,8,0,0
6425,1577,219,2026-08-06 00:08:00,3,0,0
6426,1700,158,2025-11-26 00:50:00,3,0,1
6427,1499,470,2026-04-24 00:42:00,15,0,0
6428,662,225,2025-12-24 00:11:00,5,0,1
6429,675,131,2026-05-18 00:26:00,2,0,1
6430,1209,39,2026-02-04 00:01:00,8,0,1
6431,599,118,2026-07-18 00:29:00,40,0,0
6432,653,80,2025-07-02 00:19:00,1,0,1
6433,1491,310,2026-08-16 00:50:00,21,1,1
6434,578,235,2026-07-14 00:19:00,5,0,0
6435,758,370,2026-09-05 00:57:00,4,0,0
6436,977,381,2025-12-25 00:14:00,29,0,1
6437,1059,375,2025-12-16 00:02:00,67,0,1
6438,166,382,2026-05-14 00:58:00,1,1,0
6439,339,26,2026-03-06 00:15:00,13,1,0
6440,809,103,2025-11-15 00:41:00,1,0,0
6441,67,402,2026-01-18 00:54:00,22,0,0
6442,791,396,2026-09-02 00:33:00,44,0,0
6443,845,382,2026-08-19 00:03:00,5,0,0
6444,403,194,2026-04-06 00:00:00,33,0,0
6445,657,43,2026-06-08 00:10:00,20,0,0
6446,1234,427,2026-07-18 00:09:00,1,0,0
6447,88,383,2026-08-20 00:22:00,18,0,1
6448,433,6,2026-08-28 00:26:00,54,0,1
6449,7,344,2025-07-24 00:42:00,1,1,0
6450,843,59,2026-07-25 00:18:00,6,0,1
6451,1379,282,2025-11-02 00:57:00,61,0,0
6452,723,327,2026-02-16 00:11:00,4,0,0
6453,65,96,2026-07-03 00:09:00,5,0,0
6454,769,310,2026-03-17 00:04:00,17,0,1
6455,1661,248,2025-12-09 00:20:00,19,0,1
6456,1780,325,2026-09-01 00:16:00,7,0,0
6457,798,173,2026-02-06 00:00:00,39,0,0
6458,1689,279,2026-07-21 00:59:00,24,0,1
6459,763,471,2026-08-08 00:38:00,2,0,0
6460,1743,246,2026-03-15 00:00:00,1,0,0
6461,1395,273,2026-08-23 00:52:00,7,0,1
6462,1422,74,2026-04-03 00:01:00,16,0,0
6463,1798,468,2026-09-04 00:50:00,1,0,0
6464,1329,68,2026-08-18 00:57:00,13,0,1
6465,810,13,2026-01-19 00:13:00,45,0,0
6466,1651,97,2026-07-08 00:38:00,58,0,0
6467,374,35,2026-09-06 00:57:00,4,0,0
6468,459,374,2026-05-21 00:52:00,3,0,0
6469,437,166,2026-09-05 00:39:00,11,0,1
6470,1523,258,2026-06-21 00:34:00,62,1,0
6471,1047,281,2026-04-25 00:53:00,27,0,0
6472,1314,140,2026-06-11 00:13:00,2,0,0
6473,192,5,2026-06-16 00:34:00,1,0,1
6474,1793,493,2026-08-26 00:51:00,5,0,1
6475,1422,105,2026-04-10 00:36:00,8,0,0
6476,596,193,2026-08-22 00:09:00,29,0,1
6477,1567,447,2026-05-04 00:59:00,87,0,0
6478,1769,247,2026-06-20 00:17:00,23,0,1
6479,330,384,2026-05-07 00:18:00,33,0,1
6480,601,431,2026-06-01 00:00:00,8,1,0
6481,1482,92,2026-09-04 00:31:00,10,0,0
6482,1012,189,2026-07-25 00:44:00,1,0,1
6483,167,342,2025-09-07 00:54:00,10,1,1
6484,97,290,2025-12-20 00:04:00,5,0,0
6485,212,441,2025-10-16 00:25:00,15,0,0
6486,662,259,2026-01-25 00:21:00,7,1,0
6487,329,447,2026-08-08 00:12:00,9,0,0
6488,1105,334,2026-07-28 00:45:00,20,0,0
6489,496,415,2025-08-01 00:23:00,4,0,1
6490,504,384,2026-06-30 00:48:00,26,0,1
6491,1295,110,2026-05-11 00:15:00,14,0,1
6492,864,471,2026-07-05 00:19:00,27,0,0
6493,183,167,2025-12-07 00:03:00,9,0,0
6494,56,344,2025-11-03 00:52:00,4,0,1
6495,466,419,2026-09-01 00:59:00,13,0,1
6496,567,360,2025-11-09 00:32:00,28,0,1
6497,114,19,2026-07-30 00:29:00,30,0,1
6498,1307,364,2026-04-04 00:10:00,18,0,0
6499,1178,417,2026-06-02 00:53:00,25,0,1
6500,646,476,2025-10-26 00:19:00,10,0,0
6501,114,144,2026-07-19 00:24:00,12,0,0
6502,1756,278,2026-07-02 00:48:00,1,0,1
6503,649,192,2026-08-19 00:10:00,17,0,1
6504,767,477,2026-07-13 00:31:00,3,0,0
6505,107,356,2026-05-18 00:07:00,4,0,0
6506,612,375,2026-01-08 00:42:00,26,0,0
6507,1191,264,2026-07-12 00:31:00,43,0,1
6508,1646,489,2026-09-01 00:46:00,64,0,0
6509,128,47,2026-04-15 00:51:00,1,0,0
6510,283,147,2026-02-20 00:49:00,30,0,0
6511,1583,387,2026-06-21 00:45:00,14,0,1
6512,1755,480,2026-08-04 00:09:00,13,0,1
6513,571,52,2026-07-24 00:25:00,5,0,1
6514,1362,237,2026-06-08 00:54:00,5,0,0
6515,951,201,2026-08-29 00:34:00,1,0,0
6516,1336,226,2026-04-30 00:21:00,4,0,0
6517,641,191,2025-12-17 00:07:00,1,0,0
6518,159,14,2026-04-29 00:38:00,73,0,1
6519,1489,95,2026-06-28 00:27:00,13,0,0
6520,1445,229,2026-07-13 00:59:00,5,0,1
6521,1482,246,2026-08-27 00:27:00,16,0,0
6522,1759,99,2026-08-28 00:19:00,57,0,1
6523,1126,64,2026-08-30 00:49:00,3,0,0
6524,824,49,2025-11-20 00:31:00,55,0,0
6525,826,122,2026-02-09 00:28:00,1,0,0
6526,1755,343,2026-07-03 00:43:00,10,0,0
6527,1668,443,2026-03-25 00:05:00,45,0,0
6528,341,66,2026-05-02 00:39:00,31,0,0
6529,1298,232,2026-04-29 00:38:00,24,0,0
6530,735,53,2026-06-04 00:22:00,9,0,1
6531,1105,304,2026-08-31 00:31:00,20,1,1
6532,27,381,2026-05-15 00:32:00,4,0,1
6533,861,319,2026-08-16 00:02:00,3,0,1
6534,991,145,2025-07-08 00:21:00,8,0,0
6535,79,328,2026-02-03 00:58:00,4,0,1
6536,1629,93,2026-06-29 00:42:00,9,0,1
6537,1667,153,2026-08-02 00:05:00,10,0,0
6538,1007,106,2026-04-11 00:17:00,71,0,0
6539,1198,448,2026-07-16 00:00:00,20,0,0
6540,473,267,2026-01-29 00:07:00,22,0,1
6541,1322,72,2026-09-07 00:15:00,17,0,0
6542,785,332,2026-08-31 00:41:00,42,0,0
6543,1289,184,2026-08-29 00:45:00,1,0,1
6544,407,399,2026-01-23 00:26:00,21,0,1
6545,196,104,2026-08-03 00:55:00,8,0,1
6546,1645,71,2026-07-29 00:00:00,7,0,0
6547,1209,98,2026-03-13 00:26:00,13,0,0
6548,442,211,2026-04-15 00:33:00,2,0,0
6549,162,107,2026-01-10 00:43:00,12,0,0
6550,618,456,2026-08-10 00:04:00,11,0,1
6551,335,201,2025-12-16 00:00:00,43,1,0
6552,452,356,2025-12-10 00:48:00,23,0,1
6553,661,492,2026-02-05 00:09:00,5,0,1
6554,548,94,2026-06-19 00:20:00,40,0,0
6555,201,137,2025-12-04 00:50:00,34,0,1
6556,966,212,2026-05-02 00:12:00,51,0,0
6557,1208,354,2026-01-10 00:59:00,1,0,0
6558,1438,171,2026-08-21 00:40:00,26,0,0
6559,1372,456,2026-09-07 00:19:00,4,0,0
6560,707,247,2026-03-29 00:13:00,38,0,1
6561,1715,371,2026-08-20 00:19:00,1,0,0
6562,1566,500,2026-09-05 00:59:00,40,0,1
6563,721,202,2026-07-29 00:21:00,8,0,0
6564,1690,410,2026-07-08 00:02:00,12,0,1
6565,724,45,2026-01-28 00:34:00,1,0,0
6566,15,199,2026-09-01 00:37:00,22,0,0
6567,562,11,2026-08-23 00:32:00,12,0,1
6568,1767,99,2026-08-26 00:38:00,32,0,1
6569,1287,481,2026-03-17 00:58:00,35,0,0
6570,1744,85,2026-05-24 00:54:00,57,1,0
6571,161,181,2026-03-08 00:22:00,30,0,0
6572,1243,142,2026-07-07 00:20:00,8,0,0
6573,739,262,2026-04-23 00:37:00,9,0,0
6574,1442,329,2026-08-17 00:06:00,34,0,0
6575,1582,67,2026-08-18 00:07:00,22,0,0
6576,1086,471,2025-11-28 00:19:00,2,0,0
6577,520,318,2026-07-30 00:29:00,8,0,1
6578,20,273,2026-06-20 00:21:00,45,0,1
6579,1066,462,2026-07-28 00:08:00,31,0,0
6580,1323,171,2026-09-04 00:06:00,15,0,1
6581,1700,147,2025-12-01 00:48:00,24,0,1
6582,968,328,2026-07-23 00:44:00,15,0,0
6583,1129,152,2026-06-03 00:41:00,80,0,1
6584,1182,136,2026-07-24 00:59:00,2,0,0
6585,1169,244,2026-04-19 00:55:00,34,0,0
6586,998,129,2026-07-14 00:36:00,6,1,1
6587,789,300,2025-09-25 00:37:00,32,0,1
6588,1454,127,2026-07-16 00:35:00,9,0,0
6589,1542,463,2026-09-07 00:56:00,6,0,0
6590,719,292,2026-01-15 00:31:00,15,0,0
6591,202,451,2026-06-22 00:38:00,11,0,0
6592,1035,423,2026-03-18 00:21:00,3,0,1
6593,420,185,2026-09-06 00:45:00,7,0,1
6594,256,258,2026-04-22 00:01:00,67,0,0
6595,1209,359,2026-02-09 00:06:00,7,0,0
6596,51,364,2026-07-01 00:16:00,2,0,0
6597,284,327,2026-06-24 00:55:00,8,0,1
6598,870,451,2026-08-13 00:53:00,8,0,0
6599,1057,5,2026-01-19 00:57:00,9,0,0
6600,1700,431,2025-12-03 00:52:00,15,0,0
6601,39,383,2025-09-07 00:34:00,27,0,0
6602,146,2,2026-07-07 00:41:00,10,0,1
6603,188,472,2026-07-12 00:51:00,5,0,0
6604,78,249,2026-06-23 00:15:00,3,0,1
6605,911,476,2026-09-06 00:25:00,10,0,0
6606,447,11,2026-07-23 00:51:00,52,0,0
6607,1380,340,2026-08-25 00:39:00,12,0,0
6608,1490,187,2026-08-31 00:55:00,87,0,1
6609,715,383,2026-06-22 00:30:00,2,0,1
6610,54,79,2026-07-08 00:35:00,21,0,1
6611,130,150,2026-06-04 00:35:00,41,0,1
6612,425,305,2026-06-29 00:23:00,14,0,0
6613,1667,83,2026-03-04 00:10:00,30,0,1
6614,1384,470,2026-06-30 00:43:00,18,0,0
6615,68,370,2026-06-25 00:20:00,30,0,0
6616,9,460,2026-07-21 00:11:00,1,0,0
6617,1257,363,2026-07-27 00:49:00,3,0,0
6618,42,11,2026-07-03 00:01:00,20,0,1
6619,675,298,2026-06-06 00:29:00,34,0,1
6620,702,103,2026-08-01 00:07:00,2,0,1
6621,1628,99,2026-04-11 00:38:00,53,0,0
6622,885,314,2026-06-15 00:13:00,7,0,1
6623,1792,382,2026-06-03 00:52:00,7,0,1
6624,679,500,2025-10-28 00:50:00,5,0,1
6625,435,379,2026-08-27 00:02:00,39,0,0
6626,421,26,2026-06-30 00:09:00,61,0,0
6627,117,57,2026-08-12 00:00:00,3,0,0
6628,249,335,2026-08-13 00:38:00,1,0,0
6629,536,393,2026-02-17 00:43:00,21,0,0
6630,153,412,2026-09-07 00:25:00,35,0,0
6631,689,164,2026-04-30 00:47:00,1,0,1
6632,1266,313,2026-04-13 00:00:00,37,0,0
6633,1332,459,2026-05-30 00:31:00,17,0,0
6634,1417,332,2026-04-18 00:38:00,33,0,0
6635,135,352,2025-10-09 00:17:00,21,0,0
6636,328,440,2026-08-22 00:23:00,1,0,0
6637,1384,431,2026-07-28 00:05:00,2,0,0
6638,1696,238,2026-07-16 00:44:00,30,1,0
6639,1531,132,2026-09-03 00:36:00,24,0,0
6640,1576,478,2026-08-21 00:57:00,8,0,1
6641,1177,475,2025-11-07 00:51:00,1,0,0
6642,89,396,2026-08-27 00:28:00,4,0,1
6643,1070,386,2026-09-06 00:20:00,94,0,0
6644,1399,8,2026-08-15 00:43:00,13,0,1
6645,535,177,2026-08-20 00:19:00,5,0,0
6646,1554,464,2025-11-29 00:06:00,37,0,1
6647,351,474,2026-08-14 00:23:00,7,0,0
6648,1066,170,2026-04-15 00:47:00,33,0,0
6649,1529,379,2026-07-31 00:03:00,3,0,1
6650,1041,460,2026-03-21 00:59:00,6,0,1
6651,403,122,2026-02-10 00:42:00,22,0,1
6652,385,312,2026-08-21 00:30:00,9,0,0
6653,1281,400,2026-03-09 00:11:00,21,0,1
6654,753,463,2026-05-06 00:00:00,38,0,0
6655,1030,251,2026-03-19 00:26:00,27,0,0
6656,1732,361,2026-08-19 00:40:00,15,0,1
6657,254,121,2026-03-15 00:32:00,44,1,0
6658,1088,159,2026-06-11 00:41:00,1,0,1
6659,709,309,2025-09-16 00:49:00,6,0,0
6660,1227,333,2026-07-26 00:47:00,13,0,0
6661,1611,284,2026-03-31 00:12:00,25,0,0
6662,1683,439,2026-08-30 00:07:00,25,0,1
6663,1567,145,2025-10-24 00:54:00,9,0,0
6664,528,232,2026-06-07 00:45:00,6,0,0
6665,418,488,2026-05-13 00:59:00,21,0,1
6666,245,183,2025-11-16 00:36:00,16,0,1
6667,411,294,2026-07-15 00:47:00,8,0,0
6668,688,309,2025-12-09 00:18:00,1,0,0
6669,1647,439,2026-06-10 00:41:00,39,0,0
6670,1062,230,2026-07-11 00:58:00,7,0,1
6671,152,374,2026-06-24 00:09:00,25,0,1
6672,1083,124,2026-07-07 00:39:00,42,0,1
6673,357,216,2026-06-24 00:21:00,5,0,0
6674,1327,324,2026-05-31 00:35:00,16,0,1
6675,1100,437,2026-06-07 00:00:00,5,0,0
6676,511,423,2026-04-08 00:22:00,41,0,0
6677,788,96,2026-06-20 00:16:00,98,0,1
6678,317,263,2026-03-31 00:55:00,10,0,1
6679,278,274,2026-03-24 00:42:00,85,0,0
6680,1589,117,2026-04-14 00:42:00,14,0,1
6681,1234,203,2026-07-02 00:22:00,93,0,0
6682,259,196,2026-05-29 00:38:00,32,0,0
6683,259,138,2026-03-22 00:02:00,16,0,0
6684,894,244,2025-07-22 00:14:00,21,0,1
6685,1572,400,2025-10-20 00:42:00,4,0,0
6686,632,197,2026-08-12 00:09:00,15,0,0
6687,1339,414,2026-03-01 00:09:00,18,0,1
6688,1718,58,2025-09-02 00:41:00,4,0,1
6689,1729,456,2026-05-03 00:53:00,9,0,0
6690,1497,278,2026-04-25 00:37:00,19,0,0
6691,448,329,2025-11-14 00:31:00,4,0,0
6692,322,403,2026-08-31 00:30:00,8,0,1
6693,1348,105,2026-08-08 00:46:00,30,0,0
6694,861,53,2026-09-07 00:56:00,9,0,1
6695,921,260,2026-01-24 00:07:00,13,0,1
6696,1186,157,2025-09-07 00:41:00,43,0,0
6697,1622,445,2025-09-26 00:55:00,6,0,0
6698,779,52,2025-06-22 00:11:00,19,0,1
6699,599,478,2026-08-31 00:04:00,7,0,0
6700,1615,85,2026-02-27 00:51:00,32,0,1
6701,57,283,2026-07-17 00:33:00,1,0,1
6702,7,37,2026-04-03 00:14:00,12,0,1
6703,718,162,2026-04-02 00:03:00,73,0,0
6704,1324,387,2026-06-14 00:09:00,16,0,1
6705,1341,240,2025-12-07 00:31:00,7,0,1
6706,662,336,2026-02-12 00:41:00,7,0,0
6707,1020,244,2026-05-07 00:17:00,2,0,1
6708,329,369,2026-08-22 00:22:00,7,0,0
6709,267,37,2026-08-22 00:36:00,60,0,0
6710,1270,190,2026-04-24 00:48:00,70,0,1
6711,1348,380,2026-05-20 00:48:00,3,0,0
6712,1769,55,2026-01-08 00:00:00,71,0,1
6713,205,440,2025-07-13 00:20:00,11,0,0
6714,693,257,2026-09-06 00:15:00,1,0,0
6715,1656,412,2025-10-19 00:59:00,11,0,1
6716,403,247,2026-01-23 00:24:00,2,0,0
6717,754,181,2026-04-27 00:02:00,1,0,1
6718,513,335,2026-04-19 00:23:00,2,0,1
6719,125,328,2026-07-15 00:27:00,9,0,1
6720,464,203,2026-02-16 00:57:00,36,0,0
6721,1286,244,2026-04-24 00:18:00,35,0,0
6722,1790,145,2026-09-05 00:58:00,23,0,1
6723,43,204,2026-08-21 00:42:00,8,0,0
6724,952,13,2025-10-25 00:11:00,9,1,1
6725,1055,317,2026-02-01 00:18:00,11,0,0
6726,436,308,2026-05-06 00:42:00,26,0,0
6727,788,267,2026-08-28 00:06:00,29,0,1
6728,207,37,2025-10-14 00:21:00,4,0,1
6729,894,461,2025-11-03 00:40:00,23,0,0
6730,195,387,2026-08-02 00:30:00,9,0,1
6731,340,334,2026-01-13 00:37:00,19,0,1
6732,32,439,2026-07-05 00:41:00,1,0,1
6733,1045,308,2025-08-05 00:55:00,7,0,0
6734,1315,481,2026-06-11 00:22:00,21,0,0
6735,860,129,2026-08-19 00:02:00,11,0,0
6736,1783,7,2025-10-01 00:21:00,4,0,0
6737,602,336,2026-03-17 00:55:00,12,0,0
6738,1211,27,2026-03-08 00:06:00,29,0,0
6739,1763,303,2026-04-14 00:37:00,2,0,0
6740,1630,231,2026-08-07 00:32:00,7,0,0
6741,814,444,2026-01-25 00:58:00,15,0,0
6742,217,124,2026-05-19 00:37:00,78,1,1
6743,1604,367,2026-02-14 00:28:00,18,0,0
6744,818,428,2026-06-28 00:59:00,4,0,0
6745,1625,479,2026-05-11 00:12:00,12,0,1
6746,165,198,2025-11-25 00:07:00,16,0,0
6747,1649,128,2025-12-31 00:52:00,9,0,0
6748,497,101,2026-05-22 00:00:00,11,0,0
6749,1648,106,2026-01-29 00:31:00,8,0,1
6750,1403,414,2026-09-05 00:36:00,2,0,0
6751,712,35,2026-05-25 00:25:00,7,0,0
6752,1148,157,2026-03-23 00:31:00,4,0,0
6753,504,78,2026-05-02 00:54:00,16,0,0
6754,292,85,2026-08-14 00:56:00,50,0,1
6755,397,226,2026-05-26 00:05:00,15,0,1
6756,1654,194,2026-01-24 00:59:00,11,0,0
6757,658,252,2026-09-02 00:31:00,1,1,0
6758,742,274,2026-08-16 00:20:00,16,0,0
6759,211,148,2026-07-10 00:44:00,35,0,1
6760,1790,93,2026-09-02 00:19:00,13,0,1
6761,1088,289,2026-09-03 00:14:00,8,0,1
6762,1462,235,2025-09-10 00:16:00,4,0,1
6763,670,309,2026-01-20 00:36:00,20,0,0
6764,1300,138,2025-12-24 00:41:00,7,0,1
6765,60,301,2026-05-31 00:57:00,2,0,0
6766,1380,240,2026-02-11 00:03:00,62,0,0
6767,505,465,2026-07-03 00:12:00,37,0,0
6768,1510,71,2026-04-02 00:26:00,51,0,1
6769,245,338,2026-01-28 00:45:00,24,0,0
6770,1321,383,2026-09-05 00:58:00,5,0,0
6771,884,202,2026-08-01 00:08:00,8,0,1
6772,578,52,2026-08-10 00:48:00,12,0,0
6773,1389,485,2026-05-16 00:14:00,11,0,1
6774,1161,478,2026-07-29 00:46:00,5,0,1
6775,909,401,2026-08-30 00:19:00,1,0,0
6776,1023,129,2026-03-31 00:40:00,34,0,1
6777,406,245,2026-02-17 00:32:00,23,0,0
6778,1601,10,2026-04-15 00:13:00,28,0,1
6779,1670,363,2026-02-12 00:43:00,29,0,1
6780,784,315,2026-05-22 00:01:00,26,0,0
6781,1360,446,2026-08-12 00:06:00,12,0,0
6782,1438,58,2026-06-28 00:20:00,9,0,0
6783,1183,139,2026-03-30 00:58:00,1,1,1
6784,1505,327,2026-05-20 00:22:00,1,0,1
6785,1295,226,2026-03-25 00:04:00,18,0,1
6786,42,305,2026-07-06 00:12:00,19,0,1
6787,158,192,2026-08-25 00:54:00,6,0,1
6788,1365,467,2026-05-25 00:29:00,7,0,1
6789,1141,246,2026-04-22 00:20:00,14,0,0
6790,1347,280,2025-10-16 00:11:00,21,0,1
6791,1797,10,2026-05-31 00:10:00,9,0,0
6792,1030,34,2026-07-28 00:02:00,6,0,0
6793,367,417,2026-06-01 00:34:00,87,0,1
6794,605,303,2026-03-20 00:52:00,17,0,0
6795,42,286,2026-08-16 00:47:00,17,0,1
6796,797,333,2025-12-29 00:51:00,1,0,1
6797,633,160,2026-04-21 00:00:00,8,0,0
6798,160,321,2025-04-25 00:10:00,19,0,0
6799,170,359,2025-07-12 00:55:00,53,0,1
6800,392,229,2026-09-06 00:34:00,23,0,0
6801,252,53,2026-05-24 00:49:00,27,0,1
6802,1798,478,2026-08-27 00:59:00,53,0,0
6803,1074,283,2026-06-28 00:36:00,7,0,1
6804,168,375,2026-04-20 00:56:00,20,0,0
6805,1136,488,2026-05-24 00:27:00,14,0,0
6806,734,128,2026-03-08 00:42:00,3,0,0
6807,1640,494,2025-08-09 00:58:00,5,0,0
6808,1119,101,2026-08-10 00:59:00,5,1,0
6809,870,357,2026-08-16 00:59:00,20,0,0
6810,184,489,2026-07-09 00:51:00,15,0,0
6811,596,483,2026-06-01 00:26:00,4,0,0
6812,507,241,2026-01-31 00:02:00,5,0,0
6813,1628,465,2026-07-04 00:35:00,2,0,1
6814,591,258,2026-08-11 00:36:00,1,0,0
6815,1125,10,2026-02-18 00:18:00,66,0,0
6816,98,427,2025-11-25 00:52:00,1,0,0
6817,999,71,2026-05-18 00:41:00,40,0,1
6818,1412,496,2025-07-19 00:46:00,16,0,0
6819,995,400,2026-05-27 00:34:00,3,0,1
6820,775,42,2026-07-13 00:19:00,23,0,1
6821,1566,214,2026-09-04 00:58:00,2,0,1
6822,1630,461,2026-07-11 00:05:00,2,0,0
6823,901,197,2026-07-15 00:02:00,40,0,0
6824,1462,445,2026-05-20 00:38:00,6,0,0
6825,1276,353,2026-08-04 00:47:00,28,0,0
6826,601,330,2026-04-08 00:26:00,58,0,0
6827,639,373,2026-02-21 00:19:00,6,0,1
6828,1044,421,2025-12-03 00:28:00,6,0,0
6829,1406,30,2026-07-22 00:38:00,10,0,1
6830,1256,59,2026-03-23 00:52:00,41,0,0
6831,1666,227,2026-06-22 00:43:00,9,0,1
6832,1408,37,2026-05-12 00:21:00,1,0,0
6833,28,255,2026-02-10 00:16:00,42,0,0
6834,1578,34,2025-07-08 00:48:00,7,0,0
6835,382,204,2025-12-09 00:08:00,27,0,0
6836,212,336,2025-11-21 00:48:00,20,0,1
6837,1120,217,2026-06-28 00:14:00,43,0,1
6838,1574,388,2026-08-31 00:55:00,6,0,1
6839,20,363,2026-08-02 00:39:00,3,0,1
6840,1083,438,2026-06-08 00:33:00,2,0,1
6841,568,273,2026-04-23 00:27:00,11,0,0
6842,1277,81,2026-09-04 00:45:00,4,0,0
6843,1352,222,2026-09-07 00:44:00,5,0,1
6844,787,98,2026-08-25 00:32:00,15,0,0
6845,367,400,2025-12-06 00:13:00,63,0,1
6846,46,347,2025-05-17 00:50:00,26,0,1
6847,1487,228,2026-08-11 00:51:00,10,0,1
6848,715,263,2026-01-21 00:32:00,33,0,1
6849,535,431,2026-08-29 00:29:00,33,0,1
6850,661,272,2025-08-23 00:40:00,11,0,1
6851,1384,408,2026-08-19 00:24:00,17,0,0
6852,229,110,2025-11-01 00:24:00,5,0,0
6853,651,335,2026-09-05 00:35:00,12,0,0
6854,470,19,2025-08-30 00:27:00,29,0,0
6855,723,357,2026-04-24 00:26:00,39,0,0
6856,1274,374,2026-06-24 00:24:00,20,0,0
6857,1491,440,2026-08-27 00:11:00,32,0,0
6858,190,8,2025-07-06 00:16:00,23,0,1
6859,672,218,2026-08-07 00:09:00,2,0,1
6860,1697,54,2026-06-13 00:00:00,11,0,0
6861,1259,342,2025-06-19 00:46:00,6,0,1
6862,331,152,2026-05-12 00:10:00,35,0,1
6863,1575,442,2026-05-27 00:36:00,16,0,1
6864,1301,207,2026-08-25 00:25:00,1,0,1
6865,249,110,2026-05-25 00:13:00,42,0,1
6866,707,80,2026-03-27 00:07:00,24,0,0
6867,1382,15,2025-12-15 00:01:00,3,0,1
6868,1591,78,2026-08-12 00:18:00,25,0,0
6869,1392,167,2026-08-11 00:40:00,59,0,0
6870,305,363,2026-03-11 00:07:00,39,1,0
6871,825,36,2026-08-24 00:02:00,14,0,1
6872,1718,282,2026-05-04 00:03:00,2,0,0
6873,1334,373,2026-02-21 00:51:00,47,0,0
6874,360,194,2026-05-16 00:37:00,1,0,0
6875,896,177,2026-04-14 00:12:00,1,0,1
6876,685,493,2025-11-10 00:26:00,1,0,0
6877,255,105,2026-08-16 00:03:00,41,0,0
6878,804,367,2026-07-04 00:01:00,38,0,0
6879,323,366,2025-07-17 00:54:00,20,0,0
6880,1714,55,2025-10-31 00:59:00,8,0,1
6881,521,136,2026-04-19 00:39:00,15,0,1
6882,419,354,2026-03-30 00:42:00,1,0,0
6883,1215,67,2026-03-31 00:42:00,22,0,1
6884,1334,374,2026-03-06 00:05:00,11,0,0
6885,189,224,2025-07-08 00:06:00,44,0,0
6886,1211,95,2026-08-22 00:34:00,5,0,0
6887,1448,312,2025-06-22 00:32:00,77,0,0
6888,747,220,2026-06-23 00:01:00,9,0,1
6889,1323,266,2026-09-07 00:26:00,5,0,1
6890,1395,336,2026-08-07 00:18:00,14,0,0
6891,323,6,2025-10-25 00:27:00,3,0,0
6892,940,70,2026-07-09 00:15:00,131,0,0
6893,1674,222,2026-07-05 00:24:00,19,0,0
6894,68,400,2026-03-29 00:25:00,1,1,0
6895,1592,398,2025-06-11 00:43:00,1,0,0
6896,180,109,2026-08-25 00:48:00,31,1,1
6897,1044,192,2026-07-09 00:20:00,11,0,0
6898,1172,436,2026-02-27 00:37:00,1,0,1
6899,280,259,2026-06-09 00:38:00,47,0,0
6900,715,206,2026-04-17 00:24:00,7,0,1
6901,1110,70,2026-07-14 00:09:00,1,0,0
6902,855,245,2026-05-16 00:15:00,11,0,0
6903,831,209,2026-06-18 00:22:00,7,0,1
6904,659,139,2026-08-19 00:36:00,8,0,1
6905,1257,51,2026-08-02 00:08:00,40,0,0
6906,818,490,2026-02-23 00:03:00,70,0,0
6907,1006,298,2026-08-22 00:51:00,49,0,0
6908,1010,49,2026-07-28 00:00:00,28,0,0
6909,1354,346,2026-08-14 00:45:00,4,0,0
6910,1611,333,2025-12-05 00:34:00,23,0,1
6911,195,177,2026-05-15 00:06:00,6,0,1
6912,1026,215,2026-04-01 00:45:00,3,1,1
6913,1119,340,2026-08-30 00:36:00,25,0,0
6914,8,303,2025-09-25 00:12:00,20,0,1
6915,965,176,2025-09-07 00:20:00,3,0,0
6916,508,440,2026-08-23 00:26:00,21,0,1
6917,1340,3,2026-03-14 00:13:00,3,0,0
6918,1674,29,2025-09-15 00:30:00,1,0,0
6919,426,102,2026-03-30 00:39:00,1,0,0
6920,845,374,2026-07-08 00:44:00,56,1,0
6921,1095,210,2026-05-13 00:53:00,35,0,1
6922,574,499,2026-01-19 00:50:00,14,0,0
6923,1163,117,2026-08-01 00:13:00,3,0,0
6924,58,281,2026-05-11 00:45:00,2,0,1
6925,289,436,2026-01-20 00:42:00,7,0,1
6926,836,154,2025-12-31 00:34:00,16,0,0
6927,1354,93,2026-06-29 00:56:00,10,0,0
6928,356,48,2026-03-28 00:00:00,18,0,0
6929,741,24,2026-01-12 00:58:00,2,0,0
6930,676,450,2026-01-01 00:00:00,52,0,1
6931,85,360,2026-07-02 00:36:00,16,0,0
6932,1157,348,2026-08-14 00:58:00,26,0,1
6933,414,376,2026-02-02 00:40:00,47,0,0
6934,1529,258,2026-07-02 00:18:00,8,0,1
6935,1745,118,2026-06-03 00:48:00,3,0,0
6936,1558,292,2026-08-10 00:38:00,6,0,1
6937,1092,443,2026-07-29 00:37:00,24,0,1
6938,40,125,2026-07-19 00:48:00,10,0,0
6939,511,45,2026-06-10 00:49:00,30,0,1
6940,1190,140,2026-09-03 00:00:00,9,0,1
6941,602,494,2025-10-06 00:36:00,9,0,1
6942,1101,164,2026-08-11 00:11:00,14,0,1
6943,645,421,2026-01-29 00:11:00,16,0,1
6944,1456,76,2026-04-11 00:42:00,1,0,1
6945,206,210,2026-08-31 00:28:00,31,0,0
6946,1679,435,2026-06-18 00:04:00,34,0,1
6947,784,500,2026-06-17 00:17:00,49,0,1
6948,292,142,2025-11-15 00:15:00,25,0,1
6949,363,117,2026-08-20 00:55:00,7,0,0
6950,103,372,2026-05-08 00:45:00,53,0,0
6951,471,356,2026-02-09 00:14:00,23,0,1
6952,1271,298,2026-07-08 00:41:00,13,1,0
6953,85,78,2026-07-26 00:41:00,15,0,1
6954,1132,9,2026-01-21 00:38:00,13,0,0
6955,1414,482,2026-07-20 00:56:00,1,0,1
6956,442,470,2026-01-02 00:22:00,24,0,0
6957,170,393,2026-05-26 00:35:00,1,0,0
6958,1037,456,2026-08-14 00:20:00,13,0,0
6959,1045,496,2025-11-11 00:43:00,15,0,1
6960,1710,330,2026-03-07 00:19:00,20,0,0
6961,1273,250,2026-08-03 00:10:00,1,0,0
6962,216,129,2026-02-06 00:34:00,6,0,0
6963,1335,425,2025-07-21 00:59:00,35,0,0
6964,521,325,2025-12-27 00:11:00,36,0,0
6965,497,159,2026-08-27 00:55:00,9,0,0
6966,309,222,2026-08-20 00:37:00,12,0,1
6967,962,479,2026-07-16 00:35:00,8,0,0
6968,1183,117,2026-08-23 00:00:00,14,0,0
6969,1061,427,2026-07-29 00:27:00,6,0,1
6970,30,370,2026-03-02 00:47:00,65,0,0
6971,1674,319,2026-03-31 00:02:00,62,0,0
6972,350,366,2026-02-01 00:37:00,71,0,1
6973,208,160,2026-06-03 00:16:00,3,0,1
6974,1092,249,2026-06-28 00:17:00,84,0,1
6975,326,91,2026-02-12 00:30:00,21,0,0
6976,1196,358,2025-08-26 00:40:00,10,0,1
6977,1454,72,2026-04-04 00:40:00,33,0,0
6978,38,29,2026-08-10 00:00:00,2,0,1
6979,626,1,2026-07-15 00:12:00,36,0,1
6980,1102,247,2026-06-19 00:52:00,33,0,1
6981,1751,149,2025-12-11 00:33:00,29,0,0
6982,1676,301,2026-04-28 00:22:00,1,0,1
6983,1085,305,2025-11-14 00:09:00,1,0,0
6984,1251,207,2026-09-05 00:42:00,23,0,0
6985,168,463,2026-01-03 00:58:00,53,0,0
6986,461,172,2026-06-30 00:32:00,2,0,1
6987,1026,376,2026-01-01 00:30:00,73,0,1
6988,986,90,2026-08-28 00:01:00,11,0,1
6989,1394,179,2026-08-11 00:51:00,30,1,0
6990,1601,7,2026-05-16 00:00:00,5,0,0
6991,709,237,2026-04-13 00:02:00,12,0,0
6992,1394,36,2026-05-14 00:18:00,1,0,0
6993,166,89,2026-03-17 00:30:00,69,0,1
6994,619,475,2026-08-18 00:12:00,61,0,0
6995,1599,242,2026-04-25 00:24:00,33,0,0
6996,563,39,2026-05-08 00:31:00,58,0,0
6997,1543,74,2026-07-21 00:13:00,42,0,0
6998,653,219,2026-01-27 00:01:00,8,0,0
6999,376,183,2026-08-30 00:46:00,3,0,0
7000,237,99,2026-09-05 00:25:00,11,0,0
7001,1180,352,2026-06-03 00:16:00,2,0,0
7002,394,240,2026-08-30 00:32:00,1,0,0
7003,1120,113,2026-03-08 00:02:00,4,0,0
7004,527,363,2026-07-30 00:42:00,1,0,1
7005,1608,170,2026-08-07 00:01:00,8,0,0
7006,433,90,2026-07-05 00:54:00,83,0,1
7007,1125,412,2026-02-20 00:13:00,1,0,0
7008,547,385,2026-01-26 00:54:00,18,0,1
7009,1129,397,2026-07-01 00:17:00,17,0,0
7010,1536,23,2026-09-06 00:45:00,2,0,0
7011,39,478,2026-01-20 00:48:00,6,0,0
7012,224,16,2026-07-10 00:14:00,54,0,1
7013,1384,98,2026-07-25 00:52:00,20,0,0
7014,583,489,2026-08-07 00:39:00,9,1,1
7015,1354,303,2026-06-06 00:33:00,13,0,1
7016,602,4,2025-08-11 00:19:00,20,0,0
7017,1125,480,2025-07-29 00:51:00,15,0,0
7018,217,8,2026-05-16 00:02:00,11,0,0
7019,1199,304,2025-12-22 00:00:00,13,0,0
7020,1616,495,2026-05-23 00:06:00,4,0,0
7021,1351,174,2026-03-02 00:48:00,3,0,0
7022,1250,321,2026-06-26 00:09:00,2,0,0
7023,485,3,2026-07-08 00:24:00,14,0,1
7024,357,478,2026-01-10 00:06:00,35,0,1
7025,1775,190,2026-04-24 00:33:00,4,0,1
7026,558,49,2026-03-18 00:54:00,54,0,1
7027,1265,421,2026-06-18 00:31:00,1,0,1
7028,1320,259,2026-07-10 00:08:00,49,0,1
7029,41,99,2025-07-30 00:48:00,34,0,0
7030,1781,494,2026-03-27 00:48:00,8,0,0
7031,517,160,2026-05-01 00:54:00,11,0,0
7032,1100,200,2026-07-03 00:08:00,21,0,0
7033,1353,371,2026-08-01 00:26:00,5,0,0
7034,889,113,2026-08-11 00:15:00,5,0,0
7035,1758,147,2026-07-10 00:34:00,2,0,0
7036,1034,132,2026-06-03 00:37:00,5,0,0
7037,595,6,2025-12-30 00:11:00,4,0,1
7038,778,212,2026-09-01 00:12:00,13,0,1
7039,1576,64,2026-07-01 00:03:00,15,1,1
7040,30,418,2025-08-09 00:49:00,15,0,1
7041,264,147,2026-03-19 00:29:00,138,0,0
7042,864,372,2026-07-24 00:40:00,7,0,1
7043,61,198,2026-02-17 00:21:00,1,0,0
7044,600,55,2026-05-15 00:33:00,30,0,0
7045,149,13,2026-07-24 00:42:00,50,0,1
7046,942,452,2026-06-01 00:31:00,21,0,1
7047,1433,126,2026-01-18 00:47:00,90,0,0
7048,1049,136,2026-08-22 00:03:00,28,0,0
7049,1366,159,2025-10-14 00:24:00,8,0,1
7050,1600,386,2026-06-27 00:45:00,28,0,0
7051,52,178,2026-05-01 00:02:00,33,0,0
7052,1561,338,2026-04-09 00:37:00,26,0,0
7053,263,168,2026-07-22 00:44:00,7,0,1
7054,264,291,2026-02-04 00:32:00,12,0,0
7055,37,306,2025-05-10 00:13:00,1,0,0
7056,687,308,2026-06-21 00:41:00,50,0,0
7057,1336,235,2026-06-06 00:28:00,9,0,0
7058,1068,254,2026-07-01 00:05:00,12,0,0
7059,139,120,2026-08-24 00:17:00,9,0,0
7060,699,469,2026-04-26 00:28:00,17,0,0
7061,1157,306,2026-04-09 00:42:00,1,0,1
7062,1002,318,2026-01-27 00:29:00,3,0,0
7063,1171,275,2026-04-10 00:54:00,1,1,0
7064,1347,456,2026-07-16 00:01:00,8,0,1
7065,1208,117,2026-06-23 00:48:00,17,0,0
7066,589,67,2026-08-18 00:23:00,4,0,0
7067,1538,319,2026-09-06 00:21:00,2,0,0
7068,753,364,2025-05-21 00:17:00,3,0,0
7069,1110,259,2026-08-07 00:46:00,1,0,1
7070,1108,368,2025-11-23 00:06:00,14,0,0
7071,466,477,2026-08-25 00:03:00,16,0,0
7072,11,283,2026-07-17 00:00:00,35,0,1
7073,276,185,2026-01-29 00:43:00,2,0,1
7074,592,201,2026-05-02 00:12:00,18,0,0
7075,92,254,2026-03-22 00:45:00,20,0,0
7076,316,395,2026-09-07 00:28:00,4,0,1
7077,719,236,2026-07-09 00:05:00,11,0,1
7078,58,173,2026-03-29 00:58:00,1,0,0
7079,1093,386,2026-02-16 00:57:00,1,0,0
7080,358,207,2026-04-01 00:07:00,21,0,1
7081,1324,217,2026-05-02 00:07:00,26,0,0
7082,1092,87,2026-08-11 00:59:00,16,0,1
7083,63,487,2025-12-30 00:55:00,13,1,0
7084,1542,21,2026-02-18 00:54:00,11,0,0
7085,616,49,2026-07-24 00:16:00,6,0,0
7086,193,27,2026-08-01 00:56:00,4,0,1
7087,1524,162,2025-09-25 00:43:00,7,0,0
7088,1367,481,2025-11-03 00:26:00,5,0,0
7089,23,23,2025-12-12 00:51:00,5,0,1
7090,1574,498,2026-01-25 00:39:00,1,0,1
7091,388,468,2026-04-26 00:11:00,3,0,0
7092,723,13,2026-07-22 00:55:00,42,0,1
7093,1157,163,2026-02-10 00:25:00,16,0,0
7094,1133,259,2025-11-20 00:43:00,5,0,0
7095,1634,111,2026-08-08 00:36:00,14,0,0
7096,1293,234,2026-07-09 00:21:00,5,0,1
7097,644,185,2026-05-24 00:07:00,1,0,0
7098,1082,262,2026-09-07 00:04:00,18,0,0
7099,700,219,2026-03-06 00:01:00,12,0,1
7100,1458,3,2025-10-05 00:02:00,40,0,0
7101,1719,439,2026-09-01 00:16:00,51,0,1
7102,1041,440,2026-03-05 00:19:00,1,1,0
7103,1119,347,2026-09-06 00:14:00,1,0,1
7104,497,110,2026-03-17 00:53:00,8,0,1
7105,375,152,2026-09-06 00:28:00,31,0,0
7106,819,96,2026-06-15 00:24:00,5,0,1
7107,884,442,2026-08-20 00:05:00,2,0,1
7108,1131,474,2026-05-01 00:28:00,1,0,0
7109,424,425,2026-04-24 00:04:00,29,0,0
7110,1517,75,2026-05-23 00:08:00,17,0,0
7111,645,358,2025-08-10 00:12:00,18,0,1
7112,427,2,2025-10-23 00:24:00,64,0,0
7113,888,392,2026-08-24 00:30:00,63,0,1
7114,99,247,2026-05-14 00:14:00,48,0,0
7115,314,323,2026-02-18 00:27:00,2,0,0
7116,55,168,2026-03-26 00:43:00,14,0,0
7117,800,77,2026-07-24 00:23:00,19,0,1
7118,428,269,2026-06-16 00:51:00,60,0,0
7119,1789,470,2026-04-05 00:19:00,4,0,0
7120,319,429,2026-06-22 00:19:00,25,0,0
7121,1281,460,2025-09-28 00:20:00,1,0,1
7122,23,244,2026-06-24 00:15:00,10,0,0
7123,976,299,2026-07-13 00:11:00,26,0,0
7124,352,464,2025-11-25 00:08:00,21,0,1
7125,32,16,2026-06-30 00:29:00,3,0,0
7126,1601,319,2026-07-13 00:05:00,5,0,0
7127,526,488,2025-10-27 00:22:00,59,0,1
7128,174,11,2026-09-06 00:45:00,38,0,0
7129,1007,210,2025-11-01 00:56:00,11,1,1
7130,1452,427,2026-07-13 00:22:00,13,0,0
7131,1417,48,2026-03-21 00:47:00,57,1,0
7132,1600,303,2026-07-09 00:36:00,59,1,0
7133,1699,232,2026-08-20 00:44:00,10,0,1
7134,596,72,2026-01-21 00:45:00,10,0,0
7135,1046,10,2026-03-16 00:52:00,4,1,0
7136,1243,128,2026-08-10 00:40:00,33,0,0
7137,162,283,2026-08-12 00:47:00,7,0,1
7138,1472,264,2026-03-22 00:02:00,6,0,0
7139,1020,439,2026-03-23 00:33:00,22,0,0
7140,745,180,2025-12-17 00:02:00,33,0,0
7141,969,28,2026-08-28 00:45:00,26,0,0
7142,735,384,2026-06-13 00:54:00,34,0,0
7143,341,431,2026-01-07 00:26:00,3,0,0
7144,1147,168,2026-08-19 00:24:00,4,0,1
7145,1059,323,2025-10-21 00:07:00,22,0,1
7146,700,140,2025-06-19 00:25:00,1,0,1
7147,365,401,2026-02-24 00:39:00,25,0,1
7148,313,48,2026-08-12 00:06:00,51,0,0
7149,593,129,2026-07-03 00:10:00,14,0,0
7150,573,430,2026-04-20 00:47:00,86,0,0
7151,1471,17,2026-08-04 00:32:00,10,1,0
7152,1440,14,2026-07-09 00:35:00,44,0,0
7153,1625,77,2026-08-11 00:24:00,27,0,0
7154,278,305,2026-05-06 00:47:00,13,0,0
7155,391,419,2026-04-10 00:17:00,17,1,0
7156,1179,57,2026-08-21 00:06:00,1,0,0
7157,1167,49,2026-07-17 00:16:00,2,0,0
7158,1496,206,2026-07-15 00:32:00,36,0,1
7159,368,34,2026-08-17 00:52:00,30,0,0
7160,60,317,2026-07-18 00:39:00,40,0,1
7161,1247,80,2026-07-27 00:41:00,6,0,1
7162,528,258,2026-08-31 00:28:00,19,1,1
7163,1003,187,2025-06-24 00:21:00,11,0,0
7164,1790,96,2026-09-04 00:26:00,10,0,0
7165,33,433,2026-09-07 00:20:00,2,0,1
7166,527,100,2026-07-13 00:38:00,7,0,0
7167,435,315,2026-07-01 00:09:00,9,0,0
7168,1151,54,2026-07-17 00:29:00,10,1,0
7169,809,194,2026-07-27 00:04:00,35,0,0
7170,1247,299,2025-08-03 00:07:00,1,0,0
7171,809,219,2026-07-10 00:22:00,22,0,0
7172,481,330,2026-01-07 00:27:00,20,0,1
7173,944,197,2026-08-25 00:25:00,21,0,1
7174,919,110,2026-07-24 00:33:00,6,0,1
7175,836,360,2026-04-17 00:03:00,11,0,1
7176,266,225,2026-03-18 00:16:00,28,0,0
7177,1384,87,2026-07-11 00:26:00,1,0,0
7178,1444,335,2026-08-31 00:40:00,3,0,1
7179,122,455,2026-09-01 00:59:00,11,0,0
7180,619,185,2026-08-10 00:17:00,17,1,0
7181,616,144,2026-03-22 00:14:00,43,1,0
7182,1129,121,2026-06-11 00:13:00,3,0,1
7183,1275,166,2026-04-06 00:51:00,40,1,0
7184,1547,287,2025-09-02 00:23:00,8,0,0
7185,1529,42,2026-07-08 00:21:00,40,0,1
7186,599,126,2026-07-15 00:46:00,56,0,0
7187,120,471,2026-05-28 00:55:00,10,0,0
7188,1382,428,2025-10-25 00:10:00,9,0,0
7189,765,223,2026-08-11 00:53:00,5,0,1
7190,637,106,2026-07-29 00:51:00,45,0,0
7191,236,177,2026-02-10 00:12:00,8,0,1
7192,1383,290,2026-07-10 00:43:00,4,0,1
7193,730,359,2025-08-28 00:51:00,24,0,0
7194,615,396,2026-03-05 00:20:00,11,0,0
7195,513,341,2025-09-10 00:22:00,30,0,0
7196,1025,90,2026-08-02 00:27:00,42,0,0
7197,1351,47,2025-09-20 00:36:00,43,0,0
7198,1514,191,2026-08-09 00:26:00,16,0,1
7199,633,290,2026-06-24 00:24:00,5,0,1
7200,1558,435,2026-04-10 00:59:00,27,0,0
7201,996,224,2026-05-04 00:38:00,28,0,1
7202,950,320,2026-02-04 00:46:00,68,0,1
7203,1218,127,2026-08-29 00:23:00,17,0,1
7204,1752,488,2026-09-06 00:54:00,10,0,0
7205,1277,480,2026-09-02 00:15:00,14,0,0
7206,614,228,2026-08-28 00:36:00,5,0,1
7207,1311,465,2026-07-13 00:05:00,27,0,1
7208,1776,3,2026-03-05 00:00:00,6,0,0
7209,421,171,2026-04-20 00:39:00,1,0,0
7210,1200,215,2026-02-09 00:54:00,30,0,0
7211,1135,301,2025-10-12 00:44:00,1,0,1
7212,517,464,2025-12-31 00:39:00,1,0,0
7213,258,444,2026-04-04 00:07:00,4,0,0
7214,976,338,2026-07-28 00:27:00,10,0,1
7215,807,415,2026-07-23 00:08:00,1,0,0
7216,1782,48,2025-11-29 00:27:00,1,0,0
7217,103,75,2026-08-05 00:18:00,7,0,0
7218,545,15,2025-07-14 00:23:00,17,0,0
7219,1393,12,2026-05-25 00:09:00,26,0,0
7220,1380,276,2025-11-10 00:40:00,2,0,1
7221,1359,4,2026-04-19 00:26:00,12,0,0
7222,859,309,2025-11-11 00:47:00,1,0,1
7223,1136,295,2026-08-25 00:47:00,17,0,0
7224,1732,81,2026-07-23 00:40:00,3,0,1
7225,872,240,2025-06-11 00:58:00,17,0,1
7226,815,201,2026-08-28 00:40:00,14,0,1
7227,1400,489,2026-07-07 00:56:00,14,0,1
7228,1211,89,2025-11-13 00:30:00,63,0,0
7229,253,433,2026-09-04 00:42:00,31,0,0
7230,1349,500,2026-04-07 00:40:00,15,0,1
7231,1224,304,2026-08-31 00:08:00,41,0,1
7232,1687,489,2026-06-25 00:51:00,22,0,0
7233,970,434,2026-08-14 00:22:00,37,0,0
7234,1486,472,2026-08-03 00:23:00,31,0,0
7235,1407,260,2026-04-16 00:44:00,8,0,1
7236,1265,186,2026-06-18 00:46:00,30,0,0
7237,1473,214,2026-05-02 00:09:00,18,0,0
7238,1414,223,2026-05-04 00:11:00,8,0,1
7239,590,147,2026-07-19 00:55:00,12,0,0
7240,392,317,2026-08-31 00:34:00,20,0,0
7241,1507,263,2026-07-02 00:30:00,1,0,0
7242,531,330,2026-05-11 00:35:00,2,1,0
7243,1794,198,2025-09-23 00:15:00,12,0,0
7244,1121,366,2026-02-08 00:49:00,3,0,0
7245,362,376,2026-05-30 00:01:00,22,0,0
7246,1546,256,2026-06-24 00:02:00,26,0,0
7247,1733,252,2026-08-19 00:40:00,19,0,0
7248,696,230,2026-08-17 00:52:00,14,1,1
7249,455,188,2026-07-12 00:35:00,8,0,1
7250,1311,33,2026-03-30 00:49:00,3,0,0
7251,1516,7,2026-09-06 00:27:00,9,0,0
7252,1616,221,2026-08-27 00:13:00,24,0,1
7253,1290,59,2026-08-26 00:19:00,20,0,0
7254,893,476,2026-03-19 00:54:00,37,0,0
7255,97,312,2026-03-05 00:06:00,44,0,1
7256,1326,2,2026-07-22 00:03:00,12,0,1
7257,1680,65,2025-08-28 00:27:00,6,0,1
7258,1515,131,2026-03-20 00:39:00,16,0,1
7259,542,362,2025-09-03 00:08:00,15,0,1
7260,589,53,2026-09-06 00:50:00,10,0,1
7261,1454,206,2026-04-24 00:01:00,25,0,0
7262,859,334,2026-06-29 00:49:00,27,0,0
7263,1235,210,2026-06-06 00:48:00,7,1,0
7264,1320,254,2026-07-25 00:13:00,4,0,0
7265,122,97,2026-08-18 00:15:00,21,0,0
7266,162,53,2025-11-13 00:40:00,129,0,0
7267,1096,304,2026-05-28 00:32:00,27,0,0
7268,1757,127,2026-05-12 00:02:00,47,0,0
7269,1051,108,2026-01-26 00:41:00,4,0,0
7270,370,280,2025-11-02 00:09:00,58,0,0
7271,1117,175,2026-05-24 00:56:00,12,0,0
7272,1013,32,2026-08-28 00:13:00,4,0,1
7273,657,461,2026-04-30 00:55:00,1,0,1
7274,897,283,2025-06-15 00:59:00,30,0,0
7275,491,148,2026-05-29 00:38:00,33,1,0
7276,1136,483,2026-06-12 00:13:00,48,0,1
7277,411,142,2026-08-25 00:28:00,7,1,0
7278,1211,121,2026-07-26 00:55:00,3,0,0
7279,1220,86,2025-10-07 00:10:00,1,0,1
7280,1111,406,2026-04-13 00:38:00,1,0,0
7281,321,333,2026-08-17 00:05:00,1,0,0
7282,854,405,2026-08-14 00:09:00,31,0,0
7283,1003,428,2026-02-05 00:50:00,12,0,0
7284,197,137,2026-07-29 00:44:00,7,0,1
7285,1215,378,2026-03-20 00:08:00,4,1,0
7286,1394,243,2026-04-12 00:17:00,15,0,0
7287,1299,326,2026-06-21 00:15:00,6,0,0
7288,1293,240,2026-08-27 00:57:00,7,0,1
7289,1741,77,2026-01-23 00:57:00,32,0,1
7290,234,253,2026-02-09 00:28:00,55,0,1
7291,623,7,2026-06-28 00:54:00,62,0,0
7292,1458,400,2026-04-30 00:33:00,29,0,0
7293,1514,339,2026-05-05 00:44:00,25,0,0
7294,965,342,2025-09-25 00:39:00,3,0,1
7295,32,133,2026-06-10 00:37:00,13,0,1
7296,205,415,2026-04-30 00:20:00,4,0,1
7297,235,33,2025-10-19 00:07:00,2,0,0
7298,518,48,2026-08-03 00:55:00,2,0,0
7299,440,169,2025-09-07 00:24:00,2,0,0
7300,921,456,2026-05-07 00:13:00,8,0,1
7301,1654,484,2026-03-11 00:02:00,27,1,0
7302,1712,102,2026-04-23 00:40:00,7,0,1
7303,1602,312,2026-06-29 00:20:00,9,0,1
7304,1472,477,2026-05-17 00:16:00,1,0,0
7305,1608,441,2026-09-07 00:05:00,5,1,1
7306,137,483,2026-05-22 00:36:00,19,1,1
7307,479,147,2026-07-14 00:54:00,2,1,0
7308,1467,289,2026-02-22 00:09:00,7,0,0
7309,855,80,2026-05-14 00:52:00,21,0,0
7310,1175,291,2026-08-01 00:11:00,8,0,1
7311,735,301,2026-01-18 00:19:00,16,0,0
7312,704,333,2026-07-31 00:22:00,40,0,0
7313,824,202,2025-09-23 00:43:00,12,0,1
7314,1735,12,2026-08-09 00:22:00,47,0,1
7315,29,74,2026-04-07 00:01:00,1,0,0
7316,129,169,2026-08-14 00:17:00,9,0,0
7317,217,447,2026-08-09 00:59:00,3,1,0
7318,47,37,2026-06-22 00:13:00,8,0,1
7319,611,412,2026-08-18 00:23:00,31,0,1
7320,1072,272,2025-09-01 00:52:00,28,0,1
7321,499,379,2026-06-12 00:55:00,16,0,0
7322,388,275,2026-04-22 00:08:00,24,0,0
7323,1454,114,2026-04-28 00:36:00,15,0,0
7324,1036,118,2026-08-08 00:06:00,18,0,1
7325,1251,348,2026-09-04 00:02:00,16,0,0
7326,497,335,2026-03-26 00:12:00,2,0,1
7327,1364,101,2026-03-28 00:32:00,15,0,0
7328,391,277,2026-06-05 00:00:00,46,0,1
7329,1294,419,2026-06-28 00:48:00,16,0,0
7330,1502,384,2026-08-26 00:52:00,74,0,0
7331,1395,182,2026-09-03 00:40:00,28,0,0
7332,1535,48,2026-09-01 00:14:00,28,0,0
7333,953,141,2025-10-08 00:14:00,1,0,0
7334,974,496,2026-06-30 00:36:00,42,0,1
7335,1579,396,2026-05-22 00:56:00,29,0,0
7336,776,343,2026-06-13 00:06:00,44,0,1
7337,305,231,2026-07-22 00:30:00,6,0,1
7338,37,476,2026-07-05 00:27:00,2,0,0
7339,895,448,2025-05-24 00:38:00,25,0,0
7340,1027,268,2026-08-08 00:16:00,3,0,0
7341,438,81,2026-06-21 00:35:00,1,0,1
7342,37,268,2025-12-07 00:39:00,17,0,1
7343,484,332,2026-05-19 00:00:00,1,0,1
7344,104,156,2026-07-23 00:17:00,6,0,0
7345,398,259,2025-11-07 00:30:00,25,0,0
7346,1724,174,2026-06-25 00:53:00,14,0,0
7347,871,84,2026-07-16 00:44:00,40,0,0
7348,1472,313,2026-09-02 00:33:00,2,0,0
7349,255,371,2026-01-29 00:58:00,27,0,1
7350,1483,262,2026-03-03 00:44:00,7,0,1
7351,1173,189,2026-06-06 00:18:00,51,0,1
7352,1321,337,2026-07-07 00:21:00,26,0,0
7353,191,283,2026-01-17 00:50:00,62,0,1
7354,1432,223,2026-04-18 00:25:00,112,0,0
7355,628,404,2026-08-28 00:04:00,34,0,1
7356,351,403,2026-08-20 00:01:00,11,0,0
7357,1548,148,2025-06-10 00:36:00,31,0,0
7358,1338,53,2026-03-16 00:14:00,12,0,1
7359,1077,448,2026-06-23 00:12:00,34,0,0
7360,465,460,2026-09-03 00:50:00,16,0,0
7361,1673,276,2026-06-28 00:20:00,58,0,0
7362,1235,433,2026-07-18 00:43:00,23,0,1
7363,1500,335,2026-08-10 00:26:00,19,0,0
7364,926,350,2026-06-22 00:53:00,9,0,0
7365,1423,341,2025-11-22 00:30:00,8,0,1
7366,728,387,2025-12-24 00:49:00,1,0,0
7367,1705,86,2026-07-11 00:57:00,1,1,1
7368,1709,463,2026-08-31 00:59:00,4,0,0
7369,1389,466,2026-06-12 00:23:00,14,0,0
7370,1397,493,2026-05-18 00:11:00,33,0,1
7371,1673,222,2025-11-25 00:30:00,14,0,0
7372,582,446,2026-06-08 00:31:00,40,0,1
7373,139,452,2026-08-15 00:01:00,5,0,0
7374,37,188,2025-05-03 00:22:00,49,0,0
7375,389,152,2026-08-02 00:36:00,26,1,0
7376,952,160,2025-10-29 00:12:00,14,0,1
7377,232,25,2025-11-27 00:42:00,59,0,0
7378,919,426,2026-08-01 00:43:00,4,0,1
7379,1318,82,2025-06-19 00:27:00,9,0,0
7380,848,308,2026-03-12 00:05:00,17,0,0
7381,1042,477,2026-02-15 00:29:00,51,0,1
7382,52,404,2026-05-07 00:22:00,5,0,1
7383,1001,466,2025-09-09 00:42:00,17,0,1
7384,1737,443,2026-02-20 00:42:00,16,0,0
7385,1534,162,2026-04-03 00:58:00,42,0,1
7386,1791,343,2025-10-12 00:47:00,2,0,0
7387,1195,85,2026-08-30 00:28:00,3,0,0
7388,389,402,2026-09-05 00:05:00,7,1,1
7389,43,328,2026-05-06 00:00:00,2,0,0
7390,487,485,2026-08-24 00:59:00,82,0,0
7391,878,143,2026-05-12 00:38:00,5,0,0
7392,445,182,2025-12-21 00:48:00,21,0,0
7393,1715,394,2026-07-20 00:42:00,9,0,0
7394,1421,52,2026-07-26 00:32:00,5,0,1
7395,1082,175,2026-09-06 00:32:00,51,0,1
7396,457,224,2026-07-14 00:45:00,39,0,1
7397,933,279,2026-02-21 00:20:00,18,0,0
7398,420,443,2026-08-27 00:52:00,3,0,0
7399,42,302,2026-08-29 00:33:00,8,0,0
7400,1791,431,2026-03-24 00:53:00,2,0,1
7401,387,63,2025-07-04 00:40:00,7,0,0
7402,742,53,2026-09-05 00:08:00,13,0,0
7403,1147,113,2026-08-24 00:08:00,21,0,1
7404,423,241,2026-06-20 00:06:00,7,0,1
7405,851,347,2026-08-08 00:54:00,5,0,0
7406,1518,199,2026-07-24 00:20:00,1,1,0
7407,1614,35,2025-12-02 00:27:00,20,0,0
7408,1304,91,2026-06-16 00:26:00,24,0,0
7409,667,3,2026-08-12 00:43:00,19,0,0
7410,1657,240,2026-07-13 00:10:00,86,0,0
7411,750,304,2026-06-27 00:30:00,1,0,0
7412,1270,51,2026-05-30 00:52:00,30,0,0
7413,1191,468,2026-08-11 00:08:00,25,1,0
7414,274,461,2026-05-08 00:18:00,6,0,0
7415,398,293,2026-07-14 00:11:00,62,0,0
7416,1020,437,2026-06-02 00:54:00,10,0,0
7417,1575,455,2026-06-25 00:39:00,16,0,1
7418,1080,427,2026-05-31 00:35:00,6,0,1
7419,1198,324,2026-06-04 00:24:00,1,0,0
7420,980,421,2026-07-24 00:37:00,58,0,1
7421,1239,218,2026-06-06 00:40:00,48,0,0
7422,1751,209,2025-08-22 00:35:00,72,0,1
7423,533,248,2026-07-31 00:37:00,5,0,0
7424,735,159,2026-01-16 00:40:00,3,1,0
7425,1095,44,2026-03-13 00:43:00,26,0,0
7426,81,448,2026-06-24 00:01:00,19,0,0
7427,1418,314,2026-08-01 00:57:00,10,0,1
7428,235,353,2025-05-14 00:49:00,24,0,1
7429,772,241,2026-06-14 00:44:00,24,0,1
7430,580,254,2026-05-14 00:39:00,2,0,0
7431,225,285,2026-02-11 00:20:00,3,0,0
7432,223,378,2026-07-10 00:30:00,23,0,0
7433,1757,352,2026-05-24 00:24:00,42,0,1
7434,277,49,2026-07-04 00:36:00,3,0,1
7435,1056,467,2026-05-15 00:39:00,1,0,0
7436,1048,130,2026-06-14 00:55:00,76,0,1
7437,108,252,2026-01-18 00:22:00,1,0,1
7438,1435,10,2026-06-28 00:14:00,87,0,0
7439,894,462,2025-05-22 00:26:00,26,0,0
7440,1233,392,2026-03-19 00:26:00,15,0,1
7441,1641,430,2026-04-29 00:41:00,1,0,0
7442,234,142,2026-07-09 00:54:00,28,0,0
7443,55,416,2026-06-14 00:56:00,21,0,0
7444,1642,124,2026-05-26 00:59:00,19,0,0
7445,71,75,2026-02-26 00:09:00,35,0,1
7446,1,325,2025-12-10 00:27:00,9,0,0
7447,1146,390,2025-11-21 00:55:00,24,0,1
7448,1210,189,2026-07-19 00:15:00,10,0,0
7449,1559,209,2026-04-20 00:30:00,1,1,0
7450,213,447,2026-05-10 00:37:00,48,0,1
7451,653,65,2026-02-22 00:03:00,16,1,0
7452,1754,199,2026-05-26 00:55:00,1,0,1
7453,1275,260,2025-12-10 00:36:00,1,0,1
7454,1752,232,2026-08-29 00:24:00,34,0,1
7455,1663,216,2026-09-06 00:25:00,1,0,0
7456,1526,111,2026-07-13 00:16:00,5,0,1
7457,697,115,2026-03-03 00:30:00,1,0,0
7458,1119,244,2026-06-19 00:02:00,52,0,1
7459,1037,233,2026-08-14 00:10:00,9,0,0
7460,1640,96,2025-07-29 00:30:00,42,0,0
7461,608,30,2026-08-10 00:19:00,8,0,0
7462,1117,152,2025-09-21 00:40:00,6,0,0
7463,1661,230,2026-07-04 00:01:00,36,0,0
7464,71,303,2026-08-22 00:49:00,5,0,0
7465,175,258,2026-02-21 00:44:00,22,0,0
7466,133,226,2026-01-27 00:01:00,7,0,0
7467,1670,107,2026-08-11 00:40:00,8,0,0
7468,324,95,2026-08-07 00:01:00,12,0,1
7469,1518,350,2026-08-01 00:09:00,12,0,0
7470,426,354,2026-08-04 00:42:00,4,0,0
7471,75,75,2026-08-08 00:10:00,9,0,0
7472,1640,326,2026-02-12 00:09:00,11,0,1
7473,632,389,2026-08-03 00:19:00,4,0,0
7474,831,175,2026-06-01 00:09:00,27,0,0
7475,1524,173,2025-10-30 00:08:00,17,0,0
7476,1277,194,2026-08-17 00:58:00,55,0,0
7477,960,243,2026-07-31 00:51:00,17,0,0
7478,201,382,2026-05-23 00:20:00,1,1,1
7479,1623,341,2026-03-10 00:43:00,7,0,0
7480,985,4,2025-10-26 00:14:00,23,0,0
7481,1467,252,2026-01-10 00:17:00,5,0,0
7482,1085,68,2026-02-13 00:46:00,15,0,0
7483,1227,211,2026-05-13 00:04:00,12,0,0
7484,1391,15,2026-02-15 00:41:00,1,0,1
7485,638,434,2026-04-20 00:17:00,16,0,0
7486,22,44,2025-05-30 00:47:00,17,0,0
7487,461,43,2026-09-05 00:06:00,64,0,1
7488,1126,320,2026-06-04 00:05:00,11,0,0
7489,1451,478,2026-03-20 00:25:00,21,0,1
7490,1118,374,2026-05-14 00:22:00,12,0,0
7491,251,294,2026-04-01 00:47:00,1,0,1
7492,117,123,2026-09-01 00:50:00,3,0,0
7493,22,210,2026-02-02 00:52:00,3,0,1
7494,740,70,2026-08-28 00:55:00,25,0,0
7495,1447,374,2025-06-06 00:58:00,11,1,1
7496,932,108,2026-09-03 00:37:00,6,0,0
7497,995,299,2026-06-01 00:01:00,3,0,0
7498,1408,369,2026-07-12 00:19:00,25,0,0
7499,292,432,2026-07-02 00:08:00,27,0,1
7500,432,203,2026-06-16 00:16:00,1,0,0
7501,1368,181,2025-07-15 00:36:00,32,0,0
7502,1349,329,2026-04-26 00:49:00,8,0,0
7503,200,308,2026-06-29 00:16:00,28,0,1
7504,867,28,2026-08-01 00:53:00,13,0,0
7505,1299,220,2026-05-22 00:22:00,2,0,1
7506,1646,49,2026-09-02 00:07:00,5,0,0
7507,1094,362,2025-10-23 00:08:00,1,0,0
7508,1015,352,2026-02-14 00:15:00,1,0,1
7509,1273,318,2026-02-13 00:15:00,133,0,0
7510,316,148,2026-05-18 00:59:00,25,0,0
7511,1764,168,2025-07-22 00:47:00,16,0,0
7512,264,89,2026-06-15 00:26:00,1,0,1
7513,292,215,2026-06-28 00:08:00,17,0,0
7514,943,313,2025-12-08 00:01:00,21,0,0
7515,1782,241,2025-07-19 00:18:00,11,1,1
7516,1528,313,2026-07-30 00:11:00,8,0,1
7517,185,43,2026-05-14 00:57:00,15,0,0
7518,1068,9,2025-08-16 00:18:00,9,0,0
7519,1520,60,2026-06-28 00:29:00,1,0,0
7520,453,23,2026-08-24 00:37:00,35,0,0
7521,844,102,2026-04-29 00:17:00,8,0,1
7522,1362,262,2026-04-06 00:07:00,3,0,0
7523,131,362,2025-07-30 00:01:00,39,0,1
7524,1384,240,2026-08-27 00:52:00,44,0,0
7525,254,263,2026-07-30 00:34:00,35,0,0
7526,1278,478,2026-07-13 00:07:00,31,0,0
7527,1334,113,2026-07-15 00:42:00,1,0,0
7528,609,433,2025-12-25 00:55:00,5,0,0
7529,981,365,2025-09-01 00:37:00,25,0,1
7530,635,319,2026-05-24 00:06:00,11,0,0
7531,1242,137,2026-04-26 00:02:00,14,0,1
7532,461,377,2026-07-19 00:03:00,25,0,0
7533,17,242,2026-04-12 00:01:00,1,0,1
7534,1452,494,2026-07-23 00:04:00,40,0,0
7535,891,489,2026-08-25 00:32:00,31,0,0
7536,904,407,2026-07-30 00:04:00,33,0,0
7537,1168,181,2025-06-19 00:50:00,18,0,0
7538,1759,274,2026-07-05 00:19:00,12,0,0
7539,1669,41,2026-03-28 00:01:00,29,0,0
7540,146,406,2026-05-25 00:22:00,3,0,0
7541,1749,222,2026-04-08 00:14:00,42,0,0
7542,275,258,2025-09-16 00:24:00,1,1,0
7543,772,115,2026-06-06 00:51:00,40,1,0
7544,406,42,2026-04-29 00:43:00,15,0,0
7545,384,498,2026-02-08 00:58:00,4,0,0
7546,1182,59,2025-09-03 00:04:00,3,0,0
7547,776,107,2026-08-07 00:46:00,1,1,0
7548,1492,391,2026-03-04 00:27:00,46,0,0
7549,1019,417,2026-07-14 00:35:00,1,0,0
7550,218,232,2025-11-15 00:39:00,46,0,0
7551,675,381,2026-06-22 00:26:00,3,0,1
7552,331,42,2025-12-18 00:15:00,1,0,1
7553,1457,324,2026-05-07 00:56:00,3,0,0
7554,119,2,2026-09-04 00:07:00,9,0,1
7555,1194,145,2025-11-09 00:50:00,29,0,1
7556,1683,76,2026-07-27 00:34:00,6,1,0
7557,425,439,2026-06-02 00:06:00,22,0,0
7558,1176,77,2026-06-04 00:36:00,20,0,1
7559,153,374,2026-09-07 00:11:00,3,0,0
7560,1756,387,2026-06-07 00:33:00,50,0,0
7561,63,155,2026-01-09 00:31:00,12,0,1
7562,59,246,2026-09-05 00:38:00,22,0,1
7563,1480,64,2026-09-06 00:32:00,4,0,0
7564,1369,149,2026-05-10 00:05:00,19,1,0
7565,1258,408,2025-10-29 00:16:00,22,0,1
7566,1340,254,2026-07-18 00:23:00,13,0,0
7567,1649,296,2026-08-29 00:29:00,49,0,0
7568,824,109,2025-12-25 00:27:00,15,0,1
7569,1463,200,2026-06-21 00:24:00,5,0,0
7570,1168,60,2025-08-30 00:39:00,2,0,1
7571,1391,494,2026-08-13 00:32:00,56,1,1
7572,1315,409,2026-06-20 00:50:00,56,0,1
7573,606,103,2026-08-12 00:02:00,5,0,0
7574,112,325,2026-06-27 00:01:00,26,0,0
7575,1575,378,2026-08-02 00:16:00,33,0,0
7576,381,427,2026-08-22 00:03:00,10,0,1
7577,227,212,2026-08-14 00:02:00,23,0,0
7578,946,281,2026-04-25 00:23:00,16,0,0
7579,306,420,2026-08-15 00:35:00,26,0,0
7580,1677,347,2025-08-23 00:18:00,20,0,0
7581,1655,222,2026-09-05 00:54:00,16,0,0
7582,217,27,2026-08-16 00:24:00,1,0,1
7583,1333,169,2026-08-09 00:55:00,4,0,1
7584,627,254,2026-05-06 00:19:00,26,0,0
7585,542,285,2026-04-08 00:17:00,7,0,1
7586,1550,386,2026-06-23 00:50:00,15,0,1
7587,1001,374,2026-04-06 00:57:00,19,0,0
7588,653,383,2025-09-21 00:40:00,1,0,0
7589,1371,223,2026-08-24 00:24:00,6,0,0
7590,1609,332,2026-02-11 00:07:00,11,0,0
7591,1442,84,2026-08-28 00:20:00,1,0,0
7592,1365,122,2026-09-06 00:45:00,13,0,1
7593,158,38,2026-03-24 00:09:00,14,0,1
7594,525,22,2026-05-26 00:26:00,6,0,1
7595,486,180,2026-03-13 00:46:00,11,0,1
7596,419,410,2026-05-16 00:28:00,85,0,0
7597,1528,229,2026-07-10 00:52:00,27,0,0
7598,478,319,2025-11-03 00:01:00,2,1,0
7599,1677,235,2026-01-09 00:13:00,9,0,0
7600,390,116,2026-03-19 00:32:00,1,0,1
7601,802,175,2026-05-23 00:13:00,1,0,0
7602,625,323,2025-08-13 00:48:00,25,0,1
7603,1589,48,2026-03-10 00:13:00,11,0,0
7604,1749,112,2026-03-21 00:15:00,54,0,0
7605,30,218,2026-02-09 00:36:00,2,0,1
7606,1260,220,2026-08-30 00:09:00,1,0,0
7607,1234,164,2026-06-16 00:44:00,38,1,1
7608,365,346,2025-09-16 00:55:00,1,0,0
7609,267,478,2026-08-22 00:36:00,45,0,1
7610,434,102,2026-08-29 00:21:00,1,0,0
7611,1743,409,2026-03-17 00:06:00,1,0,1
7612,365,87,2026-03-14 00:20:00,21,0,0
7613,707,243,2026-08-18 00:58:00,6,0,0
7614,1687,351,2026-04-12 00:45:00,9,0,1
7615,456,377,2026-08-31 00:10:00,19,0,1
7616,1384,135,2026-07-19 00:17:00,41,0,0
7617,1741,333,2026-03-21 00:07:00,54,0,1
7618,10,40,2025-07-07 00:30:00,17,0,0
7619,819,276,2026-07-30 00:02:00,16,0,0
7620,1024,21,2026-06-21 00:14:00,43,0,1
7621,569,136,2025-11-24 00:12:00,8,0,0
7622,1574,240,2026-04-18 00:19:00,1,0,0
7623,331,479,2026-04-21 00:57:00,2,0,0
7624,425,411,2026-06-18 00:57:00,13,0,1
7625,1427,408,2026-08-27 00:21:00,60,0,1
7626,703,315,2026-01-20 00:54:00,3,0,1
7627,350,453,2026-08-31 00:48:00,23,0,1
7628,668,98,2026-05-10 00:17:00,21,1,1
7629,1457,108,2026-06-07 00:48:00,73,0,1
7630,1352,396,2026-09-07 00:57:00,65,0,1
7631,1790,53,2026-09-01 00:47:00,1,1,0
7632,260,310,2026-09-05 00:51:00,16,0,0
7633,1263,434,2026-09-05 00:49:00,26,0,0
7634,764,369,2025-10-20 00:37:00,3,0,0
7635,188,239,2026-08-06 00:46:00,45,0,0
7636,1061,368,2026-06-24 00:34:00,12,0,0
7637,1573,193,2026-07-15 00:21:00,36,0,0
7638,1739,173,2026-09-04 00:24:00,2,0,1
7639,1211,456,2026-07-07 00:08:00,1,0,1
7640,39,224,2026-06-21 00:33:00,4,0,1
7641,419,489,2026-07-29 00:14:00,23,0,1
7642,562,320,2026-05-22 00:36:00,7,0,0
7643,982,229,2026-06-09 00:26:00,69,1,1
7644,1742,241,2026-03-12 00:04:00,78,0,1
7645,1391,266,2026-06-04 00:29:00,13,0,1
7646,1456,159,2026-08-09 00:02:00,37,0,1
7647,346,135,2025-11-18 00:34:00,4,0,1
7648,1745,443,2025-07-07 00:32:00,17,0,0
7649,522,143,2025-08-23 00:32:00,14,0,1
7650,409,105,2026-08-05 00:46:00,6,0,0
7651,1175,30,2026-09-05 00:22:00,13,0,1
7652,1076,439,2026-08-28 00:55:00,6,0,0
7653,889,356,2025-11-29 00:45:00,34,0,1
7654,446,464,2026-09-05 00:22:00,58,0,1
7655,1651,115,2026-07-29 00:57:00,7,0,0
7656,1417,144,2026-01-03 00:19:00,16,0,1
7657,128,237,2026-02-26 00:25:00,13,0,1
7658,1083,177,2026-04-15 00:16:00,6,0,1
7659,703,166,2026-01-21 00:05:00,14,0,0
7660,116,186,2026-08-26 00:58:00,10,0,0
7661,1367,148,2026-07-25 00:26:00,116,0,0
7662,138,343,2026-07-09 00:47:00,23,0,0
7663,1682,385,2025-12-29 00:04:00,15,0,1
7664,1640,127,2026-07-08 00:27:00,2,0,1
7665,378,461,2026-05-04 00:33:00,7,0,1
7666,1029,95,2026-06-02 00:22:00,53,0,0
7667,1374,15,2026-05-06 00:55:00,30,0,1
7668,569,473,2026-08-24 00:30:00,18,0,0
7669,1177,405,2026-08-04 00:53:00,7,0,1
7670,1159,175,2026-04-18 00:39:00,8,0,0
7671,784,70,2026-09-06 00:28:00,12,0,0
7672,1488,114,2026-05-16 00:45:00,1,0,1
7673,1293,427,2026-07-06 00:39:00,13,0,1
7674,19,474,2026-05-16 00:54:00,1,0,1
7675,341,233,2025-12-26 00:59:00,27,0,1
7676,387,495,2026-07-11 00:33:00,9,0,1
7677,1198,40,2026-06-02 00:58:00,45,0,0
7678,765,236,2026-07-30 00:18:00,26,0,1
7679,1652,174,2026-09-04 00:37:00,13,0,0
7680,737,435,2026-01-08 00:38:00,13,0,0
7681,349,315,2026-07-26 00:21:00,44,0,1
7682,1137,172,2026-08-13 00:58:00,23,0,0
7683,650,448,2026-03-29 00:05:00,13,0,0
7684,338,194,2026-07-14 00:45:00,13,0,0
7685,271,474,2026-08-28 00:59:00,20,1,0
7686,1240,20,2026-04-20 00:06:00,7,0,0
7687,1115,187,2026-06-27 00:05:00,2,0,1
7688,193,12,2026-08-23 00:09:00,17,0,1
7689,1293,8,2026-07-07 00:47:00,20,0,0
7690,1061,475,2026-07-02 00:02:00,24,0,0
7691,131,169,2026-04-05 00:38:00,20,0,0
7692,449,420,2026-03-17 00:02:00,22,0,1
7693,937,97,2026-08-10 00:36:00,9,0,0
7694,934,120,2026-02-15 00:04:00,4,1,0
7695,1074,10,2026-08-19 00:12:00,21,0,1
7696,772,31,2026-08-04 00:15:00,48,1,0
7697,1614,46,2026-06-21 00:30:00,8,0,0
7698,807,336,2025-10-08 00:06:00,21,0,0
7699,303,220,2026-08-02 00:10:00,20,0,0
7700,1068,31,2026-04-26 00:11:00,32,0,0
7701,183,387,2026-04-17 00:03:00,17,0,0
7702,1355,406,2026-08-30 00:14:00,1,0,0
7703,919,393,2026-08-01 00:13:00,11,0,0
7704,1462,424,2025-09-25 00:17:00,8,0,0
7705,273,451,2025-12-04 00:40:00,40,1,0
7706,1708,275,2026-08-16 00:42:00,73,0,1
7707,198,216,2026-08-22 00:18:00,32,0,0
7708,494,333,2026-05-09 00:10:00,6,0,1
7709,891,56,2026-07-01 00:09:00,2,0,0
7710,1230,210,2025-12-05 00:27:00,41,0,1
7711,1363,281,2026-07-30 00:43:00,34,0,0
7712,376,462,2026-06-24 00:31:00,49,0,0
7713,972,112,2026-01-20 00:55:00,11,0,0
7714,1676,351,2026-06-05 00:44:00,28,0,1
7715,359,197,2025-12-27 00:35:00,12,0,0
7716,832,348,2026-03-25 00:54:00,36,0,0
7717,1360,262,2025-11-10 00:54:00,13,0,0
7718,198,185,2026-06-26 00:32:00,10,0,0
7719,309,407,2026-07-26 00:26:00,23,0,0
7720,1632,307,2026-01-15 00:56:00,16,0,0
7721,951,143,2025-11-07 00:41:00,15,0,0
7722,1761,204,2025-11-12 00:32:00,42,0,1
7723,1509,18,2026-04-10 00:46:00,38,0,1
7724,317,78,2025-10-31 00:30:00,39,1,0
7725,1703,25,2026-07-04 00:02:00,39,0,0
7726,506,101,2026-08-17 00:18:00,11,0,0
7727,323,76,2026-09-05 00:31:00,7,0,0
7728,211,460,2026-02-17 00:37:00,5,0,1
7729,657,330,2026-05-06 00:29:00,19,0,0
7730,545,29,2025-05-06 00:23:00,34,0,1
7731,669,33,2025-04-02 00:58:00,5,0,0
7732,1255,281,2026-08-19 00:29:00,1,0,0
7733,393,243,2026-05-26 00:50:00,1,0,1
7734,1476,78,2026-06-18 00:46:00,26,0,1
7735,132,477,2026-04-21 00:08:00,3,0,0
7736,158,166,2025-07-28 00:06:00,3,0,0
7737,1246,109,2026-08-10 00:26:00,20,0,0
7738,592,463,2026-02-08 00:35:00,45,0,1
7739,1560,174,2026-06-14 00:08:00,7,1,1
7740,563,71,2026-08-14 00:34:00,35,0,1
7741,1006,375,2026-08-07 00:52:00,19,0,1
7742,714,261,2026-08-31 00:18:00,36,1,1
7743,1235,381,2026-06-29 00:38:00,66,0,1
7744,409,346,2026-08-10 00:55:00,5,0,0
7745,1800,112,2026-08-25 00:28:00,3,0,0
7746,858,157,2026-08-24 00:32:00,5,0,0
7747,93,337,2026-09-03 00:48:00,1,0,0
7748,79,244,2025-11-19 00:58:00,6,0,0
7749,1440,211,2025-12-09 00:55:00,1,0,0
7750,47,366,2026-01-31 00:59:00,5,0,1
7751,1237,322,2026-04-28 00:24:00,1,1,0
7752,857,168,2025-10-31 00:56:00,21,0,0
7753,373,225,2026-05-27 00:02:00,4,0,1
7754,1250,304,2026-05-03 00:53:00,11,0,1
7755,1357,497,2026-03-13 00:18:00,1,0,0
7756,924,364,2026-09-02 00:36:00,94,0,1
7757,1627,277,2025-05-18 00:29:00,3,0,1
7758,800,459,2026-08-02 00:58:00,3,0,1
7759,460,356,2026-08-24 00:13:00,53,0,0
7760,1421,423,2026-06-23 00:42:00,4,1,0
7761,1362,500,2026-05-16 00:12:00,4,0,0
7762,915,24,2025-12-26 00:52:00,20,0,0
7763,1220,74,2026-05-28 00:20:00,17,0,0
7764,633,57,2026-03-16 00:17:00,2,0,0
7765,1282,385,2026-08-02 00:02:00,28,0,1
7766,1706,217,2026-08-20 00:14:00,2,0,1
7767,1298,28,2026-02-06 00:45:00,7,0,1
7768,1374,142,2026-03-01 00:22:00,8,0,0
7769,1010,218,2026-01-13 00:40:00,19,0,0
7770,137,168,2026-08-07 00:04:00,3,0,0
7771,755,361,2026-01-02 00:09:00,32,0,0
7772,1074,34,2026-07-11 00:19:00,9,0,0
7773,294,424,2026-04-09 00:52:00,9,0,0
7774,407,225,2026-05-31 00:41:00,1,0,0
7775,1618,422,2026-07-26 00:53:00,28,0,0
7776,709,408,2026-01-06 00:00:00,2,0,1
7777,386,42,2026-06-30 00:34:00,10,0,1
7778,1374,287,2026-06-06 00:47:00,3,0,0
7779,1632,354,2026-06-14 00:30:00,39,0,0
7780,634,124,2026-06-04 00:05:00,1,0,0
7781,1717,302,2026-01-31 00:51:00,24,0,0
7782,641,55,2026-01-15 00:47:00,11,0,1
7783,1090,98,2025-09-27 00:30:00,1,0,0
7784,765,26,2026-07-26 00:10:00,12,0,0
7785,1582,387,2026-04-16 00:02:00,5,1,0
7786,456,440,2026-08-30 00:39:00,4,0,1
7787,1408,165,2026-08-08 00:36:00,7,0,0
7788,367,220,2026-06-24 00:01:00,2,0,1
7789,431,210,2026-09-05 00:59:00,9,0,1
7790,413,378,2026-07-24 00:11:00,14,0,0
7791,1388,438,2026-08-23 00:03:00,44,0,1
7792,167,462,2025-11-06 00:46:00,15,0,1
7793,954,143,2026-05-17 00:50:00,21,0,0
7794,110,284,2026-05-02 00:36:00,6,0,0
7795,953,406,2025-07-20 00:31:00,4,0,1
7796,775,452,2026-02-01 00:01:00,7,1,0
7797,1417,232,2026-03-24 00:35:00,18,0,0
7798,1626,355,2026-08-08 00:37:00,44,0,0
7799,763,321,2026-08-15 00:47:00,6,0,1
7800,745,294,2026-07-10 00:04:00,1,0,1
7801,1484,6,2026-06-08 00:20:00,5,0,0
7802,1480,116,2026-09-06 00:11:00,2,0,0
7803,85,379,2026-03-23 00:58:00,1,0,0
7804,1194,131,2026-02-02 00:06:00,4,0,1
7805,876,375,2026-08-22 00:45:00,1,0,1
7806,1440,399,2026-04-11 00:14:00,3,0,1
7807,995,203,2026-03-21 00:40:00,3,0,1
7808,556,272,2026-07-14 00:40:00,12,0,0
7809,79,313,2026-06-07 00:07:00,25,0,0
7810,1033,478,2026-04-08 00:56:00,57,0,0
7811,365,217,2026-07-09 00:18:00,25,0,0
7812,1348,383,2026-09-02 00:30:00,36,0,1
7813,1750,30,2026-02-24 00:23:00,8,0,1
7814,1607,482,2026-07-28 00:51:00,6,0,1
7815,289,191,2026-08-23 00:35:00,12,0,0
7816,1391,27,2026-03-21 00:18:00,14,0,0
7817,1397,434,2026-05-18 00:08:00,8,0,0
7818,1147,443,2026-09-03 00:16:00,32,0,0
7819,1540,33,2026-08-06 00:23:00,36,0,1
7820,1468,61,2026-05-14 00:20:00,27,0,1
7821,1280,12,2026-08-08 00:26:00,3,0,0
7822,973,177,2026-07-22 00:51:00,9,0,1
7823,87,24,2026-03-31 00:45:00,20,0,0
7824,1394,418,2026-08-11 00:57:00,7,0,1
7825,665,220,2026-05-16 00:55:00,32,1,0
7826,736,185,2026-07-11 00:22:00,20,0,0
7827,189,389,2026-02-12 00:26:00,29,1,0
7828,309,395,2026-08-24 00:11:00,8,0,1
7829,1401,296,2026-07-26 00:40:00,46,0,0
7830,1258,154,2025-11-14 00:34:00,17,0,1
7831,1416,228,2026-09-04 00:52:00,55,0,0
7832,761,145,2026-03-31 00:47:00,7,0,0
7833,1629,93,2026-05-09 00:13:00,5,0,1
7834,1198,115,2026-07-12 00:49:00,1,0,1
7835,915,181,2026-03-03 00:11:00,5,0,0
7836,1790,146,2026-08-28 00:29:00,5,0,0
7837,1654,381,2026-08-14 00:36:00,20,0,0
7838,110,142,2026-07-06 00:54:00,19,0,1
7839,443,347,2026-09-07 00:59:00,3,0,0
7840,162,365,2026-04-30 00:05:00,23,0,0
7841,190,378,2026-09-06 00:01:00,17,1,1
7842,667,130,2026-08-27 00:32:00,24,0,1
7843,878,82,2026-08-05 00:01:00,45,0,0
7844,258,140,2025-11-26 00:01:00,12,0,0
7845,306,199,2026-03-21 00:58:00,4,0,1
7846,662,85,2026-06-18 00:57:00,55,0,1
7847,545,164,2025-08-30 00:59:00,31,0,1
7848,123,302,2026-08-31 00:21:00,1,0,1
7849,1397,277,2026-08-28 00:40:00,2,0,0
7850,1204,323,2026-05-01 00:51:00,10,0,1
7851,856,374,2026-07-05 00:36:00,2,0,0
7852,306,123,2026-05-21 00:28:00,18,0,0
7853,1561,499,2026-04-11 00:08:00,23,1,0
7854,746,222,2025-09-24 00:13:00,14,0,1
7855,877,223,2026-09-06 00:54:00,52,0,1
7856,1333,333,2026-02-02 00:36:00,4,0,0
7857,449,102,2026-07-20 00:33:00,5,0,1
7858,1179,13,2026-05-29 00:43:00,1,0,0
7859,1676,234,2026-05-17 00:57:00,30,0,0
7860,1489,261,2026-03-18 00:28:00,13,0,0
7861,382,341,2025-09-24 00:43:00,1,0,0
7862,875,331,2026-05-23 00:29:00,21,0,1
7863,1559,135,2026-03-20 00:46:00,4,0,1
7864,903,416,2026-05-03 00:36:00,32,0,0
7865,1516,239,2026-09-07 00:08:00,2,0,0
7866,1575,105,2026-08-19 00:49:00,1,0,1
7867,1289,466,2026-06-05 00:30:00,1,0,0
7868,1445,406,2026-07-06 00:47:00,154,0,1
7869,1316,222,2026-08-25 00:35:00,3,1,0
7870,778,444,2026-06-30 00:50:00,3,0,0
7871,1078,150,2026-07-06 00:01:00,2,0,1
7872,1528,78,2026-05-22 00:01:00,11,0,1
7873,768,451,2026-07-12 00:25:00,1,0,1
7874,1140,131,2026-03-30 00:27:00,1,0,1
7875,1706,438,2026-08-08 00:30:00,6,1,0
7876,1577,284,2026-07-31 00:56:00,49,0,0
7877,1,332,2026-07-12 00:47:00,24,1,0
7878,520,311,2026-08-12 00:27:00,40,0,0
7879,1420,99,2026-01-26 00:37:00,1,0,1
7880,1744,399,2026-03-22 00:58:00,1,0,0
7881,922,243,2025-12-16 00:46:00,21,1,1
7882,876,179,2026-06-02 00:50:00,14,0,1
7883,991,353,2026-01-01 00:59:00,45,0,1
7884,1386,342,2026-09-03 00:10:00,1,0,1
7885,475,494,2026-05-01 00:18:00,5,0,0
7886,42,367,2026-07-13 00:02:00,26,0,1
7887,148,233,2026-01-24 00:16:00,16,0,0
7888,1531,40,2026-07-20 00:50:00,2,0,1
7889,806,75,2026-03-04 00:55:00,4,0,1
7890,971,262,2026-09-05 00:05:00,39,0,1
7891,51,253,2025-08-03 00:56:00,18,0,1
7892,583,63,2026-08-05 00:14:00,73,0,0
7893,1670,492,2026-07-07 00:49:00,4,0,1
7894,1495,305,2026-04-26 00:17:00,21,0,1
7895,566,338,2026-04-28 00:45:00,79,0,0
7896,1730,281,2026-08-21 00:06:00,19,1,0
7897,1301,216,2026-09-07 00:17:00,17,0,1
7898,785,182,2026-08-30 00:24:00,40,0,0
7899,1431,180,2025-11-02 00:02:00,1,0,1
7900,1037,43,2026-04-01 00:04:00,1,0,1
7901,1658,3,2026-01-25 00:03:00,20,1,0
7902,1175,38,2026-06-26 00:20:00,2,0,0
7903,1284,458,2026-09-02 00:31:00,2,0,0
7904,947,198,2026-04-25 00:57:00,6,0,1
7905,1158,127,2026-05-09 00:02:00,25,0,0
7906,623,497,2026-08-19 00:28:00,17,0,1
7907,1288,120,2025-12-08 00:12:00,32,0,0
7908,1090,220,2026-01-27 00:39:00,3,1,1
7909,1546,54,2026-05-24 00:22:00,1,1,0
7910,559,395,2026-05-03 00:17:00,1,0,1
7911,199,258,2026-05-07 00:43:00,51,0,1
7912,1742,479,2025-12-28 00:01:00,7,0,1
7913,1735,166,2026-08-31 00:22:00,1,0,1
7914,390,256,2026-03-02 00:07:00,9,0,1
7915,263,300,2026-07-18 00:23:00,1,0,0
7916,1652,206,2026-08-23 00:03:00,48,0,0
7917,56,231,2026-02-02 00:57:00,12,0,0
7918,1159,463,2025-11-04 00:22:00,7,0,1
7919,1422,206,2026-08-10 00:45:00,20,0,0
7920,1384,59,2026-05-13 00:37:00,51,0,1
7921,306,427,2025-10-01 00:47:00,8,0,0
7922,1407,83,2026-08-19 00:47:00,1,0,1
7923,1414,405,2026-06-03 00:50:00,2,0,1
7924,127,468,2025-08-07 00:41:00,1,0,1
7925,1568,250,2026-03-30 00:01:00,26,0,0
7926,1470,118,2026-06-12 00:05:00,73,0,0
7927,1125,102,2025-10-10 00:04:00,7,0,0
7928,846,283,2026-04-01 00:50:00,9,1,0
7929,1494,215,2026-06-12 00:18:00,54,0,1
7930,395,158,2026-07-23 00:00:00,8,0,0
7931,637,65,2026-07-27 00:11:00,9,0,1
7932,178,109,2026-08-16 00:40:00,33,0,0
7933,363,138,2026-04-06 00:24:00,21,0,0
7934,225,281,2026-03-17 00:52:00,25,0,1
7935,333,132,2025-12-08 00:37:00,9,0,0
7936,1253,145,2026-09-02 00:49:00,45,0,0
7937,1017,192,2025-09-08 00:11:00,5,0,0
7938,1450,253,2025-11-05 00:39:00,1,0,1
7939,766,209,2026-05-31 00:04:00,29,0,0
7940,1688,157,2026-08-24 00:57:00,9,0,0
7941,1699,365,2026-07-28 00:00:00,27,0,0
7942,1572,118,2026-02-04 00:40:00,52,0,1
7943,882,402,2025-11-13 00:49:00,1,0,0
7944,1270,160,2026-02-25 00:32:00,7,0,0
7945,712,105,2026-07-18 00:09:00,11,0,0
7946,543,280,2026-02-14 00:13:00,13,0,1
7947,1338,424,2026-04-30 00:05:00,1,0,1
7948,110,33,2026-06-29 00:36:00,1,0,0
7949,53,420,2026-07-12 00:53:00,9,0,1
7950,1702,347,2025-08-27 00:39:00,36,0,1
7951,506,164,2026-09-01 00:09:00,2,0,0
7952,1738,163,2026-06-14 00:30:00,1,0,0
7953,223,50,2026-03-11 00:55:00,1,0,1
7954,467,184,2025-11-29 00:34:00,48,1,1
7955,141,253,2026-02-13 00:13:00,32,0,0
7956,1004,376,2026-04-01 00:30:00,10,0,1
7957,1149,134,2026-09-03 00:50:00,11,0,0
7958,1683,305,2026-05-19 00:46:00,5,0,0
7959,252,446,2026-06-26 00:33:00,6,0,0
7960,107,426,2026-05-21 00:09:00,8,0,1
7961,1535,81,2026-09-01 00:31:00,18,0,0
7962,1158,391,2026-01-14 00:22:00,6,0,0
7963,1299,28,2025-10-19 00:42:00,27,0,1
7964,1651,316,2026-07-03 00:45:00,14,1,1
7965,300,289,2025-10-19 00:04:00,43,1,0
7966,784,77,2026-05-25 00:53:00,20,0,0
7967,1569,388,2026-03-21 00:08:00,1,0,1
7968,516,93,2026-03-22 00:17:00,30,0,0
7969,1324,62,2026-03-28 00:23:00,26,0,1
7970,888,345,2026-07-27 00:47:00,49,1,0
7971,1382,268,2026-01-28 00:59:00,15,0,0
7972,198,293,2026-07-17 00:01:00,10,1,1
7973,315,223,2025-06-09 00:09:00,18,0,1
7974,1519,297,2026-09-06 00:10:00,18,0,1
7975,398,93,2026-06-12 00:49:00,76,0,0
7976,824,92,2026-03-28 00:36:00,15,0,0
7977,381,269,2026-07-26 00:33:00,12,1,0
7978,367,144,2026-06-05 00:51:00,7,0,0
7979,390,73,2026-08-21 00:49:00,42,0,0
7980,1187,342,2026-04-12 00:16:00,20,0,1
7981,1754,214,2026-04-22 00:14:00,1,0,1
7982,446,396,2026-08-30 00:25:00,17,1,0
7983,20,402,2026-07-28 00:01:00,27,0,0
7984,1692,235,2026-06-28 00:14:00,16,0,0
7985,959,202,2026-06-13 00:04:00,43,0,0
7986,1472,98,2026-04-25 00:27:00,22,0,0
7987,1788,114,2026-07-24 00:34:00,9,0,1
7988,388,322,2026-05-04 00:14:00,11,0,0
7989,1786,441,2026-08-03 00:38:00,17,0,0
7990,84,102,2026-07-08 00:14:00,45,0,1
7991,1284,349,2026-07-23 00:26:00,20,0,1
7992,92,40,2026-07-14 00:37:00,5,0,1
7993,353,400,2025-05-22 00:27:00,16,0,0
7994,406,220,2026-02-20 00:19:00,15,0,1
7995,968,349,2026-03-17 00:51:00,17,0,0
7996,111,393,2026-07-20 00:09:00,23,0,0
7997,1122,426,2026-05-15 00:40:00,3,0,0
7998,288,309,2025-08-06 00:28:00,39,0,1
7999,572,16,2026-07-12 00:07:00,83,0,0
8000,1278,24,2026-07-25 00:44:00,10,0,0
8001,1584,89,2025-06-03 00:22:00,11,0,1
8002,1569,173,2026-06-27 00:03:00,6,0,0
8003,1329,205,2026-06-02 00:21:00,1,1,0
8004,1439,201,2026-02-18 00:59:00,29,0,0
8005,650,359,2026-02-08 00:16:00,1,0,1
8006,1402,136,2025-11-23 00:22:00,47,0,0
8007,1052,449,2026-07-04 00:17:00,11,0,1
8008,1551,242,2026-06-10 00:20:00,26,0,1
8009,264,196,2026-08-14 00:04:00,4,1,1
8010,28,183,2025-11-19 00:29:00,62,0,1
8011,1074,214,2026-08-12 00:20:00,21,0,1
8012,684,235,2025-06-29 00:30:00,30,0,0
8013,1052,64,2026-03-08 00:40:00,93,0,1
8014,1539,309,2026-04-19 00:22:00,1,0,1
8015,1600,388,2026-07-19 00:03:00,1,0,1
8016,1157,389,2026-01-26 00:51:00,31,0,1
8017,1002,70,2026-03-12 00:26:00,5,1,0
8018,803,222,2025-10-14 00:53:00,25,0,0
8019,127,72,2025-06-02 00:08:00,52,0,0
8020,1446,324,2026-08-01 00:07:00,9,0,1
8021,1657,94,2026-06-08 00:05:00,5,0,0
8022,1024,404,2026-07-25 00:55:00,14,0,0
8023,96,237,2025-11-16 00:32:00,36,0,0
8024,263,105,2026-09-05 00:46:00,3,0,0
8025,142,354,2025-09-15 00:41:00,26,0,0
8026,1028,118,2025-08-09 00:47:00,16,0,1
8027,107,256,2025-10-20 00:13:00,20,0,0
8028,357,79,2026-06-13 00:34:00,21,0,1
8029,755,76,2025-08-31 00:24:00,19,0,0
8030,1660,452,2026-02-14 00:10:00,35,0,1
8031,1468,303,2026-02-16 00:33:00,1,0,0
8032,174,109,2026-08-02 00:40:00,9,0,0
8033,838,335,2026-08-27 00:33:00,27,0,1
8034,1115,242,2026-05-11 00:58:00,92,0,0
8035,1095,309,2026-08-04 00:50:00,15,0,1
8036,1749,249,2026-01-10 00:42:00,26,0,0
8037,93,22,2026-08-20 00:56:00,30,0,0
8038,42,84,2026-08-11 00:47:00,1,0,0
8039,700,414,2026-04-02 00:53:00,1,0,0
8040,794,401,2026-08-20 00:28:00,34,0,0
8041,253,10,2026-09-05 00:53:00,15,0,1
8042,1432,257,2026-04-17 00:16:00,1,0,1
8043,12,26,2026-04-16 00:50:00,5,0,1
8044,1205,168,2026-05-11 00:51:00,19,0,0
8045,560,68,2025-07-19 00:06:00,15,0,0
8046,139,428,2026-07-30 00:52:00,6,0,0
8047,1502,184,2026-07-12 00:51:00,2,0,1
8048,1553,35,2026-07-04 00:01:00,7,0,0
8049,270,286,2026-02-02 00:00:00,1,0,1
8050,1506,435,2025-06-30 00:45:00,3,0,0
8051,606,26,2026-08-25 00:04:00,48,0,0
8052,1710,365,2025-09-06 00:44:00,45,0,0
8053,1439,219,2026-08-10 00:05:00,17,0,0
8054,1708,189,2026-04-27 00:34:00,31,0,1
8055,844,368,2026-06-01 00:13:00,8,0,0
8056,976,152,2025-10-25 00:25:00,1,0,1
8057,1601,414,2026-05-06 00:45:00,6,0,1
8058,126,97,2026-06-24 00:55:00,1,0,0
8059,1475,348,2025-12-07 00:50:00,130,0,0
8060,622,165,2026-08-16 00:37:00,3,0,0
8061,578,63,2026-07-07 00:15:00,4,0,0
8062,795,465,2025-08-13 00:05:00,73,0,0
8063,43,252,2026-05-05 00:12:00,30,1,1
8064,793,351,2026-08-09 00:11:00,12,0,1
8065,11,117,2025-05-25 00:25:00,30,0,0
8066,1570,498,2026-06-19 00:40:00,22,0,0
8067,999,155,2026-06-05 00:05:00,86,0,0
8068,1164,148,2025-09-03 00:39:00,1,0,0
8069,450,208,2025-09-12 00:52:00,16,0,0
8070,1032,344,2026-05-05 00:19:00,15,0,1
8071,363,179,2026-08-31 00:28:00,4,0,0
8072,513,30,2026-03-15 00:47:00,49,0,0
8073,1590,194,2025-12-28 00:36:00,1,0,1
8074,1737,111,2026-02-14 00:17:00,15,0,0
8075,958,271,2026-04-22 00:33:00,68,0,1
8076,1456,452,2026-04-22 00:39:00,29,0,1
8077,1625,31,2026-01-05 00:24:00,27,0,1
8078,1442,94,2026-08-27 00:34:00,3,0,1
8079,961,354,2026-04-09 00:21:00,6,0,1
8080,230,266,2026-08-23 00:34:00,5,0,0
8081,1316,260,2026-08-19 00:58:00,10,0,0
8082,241,13,2026-09-04 00:26:00,26,0,0
8083,825,169,2026-05-03 00:24:00,21,0,0
8084,1299,350,2026-02-05 00:28:00,24,0,0
8085,540,76,2026-07-12 00:37:00,5,0,1
8086,1789,334,2026-02-20 00:19:00,39,0,0
8087,520,43,2026-07-30 00:53:00,10,0,0
8088,90,81,2026-06-17 00:18:00,30,0,0
8089,774,46,2026-08-17 00:08:00,10,1,0
8090,244,15,2025-11-28 00:27:00,10,0,0
8091,77,389,2026-04-25 00:10:00,68,0,0
8092,1163,439,2026-07-23 00:10:00,11,0,0
8093,158,100,2025-05-27 00:51:00,6,0,0
8094,1014,360,2026-07-25 00:00:00,1,0,0
8095,96,107,2026-03-09 00:36:00,4,0,0
8096,593,500,2026-07-12 00:40:00,6,0,1
8097,398,469,2025-09-07 00:50:00,20,0,0
8098,820,146,2026-08-01 00:03:00,23,0,1
8099,1772,37,2026-08-22 00:02:00,7,0,1
8100,555,268,2026-07-15 00:21:00,18,0,1
8101,1625,431,2026-04-02 00:20:00,6,0,1
8102,969,273,2025-10-04 00:58:00,6,0,1
8103,318,290,2026-07-10 00:14:00,5,1,0
8104,747,5,2026-08-01 00:00:00,63,0,0
8105,1035,59,2026-04-10 00:17:00,57,0,0
8106,209,71,2026-02-03 00:44:00,4,1,0
8107,413,485,2026-07-16 00:15:00,2,0,0
8108,1031,60,2026-04-17 00:38:00,17,0,1
8109,461,233,2026-07-31 00:49:00,12,1,0
8110,602,231,2025-11-21 00:20:00,63,0,0
8111,1755,88,2026-05-10 00:06:00,19,0,0
8112,498,228,2026-02-12 00:02:00,1,0,1
8113,1708,296,2026-08-14 00:31:00,9,0,0
8114,893,123,2026-05-12 00:35:00,9,0,1
8115,406,164,2026-09-02 00:51:00,19,0,1
8116,1004,441,2025-09-10 00:37:00,17,0,0
8117,1232,46,2026-03-26 00:03:00,76,0,0
8118,591,149,2026-06-30 00:12:00,1,0,0
8119,781,57,2026-06-10 00:46:00,15,0,1
8120,1104,336,2026-08-29 00:53:00,3,0,0
8121,841,134,2026-09-02 00:38:00,2,0,0
8122,176,111,2026-04-28 00:43:00,24,0,1
8123,663,199,2026-02-15 00:33:00,6,0,0
8124,514,421,2025-10-21 00:16:00,35,0,0
8125,1199,56,2026-04-18 00:09:00,48,0,1
8126,109,465,2026-04-18 00:06:00,4,0,1
8127,659,465,2026-03-31 00:25:00,1,0,1
8128,1560,499,2026-08-05 00:52:00,71,1,0
8129,702,255,2026-05-23 00:32:00,21,0,0
8130,1137,309,2026-07-29 00:16:00,16,0,0
8131,773,207,2026-05-23 00:58:00,1,0,1
8132,484,338,2026-06-17 00:09:00,1,0,0
8133,855,282,2026-05-12 00:53:00,3,0,1
8134,1305,396,2026-07-22 00:29:00,24,0,0
8135,676,463,2026-09-03 00:36:00,34,0,0
8136,1183,103,2025-11-20 00:40:00,20,0,0
8137,1782,491,2025-07-02 00:00:00,32,1,0
8138,1617,384,2026-01-30 00:21:00,6,1,1
8139,1616,348,2026-07-22 00:53:00,21,0,1
8140,1217,23,2025-03-26 00:04:00,29,0,1
8141,1618,462,2025-10-02 00:00:00,10,0,0
8142,516,405,2025-12-31 00:03:00,29,0,1
8143,997,309,2025-07-25 00:19:00,5,0,0
8144,186,105,2026-06-28 00:26:00,32,0,1
8145,112,215,2026-09-02 00:30:00,22,0,0
8146,878,161,2026-08-18 00:34:00,24,0,0
8147,381,9,2026-07-06 00:59:00,31,0,0
8148,1768,369,2026-02-25 00:48:00,8,0,0
8149,771,216,2025-09-08 00:33:00,16,0,0
8150,836,228,2026-04-13 00:10:00,4,0,0
8151,876,331,2026-06-08 00:13:00,5,0,0
8152,1612,113,2026-05-27 00:37:00,5,1,1
8153,1103,102,2026-07-13 00:23:00,12,0,0
8154,114,474,2026-06-28 00:33:00,8,0,0
8155,117,440,2026-08-17 00:18:00,6,0,1
8156,649,124,2026-08-09 00:42:00,22,0,1
8157,1452,417,2026-05-29 00:22:00,29,0,0
8158,1734,200,2026-07-31 00:08:00,25,0,0
8159,1250,424,2026-05-09 00:52:00,1,0,0
8160,1339,321,2026-07-13 00:43:00,15,0,0
8161,525,273,2026-05-19 00:59:00,43,0,1
8162,38,357,2026-07-10 00:04:00,9,0,0
8163,1050,480,2025-08-26 00:27:00,2,0,0
8164,1447,111,2025-07-30 00:36:00,8,0,0
8165,1701,82,2026-08-26 00:44:00,26,0,1
8166,958,346,2025-11-18 00:22:00,44,0,0
8167,708,342,2026-04-10 00:12:00,22,0,0
8168,941,344,2026-05-27 00:37:00,6,0,1
8169,1605,446,2026-01-20 00:31:00,6,0,1
8170,337,427,2026-08-10 00:34:00,26,0,0
8171,1200,180,2026-02-11 00:23:00,4,1,1
8172,1373,384,2025-07-17 00:36:00,4,0,0
8173,756,309,2026-01-17 00:46:00,1,0,0
8174,1721,342,2026-03-08 00:29:00,40,0,1
8175,1457,188,2026-05-04 00:51:00,2,0,0
8176,1252,20,2026-08-17 00:07:00,16,0,0
8177,1095,233,2026-06-14 00:40:00,75,0,1
8178,322,69,2026-07-10 00:27:00,19,0,1
8179,411,327,2026-07-18 00:04:00,7,0,0
8180,859,208,2026-04-08 00:11:00,5,0,0
8181,107,429,2026-04-28 00:01:00,12,0,1
8182,1008,221,2025-07-07 00:41:00,24,0,0
8183,1046,284,2026-01-13 00:45:00,16,0,0
8184,1429,201,2026-03-25 00:21:00,13,0,0
8185,896,460,2026-03-30 00:04:00,7,0,1
8186,256,63,2026-06-30 00:00:00,58,0,1
8187,1597,489,2025-07-25 00:33:00,8,0,0
8188,412,473,2026-07-14 00:01:00,1,0,0
8189,242,287,2025-09-29 00:49:00,2,0,0
8190,1733,207,2026-09-01 00:02:00,1,0,1
8191,1460,99,2026-06-22 00:05:00,31,0,1
8192,287,256,2026-08-28 00:16:00,12,0,0
8193,202,302,2025-12-27 00:25:00,1,0,1
8194,1491,437,2026-06-24 00:14:00,5,0,1
8195,1769,198,2026-03-27 00:23:00,17,0,0
8196,992,146,2026-05-21 00:16:00,22,0,1
8197,1621,449,2026-02-18 00:18:00,9,0,1
8198,1272,182,2026-04-14 00:12:00,5,0,0
8199,442,27,2026-05-05 00:16:00,6,0,1
8200,75,428,2026-02-10 00:41:00,7,0,0
8201,1491,86,2026-03-25 00:50:00,36,0,1
8202,477,224,2026-04-08 00:39:00,8,0,1
8203,1748,299,2026-08-23 00:00:00,3,0,0
8204,386,86,2026-07-10 00:38:00,29,0,0
8205,1707,184,2026-06-04 00:19:00,1,1,1
8206,1296,55,2025-09-30 00:07:00,8,0,0
8207,860,325,2026-08-31 00:26:00,14,0,0
8208,1324,368,2026-01-04 00:28:00,3,0,0
8209,847,420,2025-12-21 00:02:00,1,0,1
8210,837,141,2026-07-26 00:27:00,3,0,0
8211,1326,359,2026-07-05 00:56:00,2,0,1
8212,1407,22,2026-07-15 00:08:00,2,0,0
8213,649,144,2026-08-04 00:08:00,40,0,0
8214,377,23,2026-08-18 00:02:00,28,0,0
8215,226,351,2026-06-12 00:30:00,4,0,1
8216,350,33,2026-05-08 00:19:00,27,0,1
8217,129,122,2026-08-14 00:35:00,11,0,0
8218,769,449,2026-06-05 00:27:00,28,0,0
8219,1320,382,2026-07-28 00:54:00,36,0,1
8220,980,221,2026-07-21 00:12:00,2,0,0
8221,641,386,2026-03-05 00:28:00,30,0,0
8222,1312,22,2026-07-13 00:31:00,5,0,1
8223,220,347,2026-05-26 00:32:00,12,0,0
8224,1424,135,2026-08-19 00:54:00,6,0,0
8225,1486,220,2026-03-23 00:20:00,17,0,1
8226,1146,237,2025-10-18 00:37:00,5,0,0
8227,5,429,2025-11-17 00:52:00,15,0,1
8228,846,386,2026-03-26 00:42:00,38,0,1
8229,396,26,2026-07-07 00:14:00,12,0,0
8230,351,410,2025-12-09 00:11:00,2,0,1
8231,1241,453,2026-08-14 00:05:00,3,0,0
8232,1012,155,2026-07-09 00:47:00,7,0,1
8233,903,254,2026-06-30 00:21:00,1,0,0
8234,385,184,2026-04-22 00:04:00,27,0,0
8235,1025,227,2026-07-30 00:14:00,5,0,0
8236,37,293,2025-06-16 00:35:00,97,0,1
8237,274,70,2026-05-25 00:02:00,2,0,1
8238,1735,220,2026-09-01 00:51:00,31,0,0
8239,441,99,2025-12-05 00:57:00,6,0,0
8240,381,231,2026-07-21 00:32:00,1,0,0
8241,431,281,2026-08-11 00:36:00,26,0,1
8242,1041,478,2026-08-25 00:34:00,26,0,0
8243,1519,18,2026-03-15 00:11:00,7,0,0
8244,799,287,2026-06-11 00:48:00,8,0,1
8245,1077,276,2026-02-18 00:58:00,66,0,1
8246,1046,219,2026-05-18 00:57:00,48,0,1
8247,27,288,2026-01-12 00:02:00,5,0,0
8248,507,435,2026-08-09 00:59:00,36,1,1
8249,463,458,2026-04-01 00:12:00,33,0,1
8250,1147,166,2026-08-01 00:54:00,3,0,0
8251,190,1,2025-10-13 00:46:00,14,0,0
8252,1768,60,2026-03-09 00:05:00,12,0,1
8253,1457,132,2026-05-08 00:59:00,11,0,0
8254,195,166,2026-05-20 00:03:00,57,0,1
8255,209,337,2026-03-20 00:10:00,4,0,1
8256,1741,24,2026-03-26 00:55:00,41,0,1
8257,459,261,2025-11-06 00:48:00,49,0,1
8258,747,204,2026-07-08 00:41:00,50,0,0
8259,377,259,2026-08-15 00:00:00,60,0,0
8260,666,57,2026-01-29 00:13:00,2,0,1
8261,1573,440,2026-06-25 00:38:00,6,0,1
8262,339,313,2026-07-11 00:48:00,2,0,1
8263,853,173,2026-02-19 00:42:00,22,0,0
8264,1734,427,2026-07-19 00:02:00,18,0,1
8265,793,432,2026-08-09 00:16:00,1,0,1
8266,1211,283,2026-08-08 00:53:00,101,0,1
8267,1328,9,2026-05-07 00:19:00,1,0,0
8268,637,282,2026-07-30 00:08:00,8,0,0
8269,1600,266,2026-08-19 00:25:00,47,0,0
8270,737,340,2026-03-13 00:25:00,11,0,0
8271,493,210,2026-04-07 00:58:00,32,0,0
8272,160,63,2026-05-21 00:19:00,4,0,1
8273,565,380,2025-12-18 00:47:00,5,0,0
8274,1653,181,2025-08-29 00:45:00,2,0,1
8275,652,175,2026-02-16 00:32:00,49,1,1
8276,486,302,2026-06-27 00:23:00,30,0,0
8277,1273,138,2025-10-21 00:44:00,2,1,0
8278,736,499,2026-08-04 00:26:00,29,0,0
8279,1794,401,2025-10-20 00:34:00,3,0,0
8280,1,8,2026-05-14 00:36:00,24,0,1
8281,181,465,2025-12-29 00:32:00,13,0,0
8282,357,116,2026-04-07 00:29:00,23,0,1
8283,992,203,2026-06-10 00:26:00,28,0,1
8284,1298,478,2026-02-25 00:52:00,35,0,1
8285,974,51,2026-03-02 00:54:00,2,0,0
8286,799,50,2026-04-30 00:54:00,74,0,0
8287,804,381,2026-07-21 00:54:00,15,0,0
8288,1330,75,2026-06-28 00:15:00,26,0,0
8289,631,491,2026-07-07 00:35:00,19,0,1
8290,240,388,2025-12-19 00:58:00,21,0,0
8291,591,12,2026-07-10 00:40:00,10,0,1
8292,609,304,2026-05-02 00:43:00,19,0,0
8293,1160,180,2026-08-21 00:50:00,46,0,1
8294,841,65,2026-08-19 00:41:00,49,0,1
8295,379,438,2026-03-11 00:21:00,20,0,1
8296,46,460,2025-12-17 00:47:00,4,0,1
8297,1750,377,2026-07-25 00:59:00,29,0,0
8298,802,36,2025-09-04 00:14:00,31,0,0
8299,590,112,2026-09-04 00:44:00,8,0,0
8300,588,320,2026-05-04 00:46:00,74,0,0
8301,957,447,2026-07-09 00:13:00,9,0,0
8302,440,64,2025-08-29 00:01:00,27,0,1
8303,1529,335,2026-06-18 00:36:00,19,0,0
8304,920,312,2026-02-10 00:35:00,33,0,0
8305,1431,334,2026-05-17 00:31:00,51,0,0
8306,432,489,2025-10-06 00:27:00,13,0,1
8307,1700,450,2026-04-18 00:41:00,27,0,1
8308,865,122,2026-05-17 00:15:00,73,0,0
8309,1626,114,2026-08-12 00:44:00,7,0,1
8310,880,88,2026-04-12 00:41:00,92,0,1
8311,219,482,2026-04-16 00:05:00,6,0,1
8312,249,60,2026-07-15 00:54:00,5,0,0
8313,935,374,2026-06-27 00:19:00,53,1,0
8314,1333,83,2026-01-30 00:35:00,2,0,0
8315,878,83,2026-06-27 00:46:00,30,0,1
8316,554,71,2026-05-25 00:14:00,20,0,1
8317,783,388,2026-04-05 00:18:00,61,0,0
8318,1395,282,2026-07-30 00:46:00,4,0,0
8319,1587,84,2026-08-29 00:05:00,5,0,0
8320,1164,25,2026-07-27 00:58:00,28,0,1
8321,1045,264,2025-11-05 00:10:00,3,0,0
8322,1247,177,2026-02-18 00:56:00,37,0,1
8323,444,149,2025-11-05 00:03:00,12,0,0
8324,1190,363,2026-08-04 00:19:00,28,0,1
8325,1254,248,2026-04-23 00:04:00,17,0,0
8326,467,43,2026-03-01 00:58:00,8,0,0
8327,775,108,2026-05-27 00:54:00,11,0,0
8328,1692,407,2026-07-29 00:35:00,17,0,1
8329,977,30,2026-09-06 00:58:00,3,0,0
8330,1724,352,2026-07-31 00:10:00,11,0,0
8331,276,56,2026-03-22 00:09:00,1,1,1
8332,128,227,2026-05-16 00:59:00,12,0,1
8333,1155,72,2026-07-30 00:35:00,16,0,1
8334,284,469,2026-05-23 00:00:00,25,0,0
8335,162,190,2026-04-19 00:15:00,27,0,1
8336,889,272,2026-06-04 00:42:00,1,0,1
8337,1100,15,2026-07-26 00:10:00,68,0,0
8338,918,210,2026-02-05 00:29:00,8,0,1
8339,1650,15,2026-04-06 00:31:00,4,0,0
8340,1397,4,2026-06-10 00:38:00,5,0,0
8341,435,477,2026-02-06 00:36:00,10,0,0
8342,493,181,2025-06-22 00:39:00,2,0,1
8343,262,65,2026-08-30 00:16:00,54,0,0
8344,910,60,2025-11-24 00:11:00,5,0,1
8345,1552,239,2026-07-04 00:31:00,12,0,0
8346,1245,409,2026-05-10 00:01:00,5,0,1
8347,488,157,2026-05-26 00:58:00,21,0,0
8348,60,446,2026-09-06 00:45:00,17,0,0
8349,1175,12,2026-08-02 00:19:00,19,0,0
8350,43,103,2026-07-16 00:27:00,55,0,1
8351,163,359,2025-04-14 00:28:00,15,0,0
8352,317,36,2026-04-28 00:46:00,9,0,1
8353,996,331,2026-02-01 00:42:00,31,0,0
8354,761,214,2026-07-25 00:46:00,25,0,0
8355,147,199,2026-07-21 00:48:00,15,0,0
8356,717,477,2026-04-05 00:02:00,26,0,0
8357,1326,316,2026-08-25 00:34:00,43,0,1
8358,516,166,2025-12-11 00:08:00,11,0,1
8359,1479,336,2025-07-23 00:59:00,16,0,0
8360,1070,192,2026-09-07 00:28:00,53,0,0
8361,24,124,2026-07-15 00:07:00,20,0,1
8362,1078,42,2026-07-30 00:42:00,22,0,0
8363,566,61,2026-07-23 00:27:00,36,1,1
8364,637,416,2026-08-30 00:28:00,10,0,1
8365,1063,98,2026-04-22 00:09:00,89,0,0
8366,274,53,2026-06-29 00:29:00,14,0,1
8367,605,278,2025-10-01 00:18:00,3,0,1
8368,251,251,2025-07-15 00:46:00,40,0,0
8369,1232,370,2025-10-01 00:21:00,23,0,1
8370,1251,455,2026-09-05 00:06:00,30,0,0
8371,997,266,2026-07-23 00:23:00,24,0,0
8372,346,189,2025-11-13 00:16:00,23,0,1
8373,980,264,2026-08-28 00:07:00,9,0,0
8374,1466,38,2026-08-31 00:15:00,15,0,1
8375,1389,219,2025-12-04 00:54:00,7,0,0
8376,1132,254,2025-12-02 00:12:00,14,0,0
8377,673,438,2026-06-11 00:02:00,27,0,0
8378,1313,433,2026-05-13 00:55:00,12,0,0
8379,257,72,2026-04-07 00:11:00,16,0,0
8380,497,131,2026-03-22 00:20:00,29,0,1
8381,129,414,2026-08-29 00:11:00,32,0,0
8382,42,156,2026-07-06 00:37:00,15,0,0
8383,1123,349,2026-02-13 00:08:00,15,0,0
8384,1208,160,2025-05-18 00:52:00,40,0,1
8385,1543,387,2026-06-18 00:09:00,17,0,0
8386,730,131,2025-12-27 00:42:00,35,0,1
8387,792,105,2026-06-21 00:39:00,16,0,0
8388,171,32,2026-08-27 00:03:00,22,0,0
8389,1377,489,2026-02-02 00:16:00,8,0,0
8390,1196,419,2025-12-04 00:52:00,39,0,0
8391,217,41,2026-07-29 00:37:00,14,0,0
8392,673,453,2026-07-05 00:28:00,14,0,1
8393,1175,140,2026-08-18 00:13:00,32,0,0
8394,1272,316,2026-03-22 00:48:00,79,0,0
8395,1091,141,2026-08-01 00:47:00,21,0,1
8396,1031,75,2025-10-21 00:46:00,34,0,0
8397,888,342,2026-07-02 00:43:00,9,1,1
8398,1184,83,2026-06-14 00:35:00,1,0,0
8399,1347,402,2025-12-25 00:27:00,1,0,0
8400,1430,218,2026-06-13 00:41:00,5,0,0
8401,1677,114,2025-11-09 00:56:00,56,0,0
8402,131,129,2026-02-01 00:58:00,6,1,0
8403,1256,255,2026-03-07 00:08:00,2,0,1
8404,41,93,2025-08-14 00:32:00,14,0,0
8405,343,226,2026-04-19 00:08:00,1,0,0
8406,1318,329,2025-09-23 00:05:00,4,0,1
8407,1140,324,2026-06-15 00:40:00,26,0,0
8408,96,232,2026-01-07 00:09:00,11,0,0
8409,795,36,2025-06-17 00:39:00,38,0,0
8410,1763,186,2026-06-02 00:37:00,11,0,1
8411,240,161,2025-08-07 00:05:00,16,0,0
8412,119,253,2026-09-01 00:12:00,30,0,1
8413,493,24,2026-07-11 00:08:00,1,0,0
8414,394,60,2026-05-09 00:02:00,43,0,0
8415,1663,31,2026-09-03 00:45:00,2,0,0
8416,559,357,2025-07-21 00:41:00,8,0,1
8417,1566,33,2026-08-28 00:54:00,23,0,1
8418,954,150,2026-04-30 00:50:00,11,0,1
8419,1504,174,2026-04-07 00:21:00,132,0,1
8420,1245,136,2026-02-11 00:03:00,6,1,0
8421,132,355,2026-03-25 00:00:00,21,1,0
8422,1062,199,2025-12-01 00:58:00,19,1,1
8423,1626,160,2026-08-04 00:14:00,4,0,0
8424,483,63,2025-08-19 00:29:00,28,0,1
8425,1043,340,2026-08-28 00:03:00,19,0,0
8426,460,10,2026-07-18 00:11:00,17,0,0
8427,1066,73,2026-03-17 00:36:00,23,1,1
8428,1471,106,2025-10-10 00:28:00,19,0,1
8429,782,20,2026-05-23 00:41:00,21,0,1
8430,552,330,2026-09-01 00:03:00,22,0,0
8431,88,423,2026-06-21 00:58:00,14,0,0
8432,2,342,2026-05-16 00:33:00,5,0,1
8433,466,403,2026-08-25 00:14:00,13,0,1
8434,438,17,2026-07-26 00:18:00,24,0,1
8435,1240,453,2026-02-10 00:39:00,75,0,1
8436,452,450,2026-05-16 00:43:00,6,0,0
8437,1611,161,2026-08-25 00:56:00,8,0,0
8438,1365,82,2026-01-16 00:42:00,19,0,1
8439,241,484,2026-09-01 00:56:00,40,0,0
8440,1082,426,2026-09-01 00:31:00,19,0,1
8441,517,94,2026-04-27 00:32:00,37,0,0
8442,1245,189,2026-07-21 00:33:00,1,0,0
8443,1353,476,2025-10-24 00:28:00,43,0,1
8444,1668,314,2026-03-16 00:14:00,52,0,1
8445,405,99,2026-01-27 00:49:00,26,0,0
8446,531,330,2026-08-27 00:03:00,1,0,0
8447,304,368,2025-04-03 00:03:00,7,0,0
8448,74,240,2026-07-14 00:54:00,84,0,0
8449,463,177,2026-03-26 00:33:00,47,0,1
8450,782,146,2026-07-27 00:13:00,34,0,1
8451,1613,97,2026-05-03 00:42:00,30,0,0
8452,1692,242,2026-07-28 00:53:00,2,0,1
8453,776,27,2026-06-15 00:46:00,79,0,0
8454,1146,61,2026-05-26 00:32:00,3,0,0
8455,1164,198,2025-10-23 00:54:00,57,0,0
8456,1197,145,2026-06-07 00:33:00,19,0,0
8457,1139,257,2026-06-13 00:16:00,1,1,0
8458,989,240,2026-06-28 00:13:00,18,0,0
8459,1228,471,2026-06-20 00:39:00,3,0,1
8460,1117,334,2026-05-05 00:37:00,2,0,1
8461,1604,65,2026-09-07 00:48:00,17,0,0
8462,1205,56,2026-04-03 00:34:00,1,0,0
8463,893,359,2026-05-31 00:07:00,9,0,1
8464,1389,43,2026-05-30 00:08:00,11,0,0
8465,1686,120,2026-08-03 00:38:00,5,0,0
8466,956,331,2025-08-17 00:36:00,14,0,0
8467,999,67,2026-06-10 00:05:00,27,1,1
8468,7,45,2025-09-07 00:45:00,4,0,0
8469,1684,273,2025-12-17 00:30:00,8,0,0
8470,106,236,2025-12-29 00:55:00,14,0,0
8471,843,93,2026-06-22 00:27:00,4,0,1
8472,1656,184,2026-07-19 00:36:00,24,0,1
8473,621,267,2026-07-22 00:47:00,7,0,0
8474,602,371,2025-05-05 00:25:00,48,0,0
8475,205,434,2025-10-05 00:38:00,22,0,0
8476,332,468,2026-05-14 00:29:00,11,0,0
8477,669,489,2025-08-13 00:28:00,27,0,0
8478,1473,458,2026-01-14 00:17:00,15,0,1
8479,1701,237,2026-03-25 00:49:00,45,0,1
8480,1632,133,2025-07-30 00:26:00,3,0,1
8481,1649,471,2025-11-13 00:04:00,39,0,0
8482,1577,66,2026-04-13 00:19:00,6,0,1
8483,611,312,2026-01-11 00:26:00,23,0,0
8484,402,188,2025-12-30 00:13:00,7,0,0
8485,1303,15,2026-07-30 00:19:00,7,0,0
8486,1191,127,2026-06-30 00:19:00,37,0,1
8487,659,470,2026-01-29 00:11:00,18,0,0
8488,1239,146,2026-07-20 00:56:00,16,0,1
8489,43,242,2026-04-06 00:27:00,30,1,1
8490,1234,323,2026-06-28 00:57:00,51,0,0
8491,163,180,2026-03-24 00:41:00,21,1,1
8492,493,449,2026-05-24 00:58:00,69,0,0
8493,1627,91,2026-06-24 00:08:00,6,0,0
8494,1106,212,2026-08-16 00:51:00,49,0,0
8495,893,99,2026-08-21 00:42:00,3,0,1
8496,706,336,2025-12-11 00:59:00,1,0,0
8497,1511,352,2025-12-25 00:37:00,3,0,1
8498,408,436,2025-11-10 00:44:00,50,0,0
8499,1217,263,2026-01-17 00:40:00,8,0,0
8500,989,24,2026-08-14 00:33:00,15,0,1
8501,1393,354,2026-06-12 00:58:00,3,0,0
8502,230,368,2026-03-30 00:14:00,8,0,0
8503,1264,188,2026-04-05 00:36:00,8,0,0
8504,1680,157,2026-04-26 00:08:00,97,0,0
8505,1063,233,2026-04-01 00:59:00,32,0,0
8506,356,293,2026-03-28 00:29:00,10,0,0
8507,1061,189,2026-07-22 00:37:00,28,0,0
8508,581,490,2026-08-02 00:57:00,29,0,1
8509,805,466,2025-11-28 00:36:00,52,1,0
8510,911,465,2026-08-31 00:26:00,1,0,1
8511,1509,341,2026-04-01 00:22:00,1,0,1
8512,995,314,2026-08-02 00:19:00,128,0,0
8513,1709,54,2026-09-02 00:43:00,1,0,1
8514,1168,120,2026-04-03 00:37:00,1,0,0
8515,964,297,2025-10-14 00:08:00,4,0,0
8516,1733,434,2026-08-09 00:38:00,2,0,1
8517,1013,336,2026-04-17 00:52:00,4,0,0
8518,760,453,2026-04-10 00:06:00,28,0,0
8519,534,357,2025-10-29 00:36:00,4,0,0
8520,985,441,2026-07-15 00:40:00,28,0,0
8521,645,257,2026-07-23 00:10:00,20,0,0
8522,1751,255,2026-07-29 00:45:00,16,1,1
8523,1512,353,2025-12-13 00:40:00,18,0,0
8524,254,461,2026-03-20 00:40:00,32,0,1
8525,1210,15,2026-08-29 00:20:00,21,0,1
8526,1796,179,2026-04-11 00:47:00,1,0,0
8527,1786,405,2026-08-26 00:19:00,33,0,0
8528,120,435,2026-06-15 00:13:00,1,0,1
8529,1697,492,2026-07-17 00:50:00,12,0,1
8530,826,364,2025-12-08 00:05:00,15,0,1
8531,530,64,2026-05-11 00:06:00,2,0,1
8532,45,99,2025-09-07 00:45:00,73,0,1
8533,75,52,2026-04-04 00:19:00,21,0,0
8534,511,249,2025-09-07 00:52:00,36,0,1
8535,1210,451,2026-05-31 00:54:00,1,0,0
8536,45,476,2026-02-09 00:28:00,39,0,1
8537,1219,189,2026-06-07 00:30:00,22,0,0
8538,1130,145,2026-06-18 00:32:00,24,0,1
8539,909,421,2026-06-10 00:46:00,6,0,0
8540,113,159,2025-11-30 00:01:00,50,0,0
8541,1132,138,2026-01-31 00:36:00,1,0,0
8542,465,167,2026-09-04 00:20:00,24,1,0
8543,416,237,2026-09-07 00:49:00,22,0,1
8544,1309,384,2026-08-19 00:25:00,7,0,1
8545,186,12,2026-08-16 00:19:00,1,0,1
8546,625,56,2025-08-22 00:20:00,12,0,0
8547,624,245,2025-07-09 00:28:00,14,0,0
8548,1071,294,2026-06-09 00:53:00,1,0,0
8549,407,457,2026-08-04 00:56:00,17,0,0
8550,344,422,2026-06-03 00:55:00,3,0,1
8551,186,461,2026-07-20 00:30:00,5,0,0
8552,1541,207,2026-07-05 00:12:00,27,0,1
8553,266,86,2025-10-06 00:54:00,26,0,0
8554,1287,226,2026-07-07 00:45:00,4,0,0
8555,116,378,2026-06-07 00:55:00,19,0,0
8556,1343,221,2026-07-13 00:01:00,29,0,1
8557,1089,222,2026-08-04 00:32:00,1,0,1
8558,697,468,2026-03-30 00:44:00,10,0,0
8559,884,128,2026-07-19 00:09:00,38,1,1
8560,1523,120,2026-04-30 00:04:00,1,0,0
8561,665,103,2026-03-04 00:35:00,65,0,0
8562,1554,413,2025-12-08 00:11:00,67,0,1
8563,26,361,2026-08-18 00:13:00,2,0,0
8564,1065,410,2025-09-20 00:03:00,26,0,0
8565,1123,154,2026-08-20 00:36:00,11,0,1
8566,752,450,2026-06-24 00:26:00,54,0,0
8567,306,63,2026-05-21 00:17:00,30,0,0
8568,220,306,2026-05-13 00:56:00,22,0,1
8569,367,376,2026-04-07 00:26:00,1,0,1
8570,1509,53,2026-09-01 00:05:00,12,0,0
8571,695,180,2026-07-10 00:22:00,17,0,0
8572,1204,42,2026-04-22 00:49:00,11,0,0
8573,1687,381,2026-06-26 00:15:00,10,0,0
8574,1568,81,2025-10-21 00:39:00,32,0,1
8575,96,183,2025-09-09 00:29:00,3,0,0
8576,1291,254,2026-04-30 00:18:00,8,0,1
8577,434,213,2026-05-21 00:13:00,56,0,1
8578,982,434,2026-07-07 00:15:00,8,0,1
8579,816,233,2026-05-11 00:22:00,14,0,0
8580,594,498,2026-03-04 00:24:00,28,0,0
8581,807,11,2026-07-14 00:34:00,15,0,0
8582,234,166,2026-08-07 00:08:00,3,0,1
8583,1512,372,2026-02-06 00:06:00,42,0,1
8584,1128,292,2026-07-29 00:34:00,6,0,0
8585,534,93,2026-01-23 00:59:00,16,0,0
8586,1483,32,2026-05-31 00:05:00,19,0,0
8587,118,358,2026-01-23 00:06:00,55,0,0
8588,1703,202,2026-07-21 00:13:00,1,0,0
8589,617,422,2026-07-14 00:21:00,5,0,0
8590,270,424,2025-12-31 00:31:00,12,0,1
8591,758,307,2026-09-02 00:42:00,10,0,1
8592,1577,7,2026-08-01 00:17:00,48,0,0
8593,1516,263,2026-08-31 00:27:00,25,0,1
8594,1675,310,2026-03-10 00:21:00,4,0,1
8595,1723,331,2026-08-21 00:31:00,6,0,1
8596,602,55,2026-02-16 00:12:00,16,0,1
8597,717,150,2025-11-29 00:14:00,13,0,1
8598,1389,375,2026-04-10 00:52:00,10,0,0
8599,686,243,2025-08-26 00:44:00,26,0,0
8600,990,239,2026-07-11 00:12:00,14,0,1
8601,1071,362,2026-01-26 00:02:00,61,0,0
8602,152,436,2026-08-11 00:17:00,32,0,0
8603,1217,257,2026-08-27 00:56:00,19,0,0
8604,831,322,2026-05-28 00:00:00,4,0,1
8605,563,265,2026-08-20 00:08:00,25,0,1
8606,790,405,2025-09-30 00:00:00,3,0,1
8607,1246,288,2026-08-20 00:54:00,20,0,1
8608,110,267,2025-07-30 00:43:00,6,0,0
8609,1331,110,2025-12-17 00:45:00,7,0,0
8610,817,211,2026-08-27 00:22:00,1,0,0
8611,91,437,2026-02-04 00:40:00,33,0,1
8612,1436,179,2025-12-30 00:52:00,3,0,0
8613,1528,163,2026-04-08 00:49:00,1,0,0
8614,274,328,2026-06-10 00:04:00,18,0,1
8615,326,340,2026-02-28 00:13:00,61,0,0
8616,846,374,2026-07-05 00:28:00,5,0,0
8617,611,207,2026-05-28 00:10:00,48,0,1
8618,1168,320,2026-02-15 00:28:00,79,0,1
8619,666,98,2026-07-19 00:50:00,24,0,0
8620,811,32,2025-08-02 00:32:00,13,0,1
8621,1315,265,2025-11-09 00:40:00,24,0,0
8622,223,396,2026-05-26 00:27:00,56,0,0
8623,1061,33,2026-08-10 00:11:00,2,0,1
8624,821,322,2026-08-07 00:32:00,18,1,1
8625,1114,63,2026-08-02 00:36:00,7,0,0
8626,1645,27,2026-09-06 00:15:00,41,0,0
8627,569,310,2025-08-10 00:20:00,5,0,0
8628,699,45,2026-04-27 00:28:00,15,0,1
8629,471,18,2026-03-06 00:22:00,1,0,0
8630,1464,135,2026-08-17 00:38:00,12,0,0
8631,554,316,2026-07-21 00:10:00,57,0,0
8632,885,74,2026-07-27 00:10:00,2,0,0
8633,429,73,2026-07-02 00:36:00,9,0,0
8634,1444,165,2026-07-21 00:48:00,1,0,0
8635,956,274,2025-10-16 00:16:00,7,0,1
8636,1314,326,2026-06-01 00:06:00,28,0,1
8637,1214,313,2026-05-27 00:31:00,27,0,0
8638,929,219,2026-02-12 00:20:00,16,0,0
8639,398,194,2026-07-30 00:40:00,38,0,0
8640,1264,26,2026-03-19 00:44:00,14,0,1
8641,241,302,2026-08-29 00:12:00,3,0,0
8642,898,449,2026-08-09 00:47:00,3,0,1
8643,565,494,2025-09-11 00:28:00,5,0,0
8644,631,10,2026-09-01 00:57:00,18,0,0
8645,1362,338,2026-03-05 00:12:00,3,0,1
8646,725,394,2026-09-07 00:19:00,13,0,1
8647,715,458,2026-03-24 00:28:00,11,0,1
8648,1259,460,2026-04-10 00:37:00,1,0,0
8649,261,437,2026-04-16 00:44:00,8,0,0
8650,285,192,2026-06-16 00:15:00,5,0,0
8651,347,335,2026-05-31 00:54:00,2,0,1
8652,509,182,2026-04-02 00:24:00,29,0,0
8653,742,102,2026-09-02 00:11:00,3,0,0
8654,419,116,2026-02-19 00:26:00,21,0,0
8655,937,181,2026-05-06 00:21:00,65,0,0
8656,1198,298,2026-06-14 00:44:00,23,0,1
8657,1782,337,2026-01-29 00:45:00,8,1,1
8658,199,97,2026-02-07 00:19:00,6,0,0
8659,1447,365,2026-05-21 00:39:00,20,0,0
8660,490,488,2026-02-10 00:39:00,5,1,0
8661,1456,290,2026-05-30 00:25:00,3,0,1
8662,1426,449,2026-08-19 00:26:00,33,0,0
8663,221,400,2025-05-04 00:16:00,7,0,0
8664,1280,351,2026-03-16 00:40:00,14,0,1
8665,1494,433,2025-12-19 00:50:00,2,0,1
8666,623,312,2026-08-05 00:12:00,16,0,1
8667,755,494,2026-04-17 00:16:00,27,0,1
8668,463,420,2026-07-24 00:54:00,10,0,1
8669,881,200,2026-09-03 00:00:00,9,0,0
8670,1294,39,2026-09-01 00:40:00,12,0,0
8671,833,357,2026-08-30 00:13:00,71,0,0
8672,1148,301,2026-01-06 00:45:00,20,0,0
8673,1739,283,2026-08-31 00:09:00,17,0,1
8674,173,187,2026-02-21 00:07:00,18,0,1
8675,476,300,2026-06-08 00:05:00,7,0,1
8676,867,53,2026-07-16 00:10:00,3,0,1
8677,1698,73,2026-08-18 00:15:00,22,0,0
8678,615,464,2026-07-11 00:42:00,1,0,0
8679,522,149,2026-03-11 00:18:00,4,0,0
8680,612,305,2026-03-03 00:18:00,10,0,0
8681,1252,335,2026-04-22 00:38:00,2,0,0
8682,1028,104,2026-03-13 00:07:00,5,0,0
8683,1661,256,2026-05-11 00:32:00,2,0,1
8684,617,184,2026-03-11 00:10:00,35,0,0
8685,579,488,2026-08-11 00:28:00,38,0,0
8686,1620,414,2026-09-05 00:47:00,8,0,0
8687,1792,489,2026-06-08 00:43:00,33,0,1
8688,885,75,2026-08-06 00:18:00,23,0,0
8689,438,458,2026-07-27 00:34:00,7,0,0
8690,1541,210,2026-08-08 00:19:00,20,0,0
8691,1757,339,2026-07-15 00:33:00,29,0,0
8692,442,211,2025-07-16 00:49:00,99,0,0
8693,1266,133,2025-08-22 00:40:00,6,1,0
8694,1036,286,2026-08-12 00:58:00,19,0,1
8695,326,369,2026-07-13 00:35:00,13,0,1
8696,706,417,2026-05-26 00:17:00,4,0,1
8697,243,213,2026-05-21 00:51:00,24,0,1
8698,1634,61,2026-07-26 00:37:00,34,0,0
8699,563,219,2026-05-30 00:58:00,9,1,0
8700,510,235,2026-06-25 00:16:00,6,0,1
8701,621,318,2026-08-26 00:40:00,25,0,0
8702,68,93,2025-11-08 00:35:00,9,0,0
8703,1005,226,2026-06-09 00:48:00,7,0,1
8704,1558,208,2026-04-01 00:03:00,11,0,1
8705,111,67,2026-04-28 00:01:00,21,0,1
8706,1247,337,2026-07-21 00:58:00,10,0,0
8707,405,180,2025-11-20 00:21:00,27,1,0
8708,1307,184,2026-04-25 00:55:00,10,0,0
8709,1171,143,2026-01-12 00:54:00,41,0,0
8710,1093,479,2025-06-23 00:45:00,3,0,0
8711,811,309,2025-12-11 00:13:00,20,0,1
8712,1628,222,2026-07-28 00:00:00,3,0,0
8713,1570,489,2026-06-23 00:21:00,9,0,0
8714,1116,86,2026-07-31 00:52:00,45,0,0
8715,1284,184,2026-08-30 00:56:00,9,0,0
8716,749,216,2026-03-05 00:03:00,7,0,1
8717,1241,496,2026-06-30 00:09:00,15,0,0
8718,1189,412,2026-08-08 00:54:00,19,0,1
8719,473,144,2026-02-07 00:46:00,1,0,0
8720,777,402,2025-11-06 00:55:00,26,0,0
8721,1307,500,2026-05-18 00:06:00,1,0,0
8722,1489,484,2026-08-31 00:53:00,21,0,0
8723,1320,78,2026-07-02 00:39:00,3,0,1
8724,600,187,2026-05-13 00:39:00,11,1,0
8725,1526,239,2026-03-01 00:46:00,11,0,0
8726,1051,340,2025-11-27 00:13:00,20,0,0
8727,894,181,2025-11-04 00:00:00,2,1,1
8728,1055,93,2026-07-20 00:01:00,7,0,1
8729,1104,216,2026-08-29 00:19:00,24,0,1
8730,1684,328,2025-08-28 00:27:00,7,0,0
8731,1138,192,2026-07-19 00:25:00,1,0,0
8732,1493,340,2026-05-28 00:15:00,2,0,0
8733,830,159,2026-07-11 00:53:00,24,0,0
8734,1099,496,2026-04-20 00:36:00,11,0,1
8735,1717,498,2026-01-31 00:50:00,19,0,0
8736,1363,288,2026-08-06 00:54:00,7,0,0
8737,1112,107,2026-06-16 00:03:00,36,0,0
8738,1452,402,2026-06-26 00:08:00,25,1,1
8739,1389,75,2025-11-18 00:32:00,2,0,0
8740,378,337,2025-11-06 00:30:00,16,0,1
8741,14,268,2026-07-18 00:07:00,30,0,0
8742,781,323,2026-02-02 00:23:00,3,0,1
8743,1689,327,2026-02-28 00:05:00,20,0,0
8744,1302,387,2026-05-24 00:20:00,47,0,1
8745,1029,227,2026-03-28 00:33:00,12,0,1
8746,1469,326,2026-03-16 00:48:00,6,0,1
8747,718,354,2026-08-23 00:06:00,6,0,0
8748,259,105,2026-01-07 00:14:00,17,0,1
8749,998,77,2026-08-05 00:14:00,6,1,1
8750,752,104,2026-05-16 00:37:00,1,1,0
8751,1344,216,2026-03-04 00:48:00,32,0,0
8752,68,318,2025-11-30 00:45:00,53,0,1
8753,778,422,2026-08-29 00:12:00,35,0,0
8754,64,412,2025-09-08 00:55:00,2,0,0
8755,11,271,2025-05-24 00:39:00,8,0,1
8756,47,160,2026-05-07 00:29:00,39,0,1
8757,1127,199,2025-10-30 00:40:00,1,0,1
8758,863,443,2025-09-08 00:13:00,23,0,1
8759,1797,358,2026-05-05 00:49:00,1,0,0
8760,398,304,2025-09-29 00:15:00,34,0,1
8761,897,315,2025-08-09 00:54:00,46,0,0
8762,613,128,2025-07-04 00:53:00,15,0,1
8763,1155,208,2026-08-27 00:22:00,4,1,1
8764,1708,319,2026-08-25 00:42:00,3,0,0
8765,857,359,2025-10-31 00:49:00,3,0,0
8766,1602,395,2026-04-18 00:03:00,18,0,0
8767,376,218,2025-08-09 00:01:00,13,0,1
8768,942,96,2026-08-01 00:06:00,47,0,0
8769,1409,27,2026-08-30 00:47:00,8,0,0
8770,1603,8,2026-09-02 00:30:00,25,1,0
8771,537,22,2025-09-25 00:42:00,20,0,0
8772,1506,24,2025-10-08 00:56:00,5,0,0
8773,1623,450,2026-02-05 00:38:00,60,0,0
8774,444,20,2026-06-17 00:45:00,13,0,0
8775,1318,226,2026-01-25 00:23:00,5,0,0
8776,902,61,2026-07-11 00:31:00,23,0,0
8777,1073,107,2026-08-04 00:01:00,36,0,1
8778,316,50,2026-05-11 00:13:00,1,0,0
8779,1798,475,2026-09-03 00:27:00,3,1,0
8780,1086,135,2026-05-11 00:27:00,4,0,1
8781,472,482,2026-03-15 00:30:00,25,1,1
8782,174,42,2026-08-08 00:48:00,12,0,0
8783,1379,62,2026-03-26 00:23:00,42,0,1
8784,291,27,2026-05-03 00:19:00,7,0,1
8785,44,104,2026-08-01 00:53:00,23,0,0
8786,547,382,2026-03-28 00:42:00,9,0,0
8787,1310,283,2025-10-19 00:05:00,26,0,0
8788,1461,204,2026-08-22 00:25:00,8,0,0
8789,66,385,2026-08-14 00:32:00,19,0,0
8790,86,136,2026-06-25 00:19:00,30,0,1
8791,1358,431,2026-07-05 00:03:00,10,0,0
8792,447,380,2026-08-05 00:57:00,16,0,1
8793,697,451,2026-05-30 00:39:00,8,0,0
8794,209,396,2026-03-25 00:17:00,21,0,0
8795,1542,243,2025-12-31 00:26:00,18,0,1
8796,212,261,2025-09-27 00:00:00,10,0,0
8797,578,355,2026-08-19 00:16:00,2,0,0
8798,930,49,2026-07-30 00:07:00,9,0,0
8799,129,225,2026-08-13 00:38:00,10,0,0
8800,536,453,2025-10-08 00:30:00,47,0,1
8801,966,470,2026-05-21 00:51:00,7,0,0
8802,1757,283,2026-07-21 00:02:00,7,1,1
8803,1267,46,2026-06-08 00:03:00,3,0,1
8804,1211,338,2025-12-22 00:15:00,1,1,0
8805,287,25,2026-06-04 00:00:00,47,0,0
8806,529,405,2026-06-11 00:11:00,30,0,1
8807,1348,427,2026-03-14 00:31:00,39,0,0
8808,1238,142,2026-06-18 00:33:00,46,0,0
8809,1782,159,2026-06-17 00:33:00,21,0,1
8810,1024,160,2026-08-31 00:53:00,16,0,1
8811,936,109,2026-06-11 00:01:00,19,0,1
8812,1362,69,2026-03-02 00:28:00,14,0,0
8813,1240,498,2026-07-08 00:18:00,68,0,0
8814,781,350,2025-12-31 00:20:00,13,0,0
8815,1546,363,2026-06-25 00:03:00,10,0,0
8816,440,105,2026-02-16 00:01:00,25,1,1
8817,1297,114,2026-05-13 00:15:00,11,0,0
8818,1402,219,2026-03-07 00:59:00,34,0,0
8819,1439,320,2026-01-20 00:40:00,22,0,0
8820,587,420,2026-09-05 00:00:00,1,0,0
8821,1655,303,2026-09-03 00:04:00,15,0,0
8822,1517,262,2026-09-03 00:14:00,18,1,1
8823,926,394,2026-07-15 00:55:00,10,0,0
8824,155,402,2026-07-01 00:32:00,4,0,0
8825,238,123,2026-08-13 00:59:00,2,0,0
8826,723,59,2026-06-12 00:52:00,10,0,1
8827,1299,237,2026-07-17 00:18:00,30,0,0
8828,1211,58,2026-08-23 00:04:00,38,0,0
8829,1077,311,2026-06-21 00:30:00,25,0,0
8830,876,6,2026-07-12 00:10:00,1,0,0
8831,998,378,2026-07-28 00:51:00,2,0,0
8832,1056,48,2026-08-10 00:38:00,30,0,0
8833,1556,139,2026-06-07 00:09:00,7,0,1
8834,22,22,2025-05-07 00:16:00,6,0,1
8835,718,129,2026-02-08 00:40:00,1,0,0
8836,43,122,2026-04-14 00:30:00,11,0,0
8837,42,321,2026-09-02 00:28:00,12,0,0
8838,1655,268,2026-09-03 00:16:00,6,0,0
8839,244,245,2026-05-26 00:04:00,2,0,0
8840,286,334,2026-03-28 00:21:00,23,0,1
8841,905,261,2026-07-17 00:34:00,9,0,0
8842,1615,69,2026-05-29 00:42:00,15,0,0
8843,485,260,2026-07-01 00:39:00,3,0,0
8844,291,390,2026-04-14 00:03:00,3,0,1
8845,131,303,2025-12-02 00:34:00,2,0,1
8846,805,84,2026-03-15 00:49:00,9,0,1
8847,1600,374,2026-08-03 00:02:00,28,0,0
8848,280,71,2026-07-31 00:31:00,21,0,1
8849,731,12,2026-01-24 00:43:00,2,0,1
8850,370,382,2026-08-19 00:49:00,46,0,0
8851,856,22,2026-05-20 00:47:00,6,0,0
8852,896,482,2026-05-01 00:43:00,37,0,0
8853,805,429,2025-09-20 00:59:00,39,0,0
8854,212,239,2026-04-15 00:46:00,31,0,0
8855,102,285,2026-06-26 00:30:00,1,1,1
8856,1061,167,2026-04-03 00:35:00,1,0,0
8857,711,459,2026-01-22 00:26:00,2,1,0
8858,992,55,2025-11-22 00:37:00,32,0,0
8859,376,190,2026-06-21 00:45:00,74,0,1
8860,1023,11,2025-11-04 00:39:00,1,0,1
8861,719,5,2026-05-01 00:23:00,16,0,0
8862,435,133,2026-05-16 00:27:00,83,0,1
8863,526,349,2026-07-06 00:14:00,62,0,1
8864,971,437,2026-08-18 00:05:00,1,0,0
8865,587,330,2026-09-03 00:57:00,2,0,1
8866,1436,383,2026-01-13 00:53:00,3,0,0
8867,1030,19,2026-07-10 00:00:00,24,0,0
8868,1609,108,2026-05-15 00:18:00,5,0,1
8869,355,1,2026-08-02 00:51:00,7,0,0
8870,300,395,2026-08-10 00:37:00,2,0,0
8871,1305,395,2026-06-20 00:19:00,12,0,1
8872,1376,267,2026-06-18 00:32:00,36,0,0
8873,1303,104,2026-07-29 00:22:00,22,0,0
8874,783,189,2026-08-15 00:02:00,38,0,0
8875,581,334,2026-08-15 00:44:00,4,0,0
8876,252,195,2026-09-05 00:52:00,39,0,0
8877,1263,420,2025-10-01 00:41:00,33,0,0
8878,775,35,2026-07-27 00:54:00,12,0,0
8879,1340,110,2026-04-09 00:39:00,2,0,1
8880,13,423,2026-01-25 00:01:00,40,0,0
8881,1263,150,2026-06-29 00:18:00,1,0,0
8882,1488,398,2026-06-15 00:07:00,2,0,1
8883,1731,25,2026-08-30 00:01:00,4,0,0
8884,301,326,2026-09-04 00:17:00,33,0,0
8885,523,368,2026-08-04 00:35:00,5,0,1
8886,930,394,2026-03-16 00:56:00,5,0,0
8887,1644,315,2026-08-29 00:42:00,5,0,0
8888,808,129,2026-08-21 00:39:00,67,0,0
8889,540,190,2026-07-22 00:31:00,3,0,1
8890,222,485,2026-05-09 00:36:00,46,0,1
8891,856,117,2026-08-10 00:36:00,27,0,0
8892,1762,267,2026-08-17 00:32:00,1,0,0
8893,1520,299,2025-12-19 00:46:00,13,0,1
8894,333,113,2025-12-30 00:49:00,13,0,1
8895,1652,23,2026-09-04 00:23:00,19,0,1
8896,1019,424,2026-07-06 00:25:00,7,1,0
8897,1459,439,2026-06-04 00:29:00,2,0,1
8898,766,33,2026-03-21 00:48:00,25,0,0
8899,1609,227,2026-08-04 00:31:00,1,0,0
8900,1094,29,2025-11-29 00:10:00,2,0,1
8901,69,71,2026-08-21 00:10:00,1,0,1
8902,1267,95,2026-08-09 00:13:00,7,0,1
8903,1532,409,2026-06-12 00:56:00,36,0,1
8904,391,372,2026-07-23 00:30:00,12,0,0
8905,1386,260,2026-07-18 00:13:00,1,0,1
8906,264,420,2026-04-13 00:42:00,58,0,0
8907,596,248,2026-08-23 00:39:00,7,0,0
8908,1570,160,2026-09-07 00:56:00,25,0,0
8909,337,152,2026-08-03 00:20:00,21,0,0
8910,960,293,2026-07-30 00:02:00,15,1,0
8911,350,412,2026-07-10 00:54:00,51,0,0
8912,272,156,2025-12-31 00:38:00,77,0,0
8913,1581,129,2026-06-06 00:00:00,10,0,0
8914,1148,179,2026-05-01 00:31:00,1,0,0
8915,581,237,2026-07-01 00:11:00,15,0,0
8916,892,58,2026-01-04 00:56:00,14,0,1
8917,1640,451,2026-06-06 00:22:00,15,0,0
8918,1510,2,2026-01-22 00:47:00,12,0,1
8919,943,149,2026-03-11 00:42:00,35,0,0
8920,427,455,2025-09-21 00:44:00,1,0,0
8921,1325,33,2026-08-17 00:23:00,1,0,1
8922,1452,481,2026-06-22 00:17:00,25,0,1
8923,1068,71,2026-09-02 00:44:00,3,0,0
8924,986,148,2026-07-17 00:58:00,107,0,0
8925,1145,99,2026-06-08 00:40:00,11,1,0
8926,1754,170,2026-07-30 00:31:00,10,0,1
8927,1654,219,2025-10-30 00:43:00,17,1,0
8928,1045,104,2025-10-04 00:53:00,16,0,0
8929,1755,340,2026-06-22 00:55:00,40,0,0
8930,836,472,2026-01-11 00:32:00,20,0,1
8931,839,83,2026-05-23 00:31:00,6,0,0
8932,133,353,2026-02-02 00:21:00,1,0,0
8933,644,335,2026-07-28 00:15:00,12,0,0
8934,1049,8,2026-05-31 00:02:00,1,0,0
8935,1421,495,2026-08-04 00:33:00,4,0,1
8936,1408,31,2026-07-31 00:23:00,33,0,0
8937,155,192,2026-08-02 00:16:00,4,0,0
8938,938,372,2026-03-09 00:55:00,7,0,0
8939,1454,129,2026-07-17 00:25:00,5,0,1
8940,547,448,2026-05-26 00:05:00,9,0,1
8941,953,27,2025-07-29 00:43:00,4,0,0
8942,1191,411,2026-08-14 00:01:00,23,0,1
8943,1038,280,2026-08-19 00:02:00,6,0,0
8944,306,50,2026-01-12 00:46:00,7,0,1
8945,577,22,2025-07-19 00:45:00,2,0,0
8946,516,33,2025-04-30 00:52:00,35,1,0
8947,1567,233,2025-12-30 00:42:00,13,0,0
8948,1711,43,2026-05-02 00:29:00,22,0,0
8949,21,135,2026-08-30 00:13:00,1,0,1
8950,1346,205,2025-10-29 00:32:00,56,0,0
8951,1773,412,2026-06-17 00:27:00,1,0,0
8952,1246,19,2026-07-15 00:31:00,15,0,0
8953,1111,152,2026-05-01 00:43:00,18,1,0
8954,179,487,2026-07-28 00:54:00,23,0,0
8955,1676,439,2026-04-30 00:37:00,15,0,0
8956,1473,332,2026-09-02 00:47:00,100,0,1
8957,668,213,2025-07-24 00:18:00,1,0,1
8958,822,491,2026-02-18 00:02:00,6,0,1
8959,461,311,2026-08-08 00:43:00,49,0,1
8960,103,151,2026-08-14 00:31:00,6,0,1
8961,873,195,2026-08-05 00:58:00,72,0,0
8962,1092,292,2026-07-12 00:33:00,8,0,1
8963,128,149,2026-05-21 00:45:00,6,0,0
8964,1702,102,2026-08-19 00:26:00,11,0,0
8965,988,314,2026-03-03 00:30:00,10,0,1
8966,728,294,2026-07-09 00:17:00,15,0,0
8967,471,74,2026-01-18 00:05:00,6,0,0
8968,1720,227,2026-02-02 00:44:00,6,0,0
8969,1346,449,2026-02-01 00:49:00,34,0,0
8970,11,204,2025-12-03 00:52:00,24,0,1
8971,396,443,2026-07-03 00:39:00,47,0,1
8972,1647,388,2026-06-12 00:32:00,12,0,0
8973,1606,371,2026-06-15 00:11:00,1,0,0
8974,600,258,2026-07-26 00:52:00,8,1,0
8975,795,491,2026-07-18 00:12:00,34,0,1
8976,434,36,2026-06-05 00:43:00,12,0,1
8977,1310,265,2025-12-08 00:27:00,43,0,1
8978,1496,117,2026-04-13 00:50:00,2,0,0
8979,536,334,2025-12-30 00:13:00,29,0,0
8980,1545,141,2026-04-19 00:12:00,37,1,1
8981,1588,293,2026-05-02 00:28:00,73,0,0
8982,754,393,2026-04-15 00:04:00,2,0,1
8983,446,318,2026-09-07 00:21:00,33,0,0
8984,532,112,2026-07-25 00:29:00,56,0,0
8985,101,496,2025-09-05 00:41:00,24,0,0
8986,828,45,2025-09-27 00:13:00,11,0,0
8987,869,77,2026-06-11 00:36:00,11,0,1
8988,1223,215,2025-12-24 00:43:00,23,0,1
8989,1231,210,2026-08-07 00:26:00,17,0,0
8990,350,421,2026-07-20 00:32:00,1,0,1
8991,1457,343,2025-08-29 00:33:00,35,0,1
8992,866,135,2026-09-07 00:40:00,27,0,1
8993,1041,310,2026-06-05 00:48:00,7,0,0
8994,1157,109,2026-04-21 00:56:00,2,1,0
8995,1603,92,2026-08-25 00:59:00,28,0,1
8996,839,424,2026-06-01 00:56:00,1,0,1
8997,1263,394,2026-06-07 00:09:00,18,0,1
8998,691,241,2026-07-04 00:32:00,7,0,1
8999,1073,310,2026-08-10 00:50:00,4,0,0
9000,381,354,2026-08-24 00:43:00,34,1,1
9001,1163,283,2026-07-01 00:44:00,10,0,1
9002,1341,71,2025-11-26 00:13:00,46,0,0
9003,843,358,2026-03-20 00:39:00,2,0,0
9004,658,445,2026-02-27 00:07:00,6,0,1
9005,835,389,2026-02-27 00:09:00,1,0,0
9006,1157,186,2026-07-14 00:59:00,21,1,0
9007,410,89,2026-05-20 00:21:00,2,0,0
9008,326,393,2026-04-04 00:12:00,47,0,0
9009,1077,180,2026-06-13 00:19:00,68,0,0
9010,838,181,2026-09-01 00:09:00,29,0,0
9011,775,375,2026-07-04 00:25:00,4,0,0
9012,1337,192,2026-03-26 00:56:00,9,0,1
9013,886,301,2026-08-10 00:35:00,18,0,0
9014,322,215,2026-04-16 00:05:00,26,0,0
9015,640,415,2026-01-04 00:22:00,23,0,0
9016,514,446,2025-04-29 00:36:00,29,0,1
9017,952,248,2026-03-17 00:15:00,12,0,0
9018,1372,292,2026-09-07 00:36:00,1,1,0
9019,11,8,2026-07-12 00:30:00,51,1,1
9020,1798,27,2026-08-22 00:33:00,1,0,0
9021,417,385,2025-10-05 00:22:00,34,0,0
9022,242,412,2026-06-28 00:11:00,17,0,1
9023,1099,194,2026-06-09 00:16:00,8,0,0
9024,1031,42,2026-06-29 00:12:00,8,0,0
9025,1708,174,2026-07-26 00:19:00,3,0,0
9026,937,311,2026-02-07 00:07:00,1,0,0
9027,449,213,2026-07-12 00:46:00,50,0,1
9028,1117,224,2026-04-07 00:00:00,17,0,1
9029,21,180,2026-06-03 00:49:00,37,0,1
9030,875,488,2026-05-10 00:12:00,2,0,0
9031,425,14,2026-01-17 00:55:00,54,0,1
9032,1741,372,2026-07-03 00:20:00,56,0,0
9033,1627,390,2026-07-27 00:47:00,9,0,0
9034,128,275,2026-03-16 00:38:00,1,0,0
9035,927,401,2025-12-07 00:20:00,38,0,0
9036,823,204,2026-07-09 00:44:00,30,1,1
9037,72,391,2025-12-24 00:20:00,2,0,1
9038,903,267,2026-05-19 00:57:00,4,0,0
9039,1754,175,2026-05-15 00:45:00,15,0,1
9040,1235,92,2026-08-03 00:56:00,32,0,0
9041,1160,34,2026-02-07 00:41:00,90,0,0
9042,822,496,2026-01-31 00:09:00,23,0,0
9043,1383,167,2026-05-19 00:04:00,22,0,1
9044,33,201,2025-10-18 00:40:00,15,0,0
9045,113,321,2025-12-24 00:11:00,18,0,0
9046,806,83,2026-07-27 00:41:00,12,0,1
9047,43,483,2026-03-30 00:45:00,26,0,1
9048,151,171,2026-08-14 00:46:00,1,0,0
9049,1364,447,2025-11-29 00:46:00,5,0,1
9050,311,297,2025-05-12 00:32:00,26,0,0
9051,1103,358,2026-07-17 00:29:00,1,0,0
9052,1126,157,2026-08-22 00:22:00,26,0,0
9053,237,387,2026-07-23 00:21:00,3,0,0
9054,818,187,2026-01-27 00:29:00,20,0,1
9055,516,198,2026-03-17 00:22:00,1,1,1
9056,1666,65,2025-12-24 00:12:00,3,0,1
9057,229,472,2026-06-09 00:58:00,25,0,0
9058,329,161,2026-07-11 00:31:00,20,0,0
9059,1245,482,2025-10-28 00:08:00,32,0,0
9060,526,240,2026-05-22 00:22:00,12,0,0
9061,1409,345,2026-08-27 00:50:00,12,0,0
9062,146,17,2026-05-28 00:55:00,12,0,0
9063,1402,438,2026-08-06 00:03:00,1,0,0
9064,1655,482,2026-09-06 00:00:00,1,0,0
9065,286,98,2026-01-07 00:18:00,14,0,0
9066,1390,487,2026-09-05 00:55:00,38,0,0
9067,1574,47,2026-02-19 00:56:00,12,0,1
9068,1592,122,2025-07-16 00:38:00,1,0,1
9069,11,224,2026-05-06 00:29:00,1,0,0
9070,830,254,2026-06-29 00:43:00,5,0,1
9071,205,322,2026-05-23 00:57:00,1,0,1
9072,883,245,2025-07-15 00:00:00,7,0,0
9073,389,419,2026-03-03 00:04:00,11,0,0
9074,266,153,2026-03-03 00:24:00,23,0,1
9075,1319,463,2025-12-19 00:17:00,6,0,0
9076,128,284,2026-07-17 00:31:00,15,0,0
9077,922,325,2026-01-25 00:42:00,11,0,1
9078,455,213,2026-08-21 00:01:00,50,0,1
9079,538,243,2026-07-13 00:36:00,15,0,0
9080,405,234,2025-11-08 00:11:00,34,0,0
9081,951,337,2026-07-24 00:08:00,10,0,0
9082,1414,364,2026-03-10 00:34:00,25,0,0
9083,1462,53,2026-08-31 00:48:00,6,0,0
9084,1247,419,2025-11-23 00:54:00,9,0,0
9085,1241,19,2026-05-24 00:55:00,3,0,0
9086,372,97,2026-04-27 00:40:00,22,0,0
9087,1517,201,2026-08-04 00:40:00,59,0,0
9088,1294,317,2026-06-29 00:46:00,25,0,0
9089,1369,457,2026-07-06 00:17:00,2,0,0
9090,1773,197,2026-07-11 00:28:00,23,0,0
9091,395,310,2026-07-21 00:10:00,6,0,0
9092,1589,49,2026-04-22 00:07:00,10,0,1
9093,1425,75,2026-07-20 00:40:00,19,0,0
9094,972,121,2026-01-13 00:01:00,13,0,0
9095,1258,143,2026-08-16 00:29:00,57,0,1
9096,1234,443,2026-08-22 00:10:00,2,0,0
9097,411,83,2026-08-26 00:21:00,25,0,0
9098,1413,456,2025-11-27 00:20:00,7,0,0
9099,390,248,2026-04-25 00:02:00,1,0,0
9100,31,179,2025-08-10 00:06:00,19,0,0
9101,1358,179,2026-03-31 00:26:00,12,1,0
9102,728,260,2026-07-10 00:34:00,27,1,0
9103,1779,35,2026-05-30 00:15:00,5,1,0
9104,935,450,2026-08-29 00:34:00,34,0,0
9105,789,434,2026-06-25 00:39:00,4,0,0
9106,1676,453,2026-03-27 00:55:00,13,0,0
9107,918,482,2025-07-09 00:07:00,1,0,0
9108,29,283,2026-06-06 00:02:00,25,0,0
9109,549,358,2026-09-04 00:44:00,15,0,0
9110,675,259,2025-11-15 00:25:00,16,0,0
9111,412,64,2026-08-29 00:08:00,5,0,1
9112,1202,458,2026-09-07 00:25:00,7,0,1
9113,1421,158,2026-08-18 00:04:00,1,0,1
9114,1218,6,2026-08-21 00:24:00,9,1,0
9115,209,284,2026-04-04 00:57:00,28,0,1
9116,1441,190,2026-03-01 00:56:00,12,0,0
9117,1078,458,2026-06-23 00:03:00,12,0,0
9118,1170,325,2026-02-06 00:29:00,2,0,1
9119,215,364,2026-08-15 00:00:00,9,0,0
9120,295,455,2026-08-24 00:26:00,22,0,1
9121,135,226,2025-06-12 00:23:00,10,0,1
9122,405,227,2026-01-18 00:38:00,61,0,1
9123,715,11,2026-04-04 00:09:00,10,1,0
9124,1171,15,2025-10-10 00:53:00,21,0,1
9125,1426,480,2026-05-28 00:24:00,23,0,0
9126,562,163,2026-05-01 00:51:00,20,0,1
9127,801,377,2026-07-27 00:40:00,2,0,1
9128,1020,398,2026-03-04 00:59:00,61,0,1
9129,1255,361,2026-08-12 00:01:00,17,0,0
9130,1066,6,2026-08-14 00:48:00,26,0,1
9131,1764,239,2026-02-17 00:40:00,22,0,0
9132,1534,418,2026-08-07 00:10:00,9,0,1
9133,1631,314,2026-05-24 00:01:00,10,0,0
9134,760,20,2026-03-26 00:36:00,21,0,1
9135,84,2,2026-07-05 00:17:00,34,0,1
9136,569,275,2026-05-07 00:46:00,18,0,0
9137,326,166,2026-01-19 00:43:00,4,0,1
9138,528,292,2026-06-19 00:10:00,5,0,1
9139,882,319,2025-12-26 00:35:00,1,0,0
9140,508,75,2026-06-13 00:42:00,22,0,0
9141,945,216,2026-08-13 00:54:00,2,0,0
9142,1154,297,2026-03-28 00:01:00,12,0,0
9143,1730,25,2026-08-16 00:14:00,8,0,1
9144,1679,489,2026-07-31 00:18:00,4,0,1
9145,1438,432,2026-05-04 00:38:00,27,0,1
9146,664,478,2026-06-04 00:57:00,9,0,0
9147,57,199,2026-06-24 00:34:00,5,0,0
9148,1730,108,2026-08-23 00:03:00,30,0,0
9149,696,74,2026-06-19 00:57:00,9,0,0
9150,1202,102,2026-09-07 00:57:00,1,0,0
9151,50,95,2026-07-28 00:54:00,26,0,0
9152,703,52,2026-05-30 00:54:00,11,0,1
9153,1248,189,2026-04-22 00:12:00,2,1,0
9154,1612,398,2026-07-27 00:52:00,7,0,1
9155,607,417,2026-04-23 00:13:00,16,0,1
9156,1122,411,2026-07-09 00:01:00,20,0,0
9157,568,270,2026-03-01 00:13:00,5,0,1
9158,1129,96,2026-08-17 00:23:00,33,0,0
9159,1000,342,2026-07-27 00:00:00,5,0,0
9160,121,327,2026-06-01 00:07:00,13,0,0
9161,1778,323,2026-08-20 00:23:00,31,0,0
9162,1063,147,2026-08-12 00:59:00,4,0,0
9163,1747,348,2026-08-07 00:47:00,14,0,0
9164,970,408,2026-05-14 00:47:00,24,0,1
9165,1103,326,2026-09-07 00:29:00,1,1,1
9166,1211,51,2026-08-02 00:40:00,17,0,1
9167,62,68,2026-01-25 00:34:00,32,0,0
9168,747,122,2026-06-27 00:18:00,11,0,0
9169,292,311,2025-10-29 00:49:00,25,0,1
9170,769,86,2026-05-06 00:20:00,1,0,0
9171,1650,331,2026-08-17 00:55:00,53,0,1
9172,1629,314,2026-07-15 00:34:00,2,0,0
9173,165,478,2026-02-26 00:08:00,12,0,0
9174,1792,140,2026-06-22 00:11:00,7,0,0
9175,1277,440,2026-08-26 00:53:00,24,0,0
9176,1442,12,2026-08-03 00:13:00,1,1,1
9177,829,500,2025-12-03 00:13:00,6,0,1
9178,495,471,2026-08-19 00:24:00,5,0,0
9179,1638,19,2026-07-05 00:26:00,6,0,0
9180,1152,104,2026-07-20 00:44:00,1,1,0
9181,750,231,2026-03-29 00:50:00,10,0,0
9182,1084,379,2026-07-19 00:04:00,45,0,1
9183,80,312,2026-08-10 00:58:00,8,1,1
9184,549,490,2026-08-09 00:57:00,11,0,0
9185,192,15,2026-06-22 00:59:00,21,0,0
9186,642,474,2026-01-24 00:11:00,32,0,1
9187,1526,183,2026-06-20 00:25:00,5,0,0
9188,949,402,2026-04-24 00:46:00,5,0,0
9189,221,391,2026-06-24 00:33:00,2,0,1
9190,166,160,2026-01-27 00:34:00,19,0,1
9191,1065,129,2026-05-17 00:06:00,33,0,1
9192,363,357,2026-06-12 00:37:00,58,0,0
9193,390,266,2026-02-02 00:16:00,3,0,0
9194,1220,121,2026-02-08 00:29:00,9,0,0
9195,1324,439,2026-02-24 00:09:00,1,0,0
9196,1205,321,2026-06-03 00:53:00,1,0,0
9197,302,396,2026-04-06 00:56:00,13,0,1
9198,200,308,2026-06-12 00:20:00,17,0,1
9199,1188,480,2026-08-19 00:36:00,3,0,1
9200,1429,477,2026-09-07 00:24:00,19,0,0
9201,866,165,2026-09-06 00:37:00,2,0,0
9202,411,217,2026-08-17 00:22:00,13,0,1
9203,809,243,2025-10-31 00:08:00,26,1,0
9204,154,478,2026-07-26 00:52:00,45,0,0
9205,223,493,2026-03-04 00:51:00,14,0,0
9206,1200,493,2026-02-10 00:48:00,12,1,1
9207,1102,326,2026-03-25 00:24:00,1,1,0
9208,942,91,2025-07-04 00:13:00,3,0,1
9209,1186,194,2025-11-03 00:17:00,37,0,0
9210,1483,57,2025-08-04 00:04:00,5,1,0
9211,1130,214,2026-05-19 00:23:00,10,0,1
9212,320,33,2025-06-22 00:11:00,10,0,0
9213,187,460,2026-08-25 00:42:00,9,0,0
9214,1163,357,2026-04-29 00:26:00,32,0,0
9215,1290,242,2026-08-18 00:45:00,2,0,1
9216,506,406,2026-07-27 00:53:00,15,0,0
9217,1338,25,2026-05-29 00:47:00,29,0,0
9218,827,364,2026-08-27 00:57:00,9,0,0
9219,562,46,2026-08-06 00:41:00,6,0,1
9220,464,440,2026-03-27 00:16:00,61,0,1
9221,561,163,2026-05-08 00:36:00,1,0,0
9222,1403,442,2026-08-13 00:20:00,31,0,1
9223,1108,239,2026-03-08 00:10:00,25,0,1
9224,976,177,2025-09-30 00:31:00,7,0,0
9225,1774,458,2026-06-11 00:20:00,3,0,1
9226,950,406,2026-02-27 00:14:00,17,0,0
9227,972,378,2026-01-14 00:59:00,48,0,0
9228,1732,468,2026-08-29 00:44:00,34,0,1
9229,476,168,2026-08-08 00:04:00,3,0,1
9230,486,149,2026-05-13 00:30:00,6,0,0
9231,17,182,2025-11-25 00:43:00,7,0,1
9232,566,49,2026-04-08 00:00:00,10,0,0
9233,833,337,2026-08-29 00:17:00,2,0,0
9234,1208,245,2025-12-05 00:00:00,8,0,0
9235,1076,26,2026-08-26 00:25:00,2,0,0
9236,1063,23,2026-04-16 00:55:00,8,0,1
9237,116,133,2026-08-30 00:58:00,2,0,0
9238,834,396,2026-02-13 00:14:00,1,0,1
9239,1030,115,2026-06-14 00:13:00,42,0,0
9240,800,4,2026-06-30 00:31:00,8,1,1
9241,297,320,2026-08-26 00:13:00,8,0,0
9242,130,158,2025-09-25 00:44:00,1,1,1
9243,901,29,2026-06-04 00:09:00,1,0,0
9244,706,97,2026-07-24 00:42:00,7,0,1
9245,590,61,2026-08-17 00:10:00,23,1,1
9246,51,82,2025-08-18 00:25:00,5,0,0
9247,1154,343,2025-12-22 00:14:00,14,0,0
9248,1586,242,2026-06-07 00:21:00,7,0,0
9249,933,247,2025-12-10 00:29:00,21,0,0
9250,713,319,2026-06-24 00:55:00,5,0,1
9251,114,275,2026-08-02 00:34:00,21,0,1
9252,1429,290,2026-03-19 00:43:00,5,0,0
9253,611,495,2026-07-17 00:03:00,2,0,0
9254,567,9,2025-11-05 00:23:00,8,0,1
9255,710,275,2026-07-02 00:05:00,3,0,0
9256,595,347,2026-01-28 00:25:00,3,0,0
9257,926,105,2026-07-22 00:15:00,61,0,0
9258,666,492,2026-09-02 00:38:00,17,0,0
9259,1442,89,2026-08-18 00:10:00,1,0,0
9260,726,126,2026-01-09 00:04:00,13,0,0
9261,512,309,2026-07-20 00:15:00,14,0,1
9262,1642,257,2026-04-27 00:06:00,38,0,0
9263,376,440,2025-08-13 00:04:00,60,0,1
9264,979,386,2026-08-29 00:18:00,8,0,1
9265,50,71,2026-07-06 00:05:00,2,0,0
9266,140,228,2026-06-10 00:59:00,1,0,0
9267,1430,357,2026-06-28 00:28:00,1,0,0
9268,1432,283,2026-05-19 00:17:00,4,0,0
9269,1590,371,2026-04-26 00:15:00,2,0,0
9270,1738,310,2026-05-17 00:39:00,28,0,0
9271,1099,259,2026-05-28 00:27:00,33,0,0
9272,1064,56,2026-07-30 00:03:00,3,1,0
9273,176,53,2026-06-07 00:09:00,11,0,0
9274,180,177,2026-06-29 00:02:00,26,0,0
9275,178,1,2026-01-07 00:39:00,59,0,1
9276,1446,342,2025-11-20 00:42:00,61,0,0
9277,896,414,2026-05-14 00:11:00,3,0,1
9278,919,106,2026-08-26 00:20:00,3,0,0
9279,1330,90,2026-05-12 00:21:00,17,0,0
9280,1543,386,2026-06-11 00:42:00,12,0,1
9281,1038,399,2025-12-10 00:30:00,36,0,0
9282,1210,263,2026-01-30 00:15:00,39,0,0
9283,367,166,2026-02-26 00:57:00,23,0,0
9284,1776,26,2026-01-10 00:03:00,25,0,1
9285,444,220,2026-01-28 00:09:00,1,1,0
9286,880,159,2026-08-31 00:10:00,1,0,1
9287,862,436,2026-07-25 00:51:00,4,0,1
9288,1768,270,2026-04-26 00:51:00,6,0,1
9289,196,319,2026-03-19 00:55:00,35,0,0
9290,841,311,2026-08-29 00:37:00,28,0,0
9291,433,307,2026-08-18 00:20:00,66,0,1
9292,483,284,2025-05-30 00:25:00,27,0,0
9293,267,146,2026-07-10 00:05:00,18,0,1
9294,102,57,2026-07-19 00:30:00,17,0,0
9295,266,446,2025-05-20 00:19:00,45,0,0
9296,1791,387,2026-05-05 00:43:00,9,1,1
9297,80,164,2026-08-21 00:51:00,1,0,1
9298,1401,232,2026-08-05 00:42:00,1,1,0
9299,718,331,2026-01-18 00:58:00,2,0,1
9300,1028,345,2025-12-02 00:42:00,129,0,1
9301,1694,393,2026-07-31 00:40:00,51,0,0
9302,1056,30,2025-10-06 00:35:00,40,0,1
9303,209,350,2026-08-18 00:50:00,18,0,0
9304,1515,222,2026-08-28 00:02:00,19,0,0
9305,1622,337,2026-04-28 00:08:00,8,0,1
9306,158,175,2025-12-19 00:31:00,93,0,1
9307,1288,327,2025-12-14 00:29:00,33,1,0
9308,181,401,2026-08-11 00:10:00,22,0,1
9309,1424,66,2026-06-26 00:01:00,41,0,1
9310,1696,489,2026-08-16 00:30:00,15,0,0
9311,81,96,2026-06-24 00:10:00,14,0,1
9312,784,493,2026-06-06 00:09:00,1,0,1
9313,503,149,2026-01-25 00:20:00,21,0,0
9314,523,4,2026-06-03 00:02:00,3,0,0
9315,831,225,2026-05-18 00:33:00,1,0,1
9316,1155,187,2026-08-25 00:40:00,6,0,0
9317,264,453,2026-08-24 00:35:00,29,0,0
9318,1665,196,2025-09-15 00:54:00,7,1,0
9319,783,166,2026-03-20 00:53:00,16,0,0
9320,270,365,2026-02-15 00:24:00,21,0,0
9321,391,446,2026-02-13 00:43:00,2,0,1
9322,1481,342,2026-08-28 00:40:00,21,0,1
9323,1761,398,2026-04-29 00:25:00,19,0,0
9324,389,177,2026-04-03 00:48:00,4,0,0
9325,208,193,2025-11-27 00:31:00,20,0,0
9326,1338,16,2026-01-06 00:39:00,5,0,1
9327,444,114,2025-11-21 00:36:00,17,0,0
9328,1397,93,2026-09-05 00:40:00,47,0,1
9329,129,98,2026-08-26 00:56:00,10,0,0
9330,748,188,2026-03-13 00:21:00,14,0,0
9331,621,166,2026-07-31 00:44:00,3,0,1
9332,976,152,2025-12-15 00:33:00,35,0,0
9333,822,212,2025-12-28 00:10:00,3,0,1
9334,327,363,2025-07-29 00:53:00,3,0,0
9335,445,110,2026-01-25 00:51:00,14,0,0
9336,1313,488,2026-03-26 00:52:00,13,0,0
9337,465,407,2026-09-05 00:02:00,3,0,1
9338,53,217,2026-02-03 00:13:00,18,0,0
9339,37,144,2025-08-14 00:50:00,9,0,0
9340,1681,448,2026-03-19 00:15:00,5,1,0
9341,65,119,2026-07-04 00:18:00,1,0,0
9342,575,58,2026-08-26 00:35:00,15,1,0
9343,1760,88,2025-06-30 00:54:00,11,0,0
9344,907,81,2026-03-08 00:57:00,24,0,1
9345,1465,126,2026-04-02 00:00:00,14,0,0
9346,1165,136,2026-02-05 00:09:00,3,0,1
9347,1453,173,2025-12-09 00:49:00,45,0,1
9348,1309,132,2026-09-03 00:10:00,14,0,1
9349,897,79,2025-08-07 00:11:00,24,0,0
9350,1556,38,2026-07-05 00:30:00,55,1,0
9351,409,402,2026-07-06 00:43:00,25,0,0
9352,953,326,2026-06-06 00:09:00,25,0,1
9353,1176,394,2026-05-06 00:33:00,23,0,1
9354,1631,103,2025-09-14 00:38:00,9,0,0
9355,183,82,2026-08-29 00:06:00,37,0,1
9356,672,334,2026-08-20 00:12:00,1,0,0
9357,1111,443,2026-04-17 00:46:00,13,0,0
9358,512,380,2026-09-06 00:26:00,11,0,1
9359,17,190,2026-04-29 00:07:00,16,0,0
9360,527,264,2026-08-10 00:43:00,40,0,0
9361,361,53,2026-08-21 00:35:00,8,0,0
9362,9,294,2026-07-27 00:30:00,26,0,0
9363,1532,182,2026-08-05 00:06:00,21,0,0
9364,1233,309,2026-08-04 00:16:00,20,0,0
9365,63,170,2026-07-12 00:54:00,45,0,1
9366,272,206,2025-12-14 00:28:00,14,0,0
9367,763,263,2026-08-10 00:56:00,2,1,1
9368,851,142,2026-08-27 00:49:00,6,0,0
9369,1246,123,2026-07-10 00:39:00,62,0,0
9370,185,343,2026-05-24 00:03:00,9,1,0
9371,1406,149,2026-09-05 00:06:00,41,0,0
9372,1075,135,2026-04-24 00:48:00,3,0,0
9373,708,461,2026-02-12 00:12:00,1,0,1
9374,1311,139,2025-05-21 00:25:00,42,0,0
9375,158,58,2025-11-07 00:08:00,1,0,1
9376,541,128,2025-11-23 00:58:00,32,0,1
9377,1073,111,2026-07-25 00:47:00,1,0,0
9378,110,209,2026-06-10 00:29:00,54,0,0
9379,313,429,2025-07-15 00:57:00,6,0,0
9380,1175,324,2026-07-09 00:09:00,1,0,1
9381,1671,455,2026-02-06 00:26:00,27,0,0
9382,581,4,2026-06-09 00:32:00,4,0,0
9383,825,126,2026-06-25 00:44:00,16,0,0
9384,949,154,2026-07-03 00:22:00,18,1,0
9385,1351,375,2025-10-26 00:25:00,31,0,0
9386,493,499,2025-09-02 00:42:00,91,0,0
9387,8,319,2026-07-25 00:50:00,25,0,0
9388,1271,184,2026-06-06 00:11:00,8,0,1
9389,356,183,2026-03-21 00:04:00,27,0,0
9390,1247,339,2025-09-26 00:36:00,7,0,0
9391,1123,203,2025-09-26 00:59:00,1,0,1
9392,1721,94,2026-04-04 00:28:00,77,0,1
9393,1455,307,2026-09-02 00:43:00,4,0,0
9394,1097,214,2026-03-02 00:46:00,21,0,0
9395,659,81,2026-05-01 00:26:00,13,0,0
9396,1236,375,2026-08-18 00:32:00,7,0,0
9397,1228,68,2025-05-11 00:03:00,5,0,1
9398,1075,21,2026-06-02 00:16:00,7,0,0
9399,345,486,2026-07-24 00:20:00,12,0,0
9400,429,61,2025-09-22 00:26:00,57,0,1
9401,894,181,2025-11-12 00:25:00,13,0,0
9402,496,118,2025-08-10 00:16:00,31,0,1
9403,1657,391,2026-05-10 00:20:00,6,0,1
9404,5,86,2025-11-28 00:22:00,22,0,0
9405,1265,297,2026-07-07 00:35:00,16,0,1
9406,399,133,2025-12-24 00:08:00,10,0,1
9407,230,394,2026-02-01 00:57:00,29,0,0
9408,997,143,2026-03-25 00:47:00,82,0,1
9409,891,499,2026-07-15 00:08:00,10,0,0
9410,176,428,2026-03-28 00:16:00,27,0,0
9411,233,389,2026-07-02 00:37:00,34,0,1
9412,1750,16,2026-01-24 00:29:00,3,0,0
9413,1742,284,2026-07-01 00:39:00,2,0,1
9414,1638,137,2026-07-06 00:24:00,1,0,1
9415,1281,23,2026-04-26 00:09:00,9,0,1
9416,1257,186,2026-07-11 00:53:00,6,0,0
9417,1581,413,2026-06-16 00:16:00,66,0,0
9418,66,307,2026-05-17 00:10:00,16,0,1
9419,990,461,2026-07-11 00:18:00,22,0,0
9420,779,326,2025-11-07 00:59:00,33,0,1
9421,732,313,2026-02-15 00:16:00,20,0,0
9422,384,121,2026-01-19 00:05:00,16,0,1
9423,1742,352,2025-11-16 00:11:00,1,0,0
9424,1587,269,2026-09-01 00:49:00,35,0,0
9425,441,296,2025-04-22 00:26:00,5,0,0
9426,577,466,2025-06-04 00:45:00,11,0,0
9427,730,284,2026-05-03 00:07:00,3,0,1
9428,1789,329,2026-02-17 00:16:00,5,0,1
9429,619,12,2026-08-17 00:23:00,7,0,1
9430,1230,457,2026-08-18 00:51:00,42,0,0
9431,773,48,2026-06-29 00:51:00,33,0,1
9432,863,392,2026-01-07 00:09:00,1,0,0
9433,1400,48,2026-08-08 00:20:00,12,0,0
9434,1484,347,2026-05-15 00:55:00,2,0,0
9435,1768,493,2026-08-07 00:39:00,11,0,0
9436,731,469,2026-06-29 00:36:00,30,0,0
9437,1118,51,2026-06-04 00:52:00,36,0,1
9438,416,414,2026-08-20 00:42:00,2,1,1
9439,651,397,2026-09-06 00:43:00,4,0,0
9440,1510,36,2026-03-28 00:40:00,33,0,1
9441,107,362,2025-10-05 00:33:00,34,0,1
9442,460,221,2026-08-27 00:13:00,34,0,0
9443,1161,349,2026-05-21 00:07:00,11,0,0
9444,683,87,2026-07-02 00:43:00,11,0,0
9445,1488,48,2026-06-04 00:37:00,15,0,0
9446,1213,392,2026-04-21 00:56:00,5,0,1
9447,1315,301,2026-01-11 00:00:00,1,0,0
9448,1272,154,2026-03-30 00:17:00,18,0,0
9449,375,331,2026-08-22 00:22:00,2,1,0
9450,115,363,2025-10-31 00:14:00,10,0,0
9451,178,49,2026-01-06 00:00:00,5,0,0
9452,759,14,2026-08-21 00:51:00,9,0,1
9453,1494,105,2026-05-17 00:52:00,28,0,1
9454,1019,284,2026-06-06 00:37:00,35,0,1
9455,620,108,2026-07-03 00:10:00,38,0,0
9456,1086,84,2025-12-12 00:27:00,33,0,1
9457,1036,263,2026-07-27 00:08:00,43,0,0
9458,1410,407,2026-04-26 00:30:00,17,0,0
9459,253,325,2026-09-06 00:39:00,7,0,0
9460,1104,432,2026-08-22 00:35:00,15,0,0
9461,960,138,2026-02-11 00:03:00,1,0,0
9462,246,419,2026-07-11 00:58:00,15,0,0
9463,1466,433,2026-09-07 00:50:00,26,1,0
9464,1142,367,2026-04-07 00:08:00,22,0,0
9465,1368,464,2025-07-11 00:29:00,2,0,0
9466,48,19,2026-08-21 00:35:00,8,0,1
9467,326,282,2025-12-13 00:56:00,29,0,1
9468,165,423,2025-11-25 00:16:00,9,0,1
9469,1207,5,2025-09-17 00:33:00,12,0,0
9470,1698,315,2026-08-26 00:56:00,45,0,1
9471,1656,132,2026-01-09 00:10:00,7,0,1
9472,90,71,2026-04-28 00:11:00,4,0,1
9473,1718,152,2025-09-16 00:35:00,17,0,0
9474,189,317,2026-04-07 00:09:00,16,0,0
9475,553,53,2026-07-17 00:26:00,32,0,0
9476,637,474,2026-07-31 00:00:00,2,0,0
9477,1423,145,2026-05-03 00:22:00,13,0,1
9478,51,498,2026-05-14 00:33:00,1,0,1
9479,360,116,2026-07-31 00:07:00,21,0,0
9480,48,124,2026-08-26 00:01:00,13,0,0
9481,841,198,2026-08-11 00:35:00,2,0,0
9482,1490,33,2025-06-02 00:53:00,11,0,1
9483,571,472,2026-05-30 00:08:00,16,0,0
9484,31,415,2025-07-03 00:14:00,23,0,0
9485,1197,244,2026-03-22 00:57:00,23,0,0
9486,1478,232,2026-09-07 00:03:00,74,0,0
9487,496,419,2025-12-03 00:31:00,131,0,0
9488,1395,401,2026-08-05 00:00:00,7,1,0
9489,1620,178,2026-09-03 00:08:00,2,0,0
9490,1480,423,2026-09-06 00:40:00,17,0,0
9491,1629,107,2026-07-19 00:16:00,11,0,1
9492,1561,17,2026-05-07 00:22:00,17,0,0
9493,652,427,2026-03-01 00:36:00,20,0,0
9494,1404,202,2026-07-01 00:28:00,8,0,0
9495,79,272,2026-03-12 00:28:00,4,0,1
9496,857,298,2026-03-01 00:53:00,14,0,0
9497,1332,345,2026-04-23 00:10:00,2,0,0
9498,1396,241,2026-08-31 00:41:00,9,0,1
9499,293,411,2026-08-05 00:36:00,22,0,1
9500,321,187,2026-06-21 00:17:00,2,0,0
9501,1241,289,2026-07-19 00:08:00,6,0,1
9502,1391,349,2026-07-31 00:58:00,12,0,1
9503,1631,125,2026-06-12 00:42:00,13,0,0
9504,645,258,2026-05-10 00:51:00,3,0,0
9505,489,61,2026-08-18 00:08:00,51,0,1
9506,1056,52,2025-12-02 00:14:00,25,0,1
9507,1601,130,2026-07-15 00:02:00,21,0,0
9508,265,463,2025-09-12 00:01:00,1,0,0
9509,1413,215,2025-09-18 00:43:00,1,0,0
9510,790,102,2025-12-19 00:50:00,30,0,1
9511,1490,112,2026-05-05 00:57:00,1,1,1
9512,384,99,2026-01-01 00:59:00,15,0,1
9513,1494,466,2026-04-08 00:50:00,70,0,1
9514,1438,420,2026-04-12 00:12:00,4,0,1
9515,899,489,2026-08-06 00:39:00,51,0,0
9516,1621,125,2026-06-12 00:11:00,16,0,1
9517,1479,269,2026-08-24 00:15:00,32,0,1
9518,959,316,2026-08-28 00:37:00,29,0,0
9519,96,344,2026-08-07 00:26:00,2,0,1
9520,1051,365,2025-06-12 00:46:00,4,0,1
9521,709,63,2025-12-25 00:10:00,35,0,1
9522,1221,411,2026-01-23 00:51:00,26,0,0
9523,449,170,2026-04-30 00:24:00,53,0,0
9524,480,477,2026-05-21 00:57:00,14,0,1
9525,1351,202,2026-09-03 00:48:00,2,0,1
9526,315,363,2026-06-04 00:10:00,2,0,0
9527,1579,82,2026-02-27 00:47:00,5,0,0
9528,233,103,2026-03-12 00:47:00,24,0,1
9529,957,186,2026-07-08 00:34:00,44,0,0
9530,364,369,2025-11-18 00:46:00,2,0,1
9531,324,348,2026-06-14 00:43:00,5,0,1
9532,111,493,2026-03-14 00:53:00,38,0,0
9533,432,431,2026-03-10 00:16:00,30,0,1
9534,1746,69,2026-06-07 00:58:00,22,0,0
9535,470,403,2026-05-05 00:58:00,28,0,0
9536,244,401,2026-03-08 00:44:00,12,0,1
9537,1797,281,2026-05-06 00:44:00,17,0,0
9538,725,145,2026-08-24 00:36:00,21,0,1
9539,318,165,2026-06-04 00:57:00,10,0,0
9540,1226,460,2025-12-05 00:03:00,26,0,0
9541,123,193,2026-04-01 00:12:00,10,0,0
9542,1315,385,2025-12-11 00:52:00,13,0,1
9543,600,500,2026-06-18 00:45:00,23,0,0
9544,1457,172,2026-04-17 00:30:00,20,0,1
9545,1751,155,2026-02-15 00:53:00,40,0,1
9546,1212,309,2025-09-15 00:51:00,10,0,0
9547,256,172,2025-11-07 00:01:00,16,0,1
9548,1375,490,2025-12-27 00:41:00,38,1,0
9549,698,462,2026-06-29 00:45:00,25,0,1
9550,1355,244,2026-09-03 00:29:00,1,0,0
9551,82,363,2026-06-30 00:05:00,1,0,0
9552,314,215,2026-05-10 00:08:00,14,0,0
9553,690,363,2026-07-07 00:00:00,6,0,1
9554,1311,351,2026-05-01 00:27:00,80,0,1
9555,1050,380,2025-11-15 00:55:00,7,0,1
9556,1312,307,2026-08-13 00:54:00,4,0,1
9557,972,42,2026-07-21 00:47:00,12,0,1
9558,453,472,2026-07-31 00:54:00,5,0,1
9559,1162,402,2026-08-19 00:31:00,20,0,1
9560,235,150,2026-02-03 00:05:00,41,0,0
9561,1102,81,2026-08-06 00:54:00,18,0,1
9562,1205,234,2026-09-03 00:08:00,17,0,0
9563,1576,33,2026-06-11 00:09:00,10,0,1
9564,933,191,2025-08-02 00:07:00,8,0,1
9565,709,154,2025-07-19 00:55:00,25,0,0
9566,1412,497,2026-02-22 00:16:00,6,0,1
9567,501,229,2026-08-18 00:26:00,7,0,0
9568,935,74,2026-07-16 00:08:00,1,0,0
9569,724,152,2026-04-01 00:21:00,8,1,0
9570,392,455,2026-08-18 00:28:00,4,0,1
9571,1155,28,2026-07-21 00:53:00,46,0,1
9572,993,99,2026-08-01 00:00:00,13,0,0
9573,735,227,2026-07-09 00:46:00,12,0,1
9574,1188,494,2026-07-22 00:44:00,17,0,1
9575,285,136,2026-04-16 00:53:00,32,0,1
9576,953,340,2026-06-04 00:50:00,1,0,1
9577,158,282,2026-07-05 00:36:00,36,0,1
9578,1717,303,2026-07-03 00:29:00,3,0,0
9579,1227,297,2026-05-13 00:33:00,11,0,1
9580,1685,70,2026-08-15 00:43:00,66,0,0
9581,1131,274,2026-06-17 00:58:00,3,0,1
9582,1239,323,2026-06-30 00:42:00,3,0,1
9583,491,185,2026-05-24 00:49:00,34,1,0
9584,1759,445,2026-05-29 00:22:00,21,0,0
9585,364,135,2025-04-18 00:45:00,12,0,0
9586,1174,62,2026-06-03 00:10:00,35,1,0
9587,1684,238,2026-03-11 00:22:00,18,0,0
9588,1131,406,2026-04-21 00:15:00,1,0,0
9589,99,119,2026-05-08 00:12:00,21,0,0
9590,1726,54,2026-05-28 00:08:00,18,0,0
9591,1230,168,2026-02-23 00:06:00,32,1,1
9592,1600,144,2026-08-26 00:46:00,2,0,1
9593,368,175,2026-08-02 00:13:00,39,0,1
9594,720,373,2026-08-21 00:23:00,3,0,0
9595,1383,54,2026-06-27 00:16:00,45,0,1
9596,1744,256,2025-12-23 00:00:00,3,0,1
9597,1066,99,2026-01-06 00:41:00,33,1,0
9598,1130,56,2026-08-23 00:24:00,27,1,0
9599,925,86,2026-02-08 00:45:00,37,0,0
9600,107,259,2026-03-16 00:26:00,37,1,0
9601,220,159,2026-06-05 00:29:00,37,0,1
9602,75,32,2026-08-11 00:12:00,12,0,0
9603,1451,293,2026-01-25 00:23:00,9,1,1
9604,409,264,2026-07-18 00:19:00,7,0,1
9605,487,193,2026-08-18 00:01:00,37,0,1
9606,670,335,2026-08-18 00:12:00,5,0,1
9607,420,19,2026-08-29 00:31:00,45,0,0
9608,96,109,2026-04-30 00:12:00,33,0,1
9609,1701,204,2026-06-26 00:09:00,1,0,1
9610,820,256,2026-09-03 00:25:00,9,0,0
9611,780,101,2026-03-23 00:59:00,37,0,0
9612,384,177,2025-12-01 00:44:00,3,0,0
9613,807,220,2025-09-14 00:35:00,36,0,1
9614,1272,332,2026-03-22 00:09:00,8,0,0
9615,519,179,2026-06-07 00:28:00,3,0,0
9616,504,66,2026-06-30 00:09:00,7,0,0
9617,188,317,2026-08-20 00:13:00,13,0,0
9618,599,482,2026-08-23 00:14:00,20,0,0
9619,205,217,2025-12-18 00:29:00,6,0,1
9620,1612,238,2026-03-10 00:10:00,15,0,1
9621,124,309,2025-11-18 00:46:00,20,0,1
9622,841,413,2026-08-14 00:17:00,7,1,0
9623,216,254,2025-10-27 00:50:00,52,0,0
9624,963,30,2025-12-28 00:47:00,4,0,0
9625,99,78,2026-03-07 00:49:00,1,0,0
9626,1388,30,2026-08-12 00:17:00,34,0,0
9627,1680,339,2025-07-20 00:10:00,15,1,0
9628,538,257,2026-03-20 00:23:00,9,0,0
9629,1775,82,2026-05-25 00:21:00,18,0,1
9630,1043,436,2026-07-26 00:17:00,91,1,0
9631,431,47,2026-08-30 00:06:00,12,0,0
9632,1262,228,2026-08-21 00:29:00,27,1,0
9633,1576,92,2026-08-25 00:41:00,6,0,0
9634,808,240,2026-06-22 00:48:00,11,0,0
9635,1483,159,2026-07-26 00:35:00,14,0,0
9636,11,338,2026-05-24 00:26:00,5,0,0
9637,23,343,2026-07-20 00:37:00,21,0,1
9638,164,141,2026-07-30 00:49:00,41,0,1
9639,1409,411,2026-08-31 00:36:00,32,0,0
9640,1128,180,2025-12-03 00:42:00,65,0,0
9641,1266,229,2026-05-30 00:59:00,34,0,0
9642,1245,195,2025-12-04 00:36:00,2,0,1
9643,678,325,2026-09-07 00:24:00,82,0,0
9644,536,171,2026-02-02 00:31:00,13,0,1
9645,1167,388,2026-07-24 00:15:00,37,0,0
9646,337,141,2026-04-16 00:53:00,101,0,0
9647,1195,373,2026-09-05 00:16:00,17,0,1
9648,883,490,2026-02-06 00:31:00,16,0,0
9649,1094,72,2026-08-07 00:58:00,19,1,1
9650,798,332,2025-12-03 00:52:00,19,0,0
9651,533,230,2026-04-26 00:57:00,7,0,1
9652,1287,421,2026-04-08 00:21:00,12,0,0
9653,217,264,2026-08-30 00:37:00,57,0,0
9654,553,363,2026-06-04 00:31:00,1,0,1
9655,180,492,2026-08-03 00:44:00,16,0,0
9656,1270,73,2026-02-12 00:57:00,16,0,0
9657,947,425,2026-07-16 00:09:00,54,0,1
9658,943,236,2026-03-18 00:17:00,48,0,1
9659,716,391,2026-07-19 00:07:00,20,0,1
9660,226,7,2026-05-28 00:14:00,12,0,1
9661,1503,30,2026-07-30 00:44:00,20,0,1
9662,1448,248,2025-05-25 00:46:00,15,0,0
9663,968,23,2026-01-15 00:27:00,33,0,0
9664,532,149,2026-07-02 00:32:00,14,0,1
9665,1633,306,2026-08-03 00:22:00,11,0,0
9666,1320,359,2026-06-24 00:58:00,8,0,0
9667,442,331,2025-09-20 00:16:00,1,0,1
9668,1168,14,2026-05-05 00:20:00,2,0,1
9669,343,138,2026-04-27 00:48:00,63,0,0
9670,1325,113,2026-04-22 00:54:00,1,0,0
9671,110,439,2025-12-24 00:58:00,11,0,0
9672,741,192,2026-08-03 00:31:00,19,0,1
9673,442,497,2026-03-27 00:08:00,31,0,1
9674,551,40,2026-07-25 00:32:00,3,1,0
9675,571,268,2026-07-25 00:32:00,37,0,1
9676,923,475,2026-07-26 00:11:00,24,0,0
9677,402,123,2026-02-21 00:09:00,1,0,0
9678,1131,32,2026-08-16 00:04:00,6,0,1
9679,1791,76,2025-11-03 00:55:00,17,1,0
9680,1393,314,2026-02-11 00:34:00,3,0,0
9681,801,322,2026-08-19 00:03:00,23,0,0
9682,1117,81,2026-08-29 00:33:00,51,0,0
9683,1702,85,2025-10-29 00:55:00,4,0,0
9684,1083,73,2026-06-05 00:41:00,92,0,0
9685,1771,113,2026-07-22 00:29:00,15,0,0
9686,1305,53,2026-06-20 00:49:00,12,0,1
9687,549,284,2026-08-27 00:27:00,8,0,0
9688,387,82,2026-01-07 00:37:00,7,0,0
9689,1376,387,2026-07-04 00:37:00,18,1,0
9690,546,431,2026-06-06 00:30:00,19,0,0
9691,889,363,2026-04-08 00:30:00,61,0,0
9692,409,20,2026-06-02 00:39:00,1,0,0
9693,1228,330,2025-08-03 00:50:00,11,0,1
9694,882,147,2026-07-29 00:13:00,212,0,1
9695,254,259,2026-08-19 00:28:00,4,0,0
9696,102,237,2026-08-10 00:11:00,22,0,0
9697,1131,274,2026-04-07 00:44:00,3,0,1
9698,13,352,2026-06-06 00:08:00,15,0,0
9699,1260,184,2026-08-21 00:39:00,13,0,0
9700,1696,49,2026-07-24 00:56:00,18,1,0
9701,1331,46,2025-10-18 00:31:00,4,0,1
9702,1778,364,2026-08-27 00:51:00,2,0,0
9703,419,116,2026-08-15 00:12:00,27,0,1
9704,637,71,2026-08-25 00:43:00,14,1,0
9705,1388,412,2026-08-18 00:54:00,62,1,0
9706,622,172,2026-08-08 00:36:00,2,0,0
9707,340,251,2026-03-29 00:40:00,20,0,1
9708,170,111,2026-03-02 00:08:00,5,0,1
9709,396,366,2026-05-18 00:17:00,1,0,0
9710,280,299,2026-07-28 00:02:00,26,0,0
9711,391,38,2026-03-04 00:09:00,8,0,1
9712,330,230,2026-08-08 00:34:00,2,1,1
9713,216,62,2026-03-22 00:04:00,23,1,1
9714,1351,61,2025-09-24 00:14:00,2,0,0
9715,1061,444,2026-07-06 00:34:00,17,0,0
9716,311,145,2026-08-01 00:51:00,26,0,1
9717,1140,408,2026-08-07 00:49:00,64,0,0
9718,1002,348,2026-01-26 00:27:00,15,0,1
9719,628,236,2026-07-21 00:01:00,35,0,1
9720,736,71,2026-06-30 00:56:00,37,0,1
9721,1132,219,2026-06-25 00:59:00,33,0,0
9722,169,419,2026-07-23 00:39:00,16,0,1
9723,1385,321,2026-08-17 00:21:00,6,0,0
9724,1522,225,2026-05-31 00:36:00,83,0,0
9725,1093,35,2025-07-26 00:23:00,22,0,1
9726,526,325,2025-11-06 00:31:00,38,0,0
9727,912,417,2025-12-17 00:03:00,30,0,0
9728,1654,256,2026-02-04 00:33:00,84,0,1
9729,588,40,2026-02-04 00:28:00,1,0,0
9730,76,440,2026-02-19 00:13:00,1,0,0
9731,1760,238,2025-11-11 00:56:00,4,0,0
9732,519,76,2026-07-20 00:00:00,6,1,1
9733,820,114,2026-07-31 00:28:00,19,0,1
9734,1543,361,2026-07-04 00:16:00,74,1,1
9735,1653,44,2025-06-03 00:14:00,4,0,1
9736,1449,42,2026-01-14 00:08:00,12,0,0
9737,1761,170,2026-03-29 00:15:00,17,0,0
9738,1258,240,2026-02-28 00:35:00,25,1,0
9739,526,87,2025-11-23 00:32:00,31,0,1
9740,1637,205,2026-09-07 00:26:00,29,0,0
9741,301,436,2026-08-10 00:04:00,22,0,1
9742,728,297,2025-09-09 00:50:00,131,0,1
9743,362,36,2026-08-08 00:30:00,27,0,1
9744,59,283,2026-03-11 00:19:00,17,0,1
9745,1607,296,2025-11-23 00:57:00,7,0,1
9746,1376,96,2026-06-19 00:10:00,6,0,1
9747,348,471,2026-08-13 00:29:00,84,0,0
9748,262,479,2026-03-13 00:49:00,26,0,0
9749,266,276,2025-03-27 00:27:00,8,0,0
9750,167,13,2026-08-25 00:40:00,23,0,1
9751,1070,103,2026-09-07 00:16:00,39,0,0
9752,1555,265,2026-09-02 00:39:00,12,0,1
9753,1676,485,2026-04-28 00:49:00,6,0,0
9754,804,125,2026-02-10 00:51:00,6,0,0
9755,981,116,2026-06-16 00:15:00,22,0,0
9756,1497,253,2026-06-27 00:07:00,41,0,0
9757,715,318,2026-03-21 00:32:00,33,1,0
9758,1400,306,2026-07-03 00:04:00,21,0,1
9759,771,56,2026-01-03 00:06:00,16,0,0
9760,1384,65,2026-06-17 00:09:00,1,0,0
9761,1713,204,2026-07-31 00:13:00,1,0,0
9762,958,280,2025-09-18 00:14:00,15,0,1
9763,699,174,2026-01-27 00:49:00,13,0,0
9764,1507,374,2026-08-25 00:18:00,2,0,0
9765,289,128,2026-05-07 00:22:00,1,0,0
9766,1244,174,2026-08-03 00:55:00,11,0,0
9767,850,240,2026-06-23 00:23:00,61,0,0
9768,1558,146,2025-06-28 00:10:00,7,0,0
9769,1753,416,2026-08-13 00:47:00,15,0,0
9770,16,189,2026-06-25 00:13:00,18,0,1
9771,1006,156,2026-08-18 00:01:00,49,0,1
9772,1718,297,2025-10-03 00:00:00,44,0,0
9773,517,245,2025-11-14 00:28:00,2,1,0
9774,447,306,2026-07-25 00:12:00,22,0,0
9775,1433,418,2026-07-27 00:47:00,16,0,1
9776,1070,403,2026-09-07 00:00:00,2,0,1
9777,182,163,2026-05-01 00:15:00,1,0,1
9778,333,306,2026-03-09 00:12:00,5,0,0
9779,1434,113,2026-03-28 00:26:00,5,0,0
9780,421,374,2026-07-24 00:56:00,32,0,0
9781,808,315,2026-08-16 00:03:00,16,0,1
9782,245,344,2026-07-07 00:47:00,8,0,1
9783,546,448,2025-11-05 00:15:00,19,0,1
9784,508,224,2026-06-04 00:14:00,29,1,1
9785,1644,178,2026-07-11 00:04:00,4,0,1
9786,1155,210,2026-06-11 00:24:00,65,0,1
9787,1218,411,2026-08-21 00:49:00,5,0,1
9788,332,438,2026-08-19 00:00:00,42,0,1
9789,1701,328,2026-07-12 00:59:00,30,0,0
9790,1732,483,2026-09-02 00:04:00,3,0,1
9791,255,212,2026-04-13 00:21:00,13,1,1
9792,245,464,2026-09-01 00:49:00,61,0,0
9793,1564,251,2026-05-08 00:14:00,5,0,0
9794,53,98,2026-02-15 00:08:00,1,0,0
9795,1091,316,2026-08-28 00:35:00,2,0,1
9796,236,229,2026-05-01 00:27:00,2,0,0
9797,332,42,2025-12-30 00:49:00,14,1,1
9798,82,492,2026-07-28 00:35:00,22,0,1
9799,677,93,2026-04-18 00:13:00,4,0,0
9800,663,16,2026-03-19 00:44:00,1,0,0
9801,1464,5,2026-08-17 00:07:00,19,0,1
9802,697,500,2026-05-12 00:35:00,79,0,0
9803,433,11,2026-08-10 00:27:00,5,0,0
9804,1336,64,2026-08-09 00:43:00,7,0,0
9805,1761,121,2026-03-11 00:10:00,76,0,0
9806,627,279,2025-11-21 00:48:00,7,0,0
9807,1363,111,2026-08-20 00:55:00,13,0,1
9808,1065,351,2026-08-03 00:40:00,29,0,0
9809,237,198,2026-07-28 00:45:00,8,0,0
9810,710,16,2025-09-06 00:33:00,4,0,0
9811,944,148,2026-08-19 00:20:00,25,0,1
9812,688,261,2026-02-15 00:06:00,3,0,0
9813,173,143,2026-01-01 00:41:00,68,0,1
9814,49,159,2025-08-10 00:30:00,1,0,1
9815,863,214,2026-09-07 00:39:00,20,0,0
9816,1612,345,2026-06-22 00:15:00,21,0,0
9817,327,66,2025-08-09 00:10:00,5,0,1
9818,1521,123,2026-06-24 00:57:00,67,1,0
9819,285,397,2026-03-18 00:23:00,88,0,0
9820,334,325,2026-08-20 00:01:00,3,0,0
9821,12,311,2025-10-24 00:14:00,1,0,0
9822,119,258,2026-09-06 00:02:00,45,0,1
9823,312,124,2026-03-03 00:57:00,34,0,0
9824,605,69,2026-05-28 00:34:00,14,0,1
9825,329,159,2026-05-07 00:03:00,25,0,0
9826,482,32,2026-07-29 00:50:00,15,0,0
9827,1264,57,2026-08-16 00:57:00,11,1,0
9828,1516,279,2026-09-01 00:21:00,2,0,0
9829,1033,490,2026-07-23 00:39:00,2,0,0
9830,209,267,2025-06-29 00:08:00,19,0,0
9831,211,431,2026-04-11 00:05:00,9,0,1
9832,1795,497,2026-08-27 00:06:00,3,0,1
9833,1335,322,2025-07-18 00:12:00,1,0,1
9834,1143,92,2026-08-31 00:45:00,1,0,0
9835,85,99,2026-05-30 00:25:00,34,0,0
9836,131,241,2025-11-19 00:57:00,12,0,1
9837,666,438,2026-04-05 00:36:00,1,0,0
9838,1745,268,2026-03-30 00:03:00,26,0,0
9839,1307,70,2026-07-07 00:47:00,14,0,0
9840,1476,49,2026-08-16 00:19:00,32,0,0
9841,1219,389,2026-06-22 00:43:00,14,0,0
9842,1391,227,2026-01-30 00:25:00,14,0,0
9843,1505,375,2025-09-04 00:51:00,25,0,0
9844,1010,196,2025-09-05 00:15:00,5,0,1
9845,262,320,2026-02-04 00:21:00,4,0,0
9846,351,188,2026-04-10 00:43:00,1,0,1
9847,1082,411,2026-09-06 00:28:00,58,0,0
9848,1307,208,2026-05-31 00:28:00,5,0,0
9849,1718,176,2026-07-31 00:39:00,3,0,0
9850,1314,167,2026-07-15 00:12:00,8,0,1
9851,2,493,2025-05-09 00:51:00,17,0,0
9852,568,373,2026-04-27 00:45:00,21,0,0
9853,1243,346,2026-08-23 00:46:00,2,0,1
9854,1677,393,2026-07-24 00:49:00,12,0,0
9855,671,333,2026-08-10 00:05:00,7,0,1
9856,986,158,2026-07-02 00:07:00,19,0,1
9857,721,121,2026-01-25 00:30:00,22,0,0
9858,1544,489,2026-02-02 00:19:00,14,0,0
9859,1590,223,2026-06-04 00:56:00,28,0,0
9860,1384,260,2026-03-26 00:58:00,6,0,1
9861,1703,268,2026-08-30 00:17:00,6,0,0
9862,1324,261,2026-09-04 00:36:00,2,0,1
9863,819,236,2026-05-24 00:20:00,36,0,0
9864,267,387,2026-08-01 00:28:00,15,0,0
9865,1485,385,2026-07-13 00:59:00,19,0,0
9866,1592,377,2026-01-12 00:10:00,42,0,0
9867,634,483,2026-08-05 00:20:00,3,0,0
9868,620,293,2026-08-25 00:39:00,1,0,0
9869,299,246,2026-03-05 00:14:00,8,0,1
9870,1220,110,2026-01-20 00:27:00,1,0,0
9871,1573,390,2026-05-14 00:59:00,1,0,0
9872,1575,350,2026-06-16 00:35:00,20,0,0
9873,986,398,2026-08-12 00:28:00,4,0,0
9874,1387,350,2026-06-10 00:22:00,13,0,0
9875,1024,291,2026-08-04 00:06:00,1,0,0
9876,1600,314,2026-06-27 00:42:00,12,0,0
9877,598,457,2025-12-23 00:06:00,13,0,0
9878,1399,207,2026-09-07 00:31:00,55,0,1
9879,230,209,2026-07-24 00:56:00,33,0,0
9880,939,228,2025-08-16 00:59:00,5,0,1
9881,462,31,2026-01-09 00:06:00,27,0,1
9882,507,62,2025-11-19 00:08:00,1,0,0
9883,991,149,2025-10-25 00:13:00,1,0,1
9884,1005,157,2026-02-15 00:05:00,19,0,0
9885,243,124,2026-06-02 00:20:00,29,0,1
9886,234,47,2026-02-23 00:03:00,63,1,0
9887,1316,97,2026-08-31 00:18:00,2,0,0
9888,989,228,2026-07-17 00:00:00,31,0,0
9889,490,110,2025-11-13 00:54:00,17,0,1
9890,50,331,2026-09-06 00:35:00,13,0,0
9891,579,426,2026-08-11 00:52:00,2,0,1
9892,962,462,2026-08-05 00:59:00,1,1,0
9893,625,483,2025-12-02 00:24:00,18,0,1
9894,1291,23,2026-08-19 00:26:00,44,0,0
9895,1627,458,2026-05-20 00:59:00,37,0,1
9896,611,261,2026-03-27 00:56:00,90,0,0
9897,1372,277,2026-09-07 00:21:00,5,0,0
9898,1506,87,2026-02-08 00:32:00,35,0,0
9899,1091,396,2026-08-29 00:58:00,58,0,0
9900,1334,17,2026-06-13 00:03:00,40,0,0
9901,1566,188,2026-08-27 00:49:00,24,0,0
9902,1150,136,2026-03-24 00:08:00,1,0,0
9903,1265,388,2026-08-12 00:09:00,3,0,1
9904,856,65,2026-05-19 00:19:00,7,0,0
9905,65,450,2026-09-06 00:03:00,25,1,0
9906,1777,57,2026-05-03 00:34:00,12,0,1
9907,42,434,2026-02-28 00:06:00,4,0,0
9908,284,462,2026-06-18 00:21:00,27,0,0
9909,618,319,2026-05-30 00:12:00,10,1,0
9910,1524,203,2026-07-29 00:17:00,8,0,0
9911,975,432,2026-08-30 00:05:00,17,0,0
9912,1478,259,2026-05-12 00:09:00,35,0,1
9913,1452,101,2026-06-08 00:57:00,56,0,1
9914,1439,80,2026-03-11 00:35:00,9,0,1
9915,426,1,2026-01-26 00:49:00,14,0,0
9916,485,73,2026-05-24 00:40:00,34,0,1
9917,1124,247,2026-07-26 00:34:00,12,0,0
9918,106,489,2025-07-04 00:23:00,2,0,1
9919,960,96,2026-04-20 00:13:00,17,0,1
9920,1334,293,2026-07-29 00:23:00,29,0,1
9921,900,399,2026-06-10 00:49:00,1,0,0
9922,85,104,2026-01-19 00:11:00,1,0,0
9923,880,408,2026-02-25 00:37:00,42,1,1
9924,887,443,2025-12-06 00:43:00,5,0,1
9925,1679,443,2025-10-06 00:49:00,11,0,0
9926,1119,419,2026-06-15 00:34:00,38,0,0
9927,1226,336,2025-09-15 00:38:00,12,0,0
9928,428,21,2026-06-05 00:12:00,17,0,1
9929,981,370,2026-07-11 00:41:00,26,0,0
9930,261,211,2026-02-13 00:04:00,42,0,1
9931,1410,9,2026-05-14 00:41:00,56,1,1
9932,869,298,2025-09-27 00:16:00,6,0,1
9933,1216,75,2026-07-14 00:10:00,24,0,1
9934,1778,111,2026-08-27 00:53:00,6,0,0
9935,1217,18,2026-03-04 00:18:00,59,0,0
9936,1201,195,2026-09-03 00:03:00,23,0,1
9937,923,223,2026-08-22 00:43:00,6,0,1
9938,560,219,2025-10-28 00:03:00,34,0,0
9939,716,261,2025-07-01 00:07:00,12,0,1
9940,994,130,2026-03-07 00:42:00,18,0,0
9941,1175,99,2026-08-17 00:45:00,1,0,1
9942,817,180,2026-08-22 00:40:00,1,0,1
9943,1171,380,2025-10-27 00:52:00,4,0,0
9944,1114,250,2026-06-27 00:35:00,7,0,1
9945,1174,67,2026-08-16 00:55:00,17,0,1
9946,299,272,2026-08-05 00:22:00,5,0,0
9947,1161,134,2026-06-05 00:45:00,4,0,1
9948,654,80,2025-10-10 00:20:00,51,0,1
9949,991,413,2026-05-18 00:25:00,9,0,0
9950,214,52,2026-08-31 00:49:00,43,0,0
9951,1515,413,2026-06-25 00:48:00,4,0,0
9952,383,324,2026-09-05 00:59:00,4,0,0
9953,1234,323,2026-07-12 00:13:00,1,0,1
9954,496,175,2026-02-24 00:21:00,52,0,0
9955,1041,338,2026-06-26 00:23:00,5,0,0
9956,1149,468,2025-10-24 00:41:00,26,0,1
9957,1336,176,2026-06-02 00:37:00,5,0,1
9958,1392,399,2026-08-25 00:56:00,88,0,0
9959,1439,317,2026-04-01 00:03:00,17,0,1
9960,120,183,2025-12-15 00:33:00,5,0,0
9961,537,189,2026-07-13 00:25:00,5,0,1
9962,1372,491,2026-09-07 00:19:00,18,0,1
9963,149,118,2026-05-05 00:57:00,20,0,1
9964,323,81,2026-05-09 00:55:00,38,0,0
9965,1252,257,2025-10-22 00:07:00,30,0,1
9966,1019,368,2026-07-16 00:22:00,4,0,0
9967,1147,286,2026-08-11 00:50:00,4,0,0
9968,1590,159,2026-08-23 00:57:00,12,0,0
9969,1595,303,2026-09-06 00:35:00,12,0,1
9970,1039,230,2025-12-24 00:31:00,10,0,0
9971,1162,324,2026-07-23 00:15:00,9,0,1
9972,41,6,2025-07-07 00:51:00,14,0,0
9973,1053,81,2026-06-24 00:54:00,7,0,1
9974,624,237,2026-04-14 00:51:00,75,0,0
9975,756,434,2026-04-06 00:54:00,17,0,0
9976,26,400,2026-02-15 00:12:00,6,0,1
9977,188,433,2026-08-29 00:20:00,20,0,0
9978,807,417,2025-12-07 00:38:00,5,0,0
9979,270,291,2026-01-28 00:36:00,43,0,0
9980,744,36,2026-06-23 00:17:00,66,0,0
9981,780,344,2026-07-26 00:50:00,5,0,0
9982,827,407,2026-08-22 00:18:00,23,0,1
9983,434,209,2026-08-12 00:12:00,1,1,1
9984,491,278,2026-07-16 00:55:00,1,0,0
9985,514,281,2026-07-10 00:01:00,5,0,0
9986,930,212,2026-01-26 00:56:00,13,0,0
9987,1191,304,2026-08-29 00:21:00,3,0,0
9988,1362,145,2026-05-28 00:12:00,18,0,0
9989,155,165,2026-08-14 00:26:00,2,0,1
9990,1049,465,2026-08-21 00:05:00,16,0,1
9991,809,136,2025-10-14 00:56:00,1,0,0
9992,1625,387,2026-06-21 00:54:00,6,0,1
9993,244,108,2025-08-03 00:58:00,11,0,1
9994,1551,364,2026-04-01 00:55:00,9,0,0
9995,537,113,2025-12-12 00:11:00,8,0,0
9996,462,429,2025-12-17 00:31:00,20,0,0
9997,26,244,2026-08-28 00:15:00,1,0,0
9998,1561,297,2026-03-12 00:50:00,32,0,0
9999,90,309,2026-08-24 00:57:00,19,0,1
10000,1286,305,2026-08-15 00:50:00,1,0,0
10001,55,17,2026-05-05 00:56:00,42,0,1
10002,798,229,2026-06-01 00:35:00,30,0,1
10003,1788,85,2026-08-12 00:31:00,22,1,0
10004,171,153,2026-08-26 00:33:00,50,0,0
10005,552,73,2026-07-24 00:08:00,2,0,1
10006,1508,19,2026-08-22 00:25:00,24,0,0
10007,589,355,2026-07-25 00:27:00,6,0,0
10008,646,251,2026-08-08 00:42:00,11,0,1
10009,820,368,2026-08-02 00:27:00,70,0,0
10010,1766,307,2026-08-17 00:02:00,6,0,0
10011,361,183,2026-08-25 00:30:00,1,0,0
10012,128,46,2026-03-16 00:31:00,1,0,0
10013,1207,289,2026-07-27 00:13:00,14,0,0
10014,1166,469,2026-01-10 00:47:00,11,0,1
10015,1564,469,2026-07-28 00:54:00,66,0,0
10016,241,281,2026-08-28 00:39:00,73,0,0
10017,1426,375,2026-06-29 00:50:00,46,1,1
10018,1425,100,2025-07-16 00:30:00,1,0,1
10019,1370,168,2026-07-15 00:09:00,44,0,0
10020,1368,155,2026-07-07 00:08:00,34,0,1
10021,945,321,2026-01-29 00:32:00,20,0,1
10022,1650,133,2025-12-30 00:38:00,8,0,1
10023,1283,335,2025-09-30 00:32:00,37,0,0
10024,887,286,2025-07-04 00:35:00,2,0,0
10025,1010,273,2025-09-19 00:35:00,6,0,0
10026,1744,98,2025-06-19 00:14:00,11,0,0
10027,1793,330,2026-04-13 00:37:00,40,0,1
10028,1226,144,2025-10-08 00:45:00,2,0,0
10029,1760,343,2025-12-29 00:44:00,6,0,0
10030,467,279,2025-12-21 00:43:00,4,0,1
10031,1100,383,2026-03-01 00:51:00,8,0,0
10032,673,11,2026-07-05 00:02:00,1,0,1
10033,751,138,2025-10-17 00:27:00,27,0,0
10034,1386,364,2026-07-02 00:17:00,6,0,0
10035,16,59,2026-04-08 00:16:00,3,0,0
10036,1724,282,2026-02-06 00:22:00,28,0,0
10037,415,330,2026-09-04 00:19:00,11,0,0
10038,205,469,2026-07-29 00:59:00,2,0,0
10039,1247,145,2025-11-02 00:42:00,5,1,0
10040,1605,94,2026-05-02 00:45:00,6,0,1
10041,1263,475,2025-12-13 00:59:00,4,0,0
10042,825,387,2026-07-29 00:10:00,8,0,0
10043,1214,269,2026-06-21 00:42:00,35,0,1
10044,1368,88,2026-05-06 00:41:00,17,0,0
10045,566,109,2026-02-01 00:49:00,61,0,0
10046,287,122,2025-10-22 00:07:00,72,0,0
10047,733,370,2025-12-31 00:47:00,6,0,0
10048,884,64,2026-08-09 00:42:00,7,0,1
10049,1274,389,2026-01-23 00:10:00,15,0,1
10050,1315,425,2025-11-05 00:47:00,7,0,0
10051,1204,31,2026-04-19 00:05:00,1,0,0
10052,362,59,2026-05-30 00:57:00,1,0,1
10053,1674,104,2026-05-07 00:27:00,6,0,1
10054,1005,261,2026-03-22 00:23:00,4,0,0
10055,346,481,2026-02-13 00:01:00,36,0,1
10056,800,423,2026-08-02 00:07:00,1,0,0
10057,596,488,2026-03-18 00:54:00,14,0,0
10058,1555,161,2026-06-18 00:48:00,11,0,1
10059,1093,167,2026-09-06 00:20:00,47,0,0
10060,1030,461,2026-04-05 00:31:00,4,1,0
10061,1274,242,2026-04-22 00:50:00,3,0,0
10062,956,316,2026-02-07 00:25:00,19,0,0
10063,731,321,2025-12-07 00:37:00,32,0,0
10064,1660,159,2026-04-27 00:06:00,48,0,0
10065,294,81,2026-02-16 00:20:00,23,0,0
10066,1127,398,2025-12-20 00:00:00,12,0,0
10067,1239,152,2026-05-25 00:06:00,7,0,0
10068,1573,15,2026-01-17 00:13:00,1,0,0
10069,120,442,2026-04-24 00:24:00,34,0,0
10070,521,113,2026-07-14 00:25:00,10,0,1
10071,762,292,2026-08-26 00:42:00,3,0,0
10072,282,447,2025-08-29 00:23:00,1,0,0
10073,702,313,2026-07-10 00:52:00,1,0,0
10074,1611,281,2025-10-05 00:46:00,11,0,0
10075,1296,74,2026-01-13 00:19:00,16,0,1
10076,1302,79,2026-04-19 00:24:00,34,0,0
10077,1487,61,2026-06-04 00:44:00,98,0,0
10078,655,498,2026-05-26 00:31:00,3,0,0
10079,146,461,2026-07-01 00:57:00,32,0,1
10080,1631,191,2025-12-05 00:01:00,1,0,0
10081,599,258,2026-09-04 00:06:00,11,0,0
10082,1558,331,2025-05-21 00:27:00,31,0,0
10083,184,85,2026-06-23 00:35:00,23,0,0
10084,281,333,2026-08-03 00:48:00,68,0,0
10085,968,207,2026-08-22 00:55:00,6,0,1
10086,1203,199,2026-07-19 00:06:00,45,0,1
10087,22,38,2026-04-24 00:35:00,12,0,0
10088,868,405,2026-04-15 00:11:00,5,0,1
10089,1430,94,2026-06-03 00:32:00,5,0,1
10090,1634,216,2026-04-12 00:16:00,37,0,0
10091,619,455,2026-09-05 00:44:00,42,0,1
10092,988,497,2026-05-04 00:11:00,1,0,0
10093,1035,118,2026-03-29 00:40:00,69,0,1
10094,1669,438,2025-08-21 00:00:00,1,0,1
10095,83,391,2026-09-01 00:49:00,31,0,0
10096,1483,389,2025-10-03 00:22:00,1,0,1
10097,132,238,2026-07-04 00:54:00,9,0,1
10098,1282,366,2026-07-01 00:59:00,12,0,1
10099,1219,438,2026-07-09 00:03:00,26,0,0
10100,1154,146,2025-11-22 00:02:00,6,0,1
10101,1616,125,2026-03-02 00:00:00,18,1,1
10102,821,253,2026-08-12 00:36:00,32,0,0
10103,829,50,2025-07-11 00:24:00,8,0,1
10104,859,253,2026-08-29 00:21:00,10,0,1
10105,1791,261,2026-05-25 00:20:00,1,0,0
10106,1615,270,2026-08-20 00:45:00,21,0,1
10107,376,328,2025-11-22 00:07:00,5,0,0
10108,438,101,2026-08-01 00:31:00,5,0,0
10109,140,64,2026-05-26 00:27:00,16,0,0
10110,1511,470,2026-04-23 00:41:00,12,0,0
10111,1069,223,2026-08-15 00:52:00,9,1,0
10112,389,107,2026-08-05 00:29:00,29,0,0
10113,596,78,2026-08-18 00:42:00,40,0,0
10114,709,463,2026-01-18 00:16:00,10,0,1
10115,152,58,2026-08-16 00:27:00,28,0,0
10116,1301,240,2026-08-23 00:48:00,24,0,1
10117,735,59,2026-07-10 00:06:00,4,0,1
10118,1204,12,2026-02-17 00:01:00,2,0,1
10119,1416,160,2026-08-30 00:08:00,10,0,1
10120,470,224,2026-01-02 00:11:00,5,0,1
10121,168,43,2025-06-01 00:34:00,14,0,1
10122,91,335,2026-03-14 00:24:00,2,0,1
10123,153,340,2026-09-03 00:12:00,1,0,0
10124,1703,291,2026-07-23 00:14:00,8,0,1
10125,830,485,2026-07-10 00:21:00,9,0,0
10126,1327,478,2026-08-02 00:43:00,25,0,0
10127,1481,330,2026-08-20 00:15:00,8,0,0
10128,701,37,2026-04-12 00:57:00,5,1,0
10129,1277,429,2026-07-24 00:07:00,1,0,0
10130,1796,274,2026-03-31 00:37:00,1,0,0
10131,1460,299,2026-06-21 00:38:00,1,0,1
10132,1168,11,2025-06-19 00:36:00,6,0,0
10133,635,456,2026-04-30 00:37:00,43,0,1
10134,298,445,2026-01-23 00:14:00,14,0,1
10135,333,166,2025-09-15 00:05:00,27,0,0
10136,1627,407,2025-06-08 00:19:00,2,0,0
10137,11,50,2025-11-22 00:54:00,18,1,0
10138,467,11,2026-08-18 00:49:00,27,1,0
10139,1228,349,2025-12-28 00:44:00,17,0,0
10140,345,108,2026-08-04 00:25:00,19,0,1
10141,13,413,2026-07-17 00:38:00,15,0,1
10142,821,214,2026-09-03 00:34:00,5,0,1
10143,1742,177,2025-11-02 00:54:00,2,0,0
10144,347,306,2025-11-11 00:15:00,12,0,0
10145,730,264,2025-11-29 00:46:00,1,0,0
10146,236,285,2026-08-20 00:00:00,84,0,0
10147,1271,388,2026-05-13 00:35:00,31,0,0
10148,1700,406,2026-01-02 00:10:00,3,0,0
10149,1447,124,2026-07-18 00:44:00,48,0,0
10150,1475,414,2026-03-30 00:27:00,40,0,0
10151,707,102,2026-05-05 00:33:00,3,0,0
10152,1178,410,2026-07-03 00:52:00,10,0,0
10153,193,192,2026-06-07 00:53:00,5,0,1
10154,1023,1,2026-05-09 00:18:00,24,0,0
10155,886,307,2025-11-10 00:56:00,37,0,1
10156,648,367,2026-03-29 00:34:00,18,0,1
10157,765,68,2026-08-07 00:10:00,9,0,0
10158,743,383,2026-08-18 00:07:00,26,0,0
10159,1199,249,2025-08-03 00:14:00,8,0,1
10160,1080,67,2026-02-22 00:50:00,26,0,0
10161,1613,281,2026-03-29 00:52:00,3,0,1
10162,1485,412,2026-08-16 00:10:00,6,0,0
10163,1157,88,2026-01-05 00:31:00,33,0,0
10164,103,271,2026-04-29 00:59:00,19,0,1
10165,65,424,2026-07-14 00:09:00,16,0,0
10166,1371,125,2026-08-24 00:00:00,10,0,0
10167,321,17,2026-06-24 00:12:00,11,0,0
10168,1055,149,2026-04-29 00:49:00,4,1,1
10169,797,482,2026-05-12 00:48:00,9,0,1
10170,34,97,2026-03-26 00:48:00,13,0,1
10171,942,495,2026-01-08 00:35:00,1,0,0
10172,254,316,2026-05-14 00:33:00,20,0,1
10173,1709,120,2026-09-05 00:58:00,51,0,1
10174,105,339,2026-02-24 00:55:00,19,0,0
10175,1581,132,2026-06-16 00:05:00,9,0,0
10176,187,297,2026-08-26 00:42:00,5,0,0
10177,143,255,2026-08-16 00:01:00,48,0,0
10178,181,340,2026-06-12 00:22:00,1,0,1
10179,49,245,2025-12-22 00:19:00,2,0,0
10180,674,429,2026-06-04 00:51:00,23,0,0
10181,1073,354,2026-08-11 00:15:00,61,0,1
10182,1574,277,2026-07-13 00:21:00,2,0,1
10183,700,426,2026-02-10 00:43:00,5,0,1
10184,996,483,2026-02-26 00:30:00,9,0,0
10185,78,352,2026-04-17 00:54:00,22,0,0
10186,906,128,2026-01-14 00:31:00,73,0,1
10187,1275,168,2026-07-25 00:02:00,5,0,0
10188,74,16,2026-08-18 00:17:00,19,0,0
10189,1127,64,2026-06-07 00:11:00,4,0,0
10190,872,177,2025-08-02 00:43:00,10,0,0
10191,314,45,2026-06-05 00:44:00,13,0,0
10192,1685,114,2026-08-28 00:59:00,6,0,0
10193,259,127,2026-08-19 00:05:00,8,0,0
10194,1753,233,2026-03-13 00:39:00,9,0,1
10195,1183,217,2025-11-14 00:05:00,6,0,0
10196,1137,464,2026-07-02 00:34:00,9,0,0
10197,1697,190,2026-05-23 00:53:00,12,0,0
10198,1241,384,2026-03-07 00:51:00,30,0,1
10199,1194,154,2026-01-28 00:45:00,1,0,0
10200,1009,149,2025-11-16 00:53:00,1,0,0
10201,1403,257,2026-02-10 00:01:00,10,0,0
10202,1798,143,2026-09-06 00:31:00,2,0,0
10203,811,14,2026-04-23 00:54:00,5,0,1
10204,1763,89,2026-02-20 00:58:00,10,0,1
10205,1396,286,2026-07-28 00:24:00,2,0,0
10206,570,259,2026-07-07 00:18:00,1,0,0
10207,1668,476,2026-06-09 00:09:00,5,0,0
10208,1753,82,2025-11-16 00:52:00,6,0,0
10209,612,358,2026-02-23 00:22:00,10,0,0
10210,420,458,2026-09-07 00:44:00,11,0,1
10211,1294,175,2026-07-19 00:20:00,4,0,0
10212,1088,454,2026-09-07 00:30:00,43,0,1
10213,958,146,2026-07-31 00:33:00,21,0,0
10214,158,21,2026-06-07 00:38:00,38,0,1
10215,1519,404,2026-02-06 00:08:00,6,0,0
10216,668,295,2026-04-16 00:33:00,13,0,0
10217,1129,224,2026-06-24 00:53:00,7,0,1
10218,225,219,2026-03-30 00:49:00,22,0,1
10219,376,277,2025-11-04 00:34:00,14,0,0
10220,935,61,2026-04-16 00:07:00,6,0,0
10221,1645,461,2026-08-20 00:07:00,1,0,0
10222,936,44,2026-06-05 00:06:00,18,0,0
10223,1593,70,2026-06-20 00:07:00,1,0,1
10224,1494,172,2025-12-25 00:17:00,10,0,0
10225,653,403,2026-02-08 00:07:00,20,0,0
10226,851,329,2026-08-16 00:01:00,12,0,0
10227,1001,453,2025-09-24 00:47:00,40,0,0
10228,1484,30,2026-07-21 00:57:00,8,1,0
10229,1027,128,2026-07-28 00:17:00,6,0,0
10230,283,38,2026-08-13 00:04:00,50,0,0
10231,1265,124,2026-06-19 00:45:00,5,0,0
10232,514,125,2026-08-17 00:00:00,25,0,1
10233,1177,406,2025-10-21 00:38:00,2,0,0
10234,812,189,2026-08-08 00:13:00,42,0,1
10235,394,236,2026-07-06 00:43:00,2,0,0
10236,846,43,2026-03-29 00:32:00,18,0,1
10237,1270,266,2026-06-12 00:12:00,13,0,0
10238,1575,52,2026-04-30 00:19:00,53,0,0
10239,763,307,2026-09-05 00:57:00,18,0,0
10240,1258,454,2025-11-13 00:44:00,5,0,1
10241,238,224,2026-08-29 00:24:00,8,0,0
10242,1021,213,2025-11-25 00:04:00,11,0,1
10243,667,346,2026-08-13 00:47:00,22,0,1
10244,441,301,2025-08-05 00:52:00,20,0,1
10245,681,500,2026-08-09 00:17:00,51,0,1
10246,138,48,2025-12-30 00:23:00,7,0,0
10247,201,462,2025-12-18 00:42:00,26,0,0
10248,203,349,2026-08-25 00:56:00,14,0,0
10249,818,7,2026-03-22 00:42:00,17,0,0
10250,910,105,2026-05-30 00:20:00,52,0,0
10251,1162,80,2026-06-29 00:18:00,8,0,0
10252,1160,133,2026-02-19 00:32:00,37,0,0
10253,1035,198,2026-01-11 00:30:00,23,0,1
10254,155,442,2025-12-01 00:43:00,12,0,1
10255,1585,311,2026-04-13 00:26:00,2,0,1
10256,179,41,2026-08-12 00:16:00,67,0,1
10257,783,2,2026-07-18 00:37:00,25,0,0
10258,1553,119,2026-08-11 00:28:00,17,0,0
10259,316,179,2026-08-20 00:43:00,26,0,0
10260,162,240,2026-05-27 00:49:00,8,0,1
10261,654,458,2025-12-31 00:44:00,18,0,1
10262,637,352,2026-08-01 00:56:00,14,0,1
10263,1325,11,2026-08-16 00:45:00,43,0,0
10264,949,425,2026-08-03 00:28:00,17,0,0
10265,644,126,2026-02-14 00:14:00,5,0,0
10266,986,340,2026-08-07 00:22:00,80,0,0
10267,1043,484,2026-07-20 00:26:00,4,0,0
10268,141,209,2025-08-30 00:37:00,50,0,1
10269,1636,397,2026-08-09 00:43:00,4,0,0
10270,1693,352,2026-09-01 00:57:00,55,0,1
10271,653,84,2026-03-10 00:42:00,1,0,1
10272,1098,307,2026-04-25 00:31:00,4,0,0
10273,1505,354,2026-04-26 00:23:00,26,0,0
10274,90,335,2026-05-02 00:21:00,10,0,0
10275,1492,200,2025-06-07 00:19:00,4,0,1
10276,1661,403,2026-06-14 00:40:00,5,0,0
10277,992,217,2025-12-22 00:02:00,55,0,1
10278,1157,113,2026-05-17 00:01:00,2,0,0
10279,1729,431,2026-06-02 00:54:00,36,0,0
10280,1276,216,2026-09-02 00:35:00,21,0,1
10281,184,123,2026-08-10 00:02:00,19,0,1
10282,106,173,2025-08-05 00:07:00,15,0,0
10283,24,369,2026-09-06 00:02:00,35,0,0
10284,728,243,2026-05-22 00:45:00,31,0,0
10285,1141,90,2026-02-28 00:07:00,11,0,1
10286,1483,195,2026-07-12 00:15:00,9,0,0
10287,210,464,2025-09-20 00:10:00,3,0,1
10288,678,298,2026-09-07 00:06:00,3,0,0
10289,1605,414,2026-02-23 00:39:00,11,0,0
10290,1259,490,2026-02-26 00:22:00,6,0,0
10291,174,160,2026-09-04 00:34:00,27,0,0
10292,1439,453,2026-06-09 00:14:00,8,1,1
10293,1368,376,2026-07-27 00:28:00,40,0,0
10294,140,412,2026-02-15 00:39:00,16,0,1
10295,866,474,2026-09-06 00:57:00,25,0,1
10296,1229,19,2026-07-02 00:45:00,7,0,1
10297,1634,445,2026-03-13 00:54:00,47,1,0
10298,595,313,2026-08-14 00:55:00,20,0,0
10299,826,390,2025-11-21 00:37:00,16,0,1
10300,72,190,2025-12-01 00:25:00,7,0,1
10301,944,345,2026-08-26 00:11:00,6,0,1
10302,484,364,2026-05-17 00:28:00,7,1,0
10303,579,145,2026-08-08 00:41:00,16,0,0
10304,1176,211,2026-05-24 00:46:00,6,0,0
10305,1218,301,2026-08-09 00:41:00,24,0,0
10306,241,305,2026-08-26 00:47:00,1,0,1
10307,342,31,2025-07-22 00:46:00,26,0,0
10308,1334,205,2026-02-17 00:28:00,33,0,0
10309,493,167,2026-01-25 00:49:00,6,0,1
10310,1295,242,2026-03-25 00:47:00,14,0,1
10311,1464,432,2026-08-10 00:43:00,27,0,1
10312,884,482,2026-02-24 00:02:00,18,0,0
10313,1326,340,2026-08-12 00:05:00,40,0,1
10314,1562,282,2025-09-06 00:02:00,4,1,0
10315,1351,304,2025-12-17 00:43:00,8,0,1
10316,1092,418,2026-07-13 00:40:00,7,0,1
10317,400,93,2026-05-28 00:50:00,3,0,0
10318,298,33,2026-04-22 00:04:00,7,0,0
10319,753,176,2025-06-23 00:37:00,31,0,0
10320,147,330,2026-06-25 00:46:00,16,0,1
10321,851,467,2026-06-02 00:59:00,8,1,1
10322,207,254,2026-01-26 00:53:00,2,0,1
10323,655,383,2026-02-27 00:17:00,12,0,0
10324,778,53,2026-08-13 00:53:00,2,0,0
10325,858,339,2026-08-29 00:23:00,12,0,0
10326,1739,189,2026-08-21 00:11:00,2,0,0
10327,267,56,2026-07-18 00:33:00,12,0,0
10328,137,307,2026-06-25 00:20:00,22,0,0
10329,1729,218,2025-09-26 00:27:00,24,0,0
10330,970,498,2026-04-25 00:33:00,13,0,1
10331,1475,176,2026-02-25 00:02:00,54,0,1
10332,605,104,2026-02-18 00:19:00,4,0,0
10333,154,361,2026-07-29 00:10:00,1,0,1
10334,133,396,2026-03-19 00:25:00,35,0,1
10335,1422,446,2026-08-22 00:10:00,45,0,0
10336,1639,461,2026-07-15 00:25:00,21,0,1
10337,1235,348,2026-05-15 00:07:00,9,0,0
10338,147,296,2026-08-11 00:57:00,20,0,0
10339,1222,172,2026-08-06 00:34:00,1,0,0
10340,1514,5,2026-04-29 00:17:00,27,0,1
10341,45,150,2025-07-10 00:52:00,40,0,0
10342,1000,424,2026-07-15 00:28:00,14,0,0
10343,1266,298,2026-08-26 00:36:00,45,0,1
10344,528,242,2026-07-10 00:42:00,20,0,0
10345,1005,58,2026-03-17 00:16:00,8,0,1
10346,347,19,2026-04-22 00:59:00,13,0,0
10347,1669,1,2026-02-22 00:06:00,3,0,0
10348,1448,107,2026-01-27 00:02:00,3,0,0
10349,118,466,2026-02-19 00:39:00,74,0,1
10350,1194,105,2026-05-14 00:10:00,21,0,1
10351,1525,114,2026-08-23 00:04:00,19,0,1
10352,1255,28,2026-04-06 00:14:00,41,0,0
10353,1429,245,2026-08-17 00:56:00,34,0,0
10354,764,370,2025-09-08 00:06:00,100,0,0
10355,213,112,2026-07-14 00:30:00,18,0,0
10356,1431,457,2026-04-15 00:05:00,5,0,0
10357,100,376,2026-07-08 00:59:00,36,0,0
10358,103,133,2026-04-14 00:47:00,32,0,0
10359,295,258,2026-04-28 00:01:00,1,0,1
10360,1799,413,2026-09-07 00:39:00,19,0,1
10361,646,12,2026-08-30 00:52:00,11,1,0
10362,672,472,2026-08-14 00:27:00,20,0,1
10363,1109,452,2026-07-13 00:17:00,7,0,0
10364,185,287,2026-07-31 00:40:00,14,0,1
10365,1362,88,2026-04-06 00:38:00,11,0,0
10366,1413,171,2025-10-20 00:37:00,2,0,0
10367,1212,415,2026-07-17 00:01:00,28,0,1
10368,702,152,2026-02-12 00:55:00,28,0,0
10369,66,450,2026-04-15 00:23:00,11,0,0
10370,1632,429,2025-10-30 00:55:00,10,0,1
10371,1779,390,2026-05-24 00:26:00,33,0,1
10372,1322,368,2026-09-05 00:38:00,9,0,1
10373,1431,489,2026-02-02 00:24:00,36,0,0
10374,1413,324,2026-01-02 00:32:00,17,0,1
10375,801,336,2026-08-18 00:39:00,5,0,0
10376,1301,224,2026-09-01 00:23:00,5,0,0
10377,6,21,2026-02-26 00:06:00,39,0,1
10378,1032,237,2026-08-16 00:57:00,33,0,1
10379,763,387,2026-08-10 00:00:00,8,0,1
10380,481,202,2026-03-22 00:49:00,8,1,1
10381,1659,465,2026-01-17 00:38:00,5,1,0
10382,1010,109,2025-08-12 00:18:00,16,0,0
10383,521,27,2025-11-10 00:30:00,7,0,0
10384,681,71,2026-06-18 00:59:00,14,0,0
10385,1192,239,2026-05-24 00:16:00,10,0,0
10386,712,46,2026-05-31 00:16:00,9,0,0
10387,1443,353,2025-11-30 00:37:00,12,0,0
10388,1043,472,2026-04-26 00:24:00,4,1,0
10389,1315,404,2026-01-25 00:34:00,80,0,0
10390,508,144,2026-07-29 00:31:00,20,0,0
10391,891,390,2026-07-26 00:39:00,37,0,1
10392,1028,394,2026-03-16 00:35:00,42,0,0
10393,1455,154,2026-06-22 00:03:00,33,0,0
10394,665,36,2026-07-31 00:14:00,19,0,1
10395,1298,145,2026-07-12 00:28:00,3,0,0
10396,163,367,2025-07-22 00:44:00,4,0,0
10397,962,242,2026-06-15 00:06:00,57,0,0
10398,1300,245,2026-01-18 00:01:00,15,0,0
10399,119,482,2026-09-01 00:31:00,14,0,1
10400,359,192,2026-05-14 00:43:00,4,0,0
10401,860,258,2025-09-23 00:23:00,3,0,0
10402,330,484,2026-06-01 00:11:00,8,0,0
10403,1047,155,2025-11-16 00:07:00,25,0,1
10404,1160,184,2026-06-04 00:44:00,14,0,0
10405,1139,96,2026-02-16 00:40:00,3,0,0
10406,1139,38,2025-11-14 00:23:00,4,0,0
10407,381,217,2026-09-01 00:47:00,32,0,0
10408,922,331,2025-06-24 00:45:00,43,0,0
10409,572,395,2026-09-04 00:48:00,5,0,0
10410,237,384,2026-09-05 00:20:00,4,0,0
10411,570,487,2025-07-07 00:11:00,51,0,0
10412,1511,312,2026-07-28 00:08:00,5,0,0
10413,223,393,2026-05-22 00:21:00,6,0,0
10414,733,116,2025-12-27 00:07:00,22,0,1
10415,187,376,2026-07-08 00:57:00,35,0,0
10416,378,385,2025-11-29 00:42:00,13,0,1
10417,1531,279,2026-09-03 00:36:00,1,0,1
10418,525,138,2026-03-31 00:40:00,41,0,0
10419,1400,62,2026-07-09 00:38:00,34,0,0
10420,305,27,2026-03-20 00:20:00,1,0,0
10421,1396,178,2026-08-20 00:44:00,1,0,0
10422,12,298,2026-08-23 00:00:00,1,0,0
10423,1765,443,2026-05-01 00:01:00,9,0,0
10424,1659,386,2025-10-17 00:23:00,8,0,0
10425,921,47,2026-07-19 00:46:00,8,0,0
10426,1555,105,2026-07-06 00:07:00,3,0,1
10427,936,497,2026-06-03 00:32:00,30,0,0
10428,1517,90,2026-07-08 00:29:00,1,0,0
10429,1104,325,2026-08-22 00:47:00,6,1,0
10430,85,455,2025-09-17 00:26:00,77,0,0
10431,1207,201,2025-06-16 00:25:00,1,0,0
10432,556,284,2025-11-20 00:08:00,14,0,0
10433,1036,161,2026-06-27 00:00:00,21,0,1
10434,642,314,2025-12-07 00:09:00,18,0,1
10435,623,322,2026-06-22 00:10:00,5,0,1
10436,23,110,2025-11-29 00:22:00,39,0,0
10437,1031,104,2025-08-29 00:14:00,4,0,0
10438,286,407,2026-04-25 00:05:00,157,0,0
10439,116,291,2026-06-25 00:20:00,6,0,1
10440,1094,331,2025-08-03 00:09:00,14,0,1
10441,1060,37,2025-08-22 00:23:00,27,0,1
10442,916,101,2026-07-07 00:32:00,26,0,1
10443,417,298,2026-04-03 00:17:00,6,1,1
10444,1791,200,2025-11-28 00:30:00,1,0,1
10445,1157,399,2026-05-12 00:52:00,16,0,1
10446,1027,471,2026-07-25 00:51:00,17,0,0
10447,1036,132,2026-08-24 00:47:00,8,0,0
10448,709,446,2026-03-20 00:27:00,1,0,0
10449,738,137,2026-07-29 00:57:00,28,0,1
10450,1163,240,2026-07-17 00:14:00,111,0,1
10451,1567,183,2025-11-22 00:32:00,16,0,0
10452,1378,289,2026-04-01 00:02:00,75,0,1
10453,375,420,2026-09-05 00:09:00,6,0,1
10454,909,373,2026-07-20 00:13:00,38,0,1
10455,916,60,2026-08-10 00:53:00,18,0,0
10456,769,335,2026-04-28 00:39:00,9,0,1
10457,665,407,2026-06-22 00:17:00,1,0,1
10458,1297,338,2026-03-30 00:33:00,1,0,0
10459,1285,418,2026-06-13 00:12:00,14,0,0
10460,1319,382,2026-02-13 00:20:00,1,0,0
10461,1478,409,2026-04-22 00:53:00,16,0,0
10462,1328,127,2026-06-20 00:32:00,8,0,0
10463,679,60,2025-09-26 00:46:00,23,0,0
10464,886,314,2025-11-28 00:47:00,1,1,0
10465,900,478,2026-08-23 00:52:00,34,0,1
10466,762,99,2026-06-24 00:03:00,19,0,1
10467,511,47,2026-05-14 00:17:00,2,0,0
10468,1450,71,2026-02-07 00:17:00,20,0,1
10469,322,445,2026-08-30 00:28:00,35,0,1
10470,333,384,2026-02-16 00:30:00,14,1,1
10471,1720,403,2025-11-13 00:53:00,4,0,0
10472,1657,371,2026-03-25 00:09:00,25,0,1
10473,126,87,2026-01-01 00:42:00,15,0,1
10474,47,427,2026-09-05 00:05:00,1,0,0
10475,426,92,2026-04-12 00:48:00,28,1,0
10476,419,350,2026-08-02 00:18:00,6,0,0
10477,1194,309,2025-12-14 00:19:00,2,0,0
10478,137,136,2026-04-04 00:36:00,5,0,0
10479,1460,95,2026-08-29 00:53:00,34,0,1
10480,1260,119,2026-08-27 00:26:00,65,0,0
10481,710,325,2026-02-20 00:34:00,10,0,1
10482,303,469,2025-10-10 00:37:00,66,0,1
10483,508,65,2026-04-25 00:27:00,1,0,1
10484,1497,222,2025-08-11 00:43:00,1,0,1
10485,1263,251,2025-10-22 00:57:00,11,0,1
10486,686,304,2026-03-10 00:59:00,10,0,1
10487,680,332,2025-11-02 00:53:00,17,0,1
10488,1367,222,2026-06-02 00:26:00,28,0,0
10489,1283,81,2026-07-01 00:32:00,54,0,0
10490,283,197,2026-02-23 00:05:00,36,0,1
10491,768,290,2026-04-05 00:24:00,7,0,0
10492,710,388,2026-06-25 00:55:00,4,0,1
10493,429,277,2026-05-01 00:49:00,1,0,0
10494,1275,97,2026-08-06 00:14:00,30,0,1
10495,1528,253,2026-04-10 00:16:00,50,0,0
10496,1088,191,2026-06-30 00:21:00,66,0,0
10497,54,470,2026-08-06 00:54:00,2,0,0
10498,501,297,2025-11-23 00:51:00,15,0,0
10499,761,235,2026-08-07 00:42:00,1,0,0
10500,824,492,2025-12-19 00:22:00,32,0,1
10501,825,52,2026-08-29 00:42:00,9,0,1
10502,1629,302,2026-04-07 00:54:00,10,0,0
10503,1517,264,2026-06-22 00:21:00,2,0,1
10504,1235,134,2026-06-21 00:41:00,18,0,0
10505,491,182,2026-08-11 00:32:00,11,0,1
10506,670,220,2026-03-28 00:20:00,16,0,1
10507,925,39,2026-03-17 00:54:00,10,0,0
10508,1616,131,2026-02-07 00:16:00,38,0,1
10509,490,216,2026-03-21 00:50:00,6,0,0
10510,107,362,2026-07-30 00:10:00,25,0,0
10511,85,381,2026-04-10 00:31:00,8,0,0
10512,652,112,2026-03-04 00:31:00,6,0,1
10513,664,351,2026-08-15 00:53:00,37,0,0
10514,1339,329,2025-11-29 00:42:00,19,0,0
10515,413,169,2026-06-26 00:18:00,18,0,1
10516,351,414,2026-04-22 00:08:00,1,0,0
10517,1143,233,2026-01-07 00:31:00,7,0,1
10518,1658,377,2026-04-26 00:21:00,3,0,0
10519,583,166,2026-08-03 00:55:00,4,0,1
10520,1556,41,2026-05-18 00:55:00,72,0,1
10521,478,41,2025-10-14 00:58:00,16,0,1
10522,1260,28,2026-08-21 00:35:00,23,0,1
10523,464,114,2026-02-01 00:01:00,11,0,1
10524,643,329,2025-12-15 00:45:00,21,0,0
10525,449,354,2026-04-05 00:30:00,24,0,1
10526,36,477,2026-08-16 00:07:00,9,0,1
10527,364,379,2026-03-08 00:06:00,13,0,0
10528,715,60,2026-08-07 00:55:00,19,0,1
10529,291,23,2026-02-19 00:57:00,8,0,1
10530,893,57,2026-07-22 00:17:00,1,0,0
10531,1588,63,2026-03-02 00:16:00,7,0,0
10532,1068,43,2025-10-01 00:28:00,2,0,0
10533,1734,130,2026-02-10 00:25:00,3,0,0
10534,141,198,2026-01-16 00:09:00,8,0,1
10535,658,324,2025-09-30 00:38:00,21,0,0
10536,412,157,2026-07-04 00:13:00,38,0,0
10537,464,328,2026-06-21 00:33:00,39,0,1
10538,1358,346,2026-07-24 00:33:00,14,0,1
10539,623,186,2026-06-28 00:40:00,6,0,0
10540,1617,60,2025-10-31 00:57:00,36,1,0
10541,846,465,2026-05-31 00:18:00,43,0,0
10542,1645,209,2026-07-10 00:44:00,6,0,1
10543,1527,405,2026-01-14 00:37:00,32,0,0
10544,925,477,2026-05-29 00:34:00,37,0,0
10545,1325,427,2026-04-05 00:24:00,3,0,0
10546,1134,47,2026-07-17 00:56:00,12,0,0
10547,419,340,2026-03-02 00:26:00,12,0,1
10548,678,396,2026-08-07 00:15:00,5,0,1
10549,807,124,2025-07-13 00:26:00,38,1,1
10550,1276,425,2026-08-05 00:23:00,2,0,1
10551,1252,149,2026-02-28 00:03:00,9,0,1
10552,316,316,2026-04-05 00:06:00,1,0,1
10553,327,58,2026-02-23 00:38:00,15,0,1
10554,1762,284,2026-07-08 00:31:00,46,0,1
10555,1074,246,2026-06-25 00:29:00,13,0,0
10556,321,108,2026-06-28 00:02:00,8,0,0
10557,259,419,2026-05-26 00:48:00,5,0,1
10558,1525,11,2026-05-11 00:48:00,11,0,0
10559,1340,268,2026-07-08 00:03:00,2,0,0
10560,494,312,2026-07-11 00:57:00,57,0,1
10561,1075,63,2026-06-12 00:59:00,5,0,0
10562,1534,49,2026-07-19 00:13:00,10,0,1
10563,1354,434,2026-07-31 00:46:00,2,0,0
10564,1453,327,2026-06-09 00:32:00,26,0,0
10565,286,198,2026-06-15 00:21:00,18,0,0
10566,490,367,2026-01-02 00:47:00,18,0,0
10567,1646,112,2026-09-04 00:12:00,1,0,1
10568,472,4,2025-12-13 00:08:00,8,0,1
10569,1261,224,2026-04-13 00:21:00,46,0,0
10570,1281,310,2026-02-15 00:08:00,46,0,1
10571,1527,71,2026-07-18 00:38:00,16,0,1
10572,195,419,2026-03-11 00:52:00,4,0,0
10573,738,462,2026-07-11 00:48:00,28,0,0
10574,1612,290,2026-06-11 00:57:00,22,0,0
10575,1370,418,2026-03-31 00:44:00,26,1,1
10576,1578,164,2025-10-11 00:39:00,6,0,0
10577,594,444,2026-01-05 00:50:00,11,0,1
10578,1422,446,2026-03-15 00:13:00,20,0,0
10579,1715,322,2026-01-12 00:28:00,2,0,1
10580,1440,318,2025-09-17 00:46:00,3,0,0
10581,501,166,2026-03-15 00:54:00,1,0,1
10582,786,451,2025-06-30 00:13:00,17,0,0
10583,857,393,2025-11-20 00:56:00,6,0,0
10584,178,399,2025-12-25 00:00:00,1,0,0
10585,740,450,2026-07-21 00:41:00,3,0,1
10586,817,26,2026-09-04 00:39:00,23,0,0
10587,1755,88,2026-05-15 00:24:00,34,0,0
10588,1701,444,2026-03-26 00:03:00,9,0,0
10589,520,476,2026-08-15 00:00:00,13,0,0
10590,1337,219,2026-06-19 00:47:00,9,0,1
10591,1264,352,2026-06-27 00:20:00,40,0,0
10592,1487,304,2026-05-14 00:57:00,12,0,0
10593,1718,28,2026-04-29 00:23:00,28,1,0
10594,745,18,2026-02-26 00:12:00,81,0,1
10595,132,425,2026-06-10 00:52:00,4,0,1
10596,147,179,2025-10-23 00:27:00,33,0,0
10597,237,290,2026-08-29 00:33:00,31,0,0
10598,896,429,2026-02-22 00:04:00,9,0,1
10599,1135,188,2026-06-09 00:19:00,32,0,0
10600,671,376,2026-08-05 00:25:00,21,0,1
10601,1327,399,2026-06-10 00:16:00,44,0,1
10602,279,27,2026-06-21 00:19:00,10,0,0
10603,280,248,2026-07-27 00:21:00,35,0,1
10604,872,465,2025-10-09 00:40:00,19,0,0
10605,833,311,2026-08-21 00:56:00,2,1,0
10606,1332,71,2026-07-22 00:58:00,30,0,0
10607,547,323,2026-07-23 00:28:00,60,0,0
10608,1497,417,2026-01-30 00:51:00,109,1,0
10609,1472,299,2026-03-15 00:59:00,84,0,0
10610,1574,233,2026-04-12 00:44:00,76,0,1
10611,1692,415,2026-08-08 00:12:00,36,0,0
10612,433,38,2026-08-06 00:32:00,11,0,0
10613,1535,403,2026-08-14 00:10:00,55,0,1
10614,470,5,2026-02-06 00:45:00,45,0,1
10615,1511,374,2026-08-03 00:05:00,23,0,0
10616,939,238,2025-09-30 00:00:00,8,0,0
10617,165,205,2026-04-04 00:22:00,6,0,1
10618,712,341,2026-08-19 00:35:00,2,0,1
10619,1656,116,2026-05-16 00:35:00,2,0,0
10620,1253,160,2026-06-20 00:51:00,15,0,1
10621,295,239,2026-04-03 00:49:00,1,0,0
10622,960,372,2026-01-20 00:33:00,50,0,0
10623,257,159,2026-02-28 00:17:00,15,0,0
10624,1337,26,2026-07-11 00:44:00,18,0,0
10625,1213,239,2026-04-01 00:46:00,3,0,1
10626,1336,366,2026-06-26 00:42:00,28,0,1
10627,1485,416,2026-08-03 00:44:00,6,0,1
10628,1661,485,2026-05-04 00:48:00,20,0,1
10629,1275,126,2026-07-14 00:43:00,151,0,0
10630,1034,167,2025-10-24 00:07:00,24,0,0
10631,234,374,2026-05-05 00:43:00,7,0,1
10632,919,377,2026-09-04 00:13:00,17,0,0
10633,739,120,2026-06-12 00:06:00,62,0,1
10634,1272,448,2026-06-02 00:57:00,7,0,1
10635,1773,282,2026-07-27 00:13:00,38,0,1
10636,354,2,2026-07-08 00:01:00,6,0,1
10637,1111,107,2026-05-10 00:29:00,19,1,1
10638,545,199,2026-05-16 00:54:00,16,1,0
10639,1590,474,2025-12-20 00:15:00,68,0,0
10640,27,42,2026-07-25 00:00:00,6,0,0
10641,162,246,2025-11-09 00:53:00,6,0,1
10642,1335,438,2026-09-07 00:15:00,48,0,1
10643,1637,86,2026-09-06 00:59:00,1,0,0
10644,741,52,2026-05-26 00:23:00,37,0,0
10645,187,142,2026-08-13 00:20:00,2,0,1
10646,1394,303,2026-08-24 00:10:00,7,0,0
10647,1345,316,2026-09-07 00:27:00,22,0,0
10648,733,100,2025-11-30 00:00:00,18,0,0
10649,1386,103,2026-07-08 00:06:00,11,0,1
10650,1511,335,2026-08-17 00:16:00,9,0,1
10651,823,275,2026-07-14 00:26:00,21,0,0
10652,1055,12,2026-06-16 00:35:00,4,0,0
10653,539,235,2026-02-15 00:06:00,16,0,1
10654,945,64,2026-03-19 00:54:00,7,0,1
10655,951,411,2025-10-28 00:23:00,3,0,0
10656,353,100,2025-10-25 00:31:00,15,0,1
10657,225,133,2026-09-05 00:39:00,9,0,0
10658,31,132,2025-12-30 00:20:00,39,0,0
10659,1444,38,2026-07-15 00:10:00,10,0,0
10660,329,14,2026-05-07 00:42:00,16,0,0
10661,278,51,2026-01-16 00:35:00,9,0,1
10662,1242,139,2026-08-06 00:30:00,6,0,0
10663,719,59,2026-04-02 00:48:00,121,0,0
10664,826,27,2026-04-16 00:07:00,45,0,0
10665,1756,254,2026-07-27 00:59:00,7,0,0
10666,684,298,2025-12-24 00:00:00,21,1,1
10667,343,205,2026-06-04 00:03:00,33,0,0
10668,258,392,2026-06-07 00:27:00,4,0,0
10669,1055,48,2026-01-08 00:42:00,38,0,1
10670,218,11,2026-01-21 00:02:00,6,0,1
10671,1442,173,2026-08-29 00:06:00,32,0,0
10672,1767,331,2026-08-27 00:28:00,8,0,1
10673,266,412,2025-12-26 00:32:00,5,0,1
10674,1135,481,2026-03-28 00:18:00,19,0,1
10675,600,381,2026-07-12 00:24:00,23,0,0
10676,309,67,2026-06-13 00:25:00,13,0,0
10677,835,381,2026-01-08 00:13:00,1,0,0
10678,10,54,2025-09-22 00:27:00,3,0,1
10679,1197,158,2026-05-27 00:01:00,16,0,0
10680,579,402,2026-08-30 00:33:00,5,0,1
10681,332,205,2025-10-03 00:31:00,15,0,1
10682,434,438,2026-06-17 00:58:00,3,0,1
10683,1435,364,2026-05-07 00:07:00,11,0,0
10684,1300,25,2026-05-08 00:18:00,4,0,1
10685,1420,412,2025-10-31 00:44:00,18,0,0
10686,136,206,2026-09-03 00:01:00,21,0,0
10687,1517,290,2026-05-20 00:44:00,15,0,1
10688,1521,448,2026-06-07 00:06:00,2,0,1
10689,970,140,2026-02-25 00:04:00,4,0,0
10690,1315,431,2025-12-01 00:16:00,43,0,0
10691,1494,446,2026-02-19 00:59:00,18,0,1
10692,25,429,2026-03-16 00:53:00,24,0,0
10693,1587,377,2026-07-07 00:31:00,10,0,1
10694,1735,333,2026-08-18 00:55:00,1,0,0
10695,905,375,2026-02-26 00:57:00,10,0,1
10696,856,202,2026-05-13 00:11:00,1,0,1
10697,529,4,2026-04-14 00:07:00,11,0,0
10698,448,359,2026-04-12 00:51:00,49,0,0
10699,1745,304,2026-06-25 00:11:00,1,0,1
10700,1613,372,2026-06-08 00:51:00,76,0,1
10701,1656,35,2026-01-10 00:47:00,10,0,1
10702,543,430,2026-05-04 00:52:00,31,0,0
10703,416,187,2026-08-17 00:26:00,69,0,1
10704,1205,429,2025-12-24 00:27:00,27,0,0
10705,382,331,2025-08-06 00:11:00,1,0,1
10706,1125,59,2026-06-04 00:19:00,1,0,0
10707,354,495,2026-06-24 00:01:00,16,0,0
10708,1339,418,2025-10-14 00:13:00,8,0,1
10709,1071,208,2026-08-29 00:00:00,69,0,0
10710,1447,265,2026-08-10 00:09:00,1,0,1
10711,859,76,2026-06-01 00:16:00,32,0,1
10712,398,468,2026-04-18 00:24:00,77,0,1
10713,1753,236,2025-09-04 00:00:00,29,0,1
10714,1663,76,2026-09-07 00:36:00,2,0,1
10715,149,435,2026-08-14 00:55:00,45,0,0
10716,403,47,2026-08-24 00:04:00,18,0,0
10717,47,77,2026-03-24 00:57:00,7,0,0
10718,708,311,2026-01-05 00:27:00,3,0,0
10719,1458,489,2026-01-14 00:45:00,7,0,0
10720,468,267,2026-03-01 00:11:00,9,0,0
10721,346,214,2026-01-20 00:37:00,11,0,1
10722,1405,52,2026-06-10 00:03:00,4,1,0
10723,748,293,2026-06-23 00:19:00,12,0,1
10724,818,47,2026-06-05 00:05:00,14,0,1
10725,1425,463,2026-06-16 00:01:00,79,0,1
10726,265,5,2025-09-02 00:15:00,14,0,0
10727,522,56,2026-09-02 00:57:00,12,0,0
10728,954,125,2026-07-03 00:28:00,33,0,1
10729,342,58,2026-04-25 00:13:00,20,0,0
10730,1440,406,2026-03-02 00:20:00,3,0,0
10731,521,261,2026-03-19 00:36:00,49,0,0
10732,219,264,2025-12-04 00:42:00,1,0,1
10733,636,345,2026-07-15 00:42:00,29,0,0
10734,1530,27,2026-06-03 00:23:00,3,0,0
10735,1533,253,2026-04-12 00:01:00,3,0,0
10736,1400,293,2026-09-05 00:16:00,39,0,0
10737,1519,469,2026-07-13 00:28:00,39,0,1
10738,597,276,2026-08-21 00:08:00,8,0,1
10739,690,347,2025-09-10 00:15:00,22,0,1
10740,559,476,2025-12-28 00:04:00,11,0,1
10741,1189,41,2026-08-14 00:16:00,40,0,0
10742,130,351,2026-05-25 00:04:00,10,0,0
10743,1351,88,2025-08-13 00:05:00,9,0,1
10744,1084,224,2026-08-10 00:39:00,38,0,0
10745,1317,421,2026-03-27 00:32:00,4,0,0
10746,7,418,2026-08-18 00:03:00,18,0,1
10747,1500,274,2026-05-29 00:02:00,40,0,0
10748,1032,134,2026-06-18 00:37:00,4,0,1
10749,15,233,2026-08-25 00:10:00,1,0,0
10750,1308,330,2026-08-24 00:32:00,4,0,0
10751,486,304,2026-04-19 00:32:00,34,0,0
10752,884,257,2026-07-13 00:59:00,17,0,0
10753,1447,293,2026-02-05 00:04:00,1,0,1
10754,767,2,2026-05-17 00:19:00,9,0,0
10755,1163,243,2026-06-05 00:34:00,12,0,1
10756,706,480,2026-03-30 00:00:00,3,0,0
10757,19,482,2025-12-21 00:41:00,20,0,1
10758,195,312,2026-01-30 00:08:00,6,0,0
10759,159,427,2026-06-24 00:18:00,18,0,0
10760,1462,332,2026-08-07 00:55:00,20,0,0
10761,543,16,2026-09-02 00:05:00,15,0,0
10762,1530,107,2026-06-10 00:36:00,2,0,1
10763,146,280,2026-07-16 00:02:00,2,0,0
10764,107,283,2026-01-25 00:23:00,7,0,1
10765,587,150,2026-09-06 00:08:00,5,0,1
10766,1459,209,2026-06-26 00:04:00,27,0,0
10767,181,246,2026-05-07 00:40:00,31,0,0
10768,1613,402,2026-07-14 00:33:00,7,0,1
10769,1221,386,2026-07-17 00:06:00,20,0,0
10770,249,42,2026-02-05 00:13:00,75,0,0
10771,1474,398,2026-07-30 00:39:00,32,0,0
10772,1404,54,2026-05-02 00:54:00,1,1,1
10773,1248,6,2025-12-02 00:13:00,12,0,0
10774,1699,134,2026-08-18 00:13:00,20,0,1
10775,831,448,2026-05-23 00:12:00,2,0,0
10776,1226,66,2025-12-30 00:47:00,31,0,0
10777,1117,156,2026-06-02 00:52:00,8,0,0
10778,1305,55,2026-09-02 00:44:00,3,0,1
10779,906,138,2026-04-05 00:04:00,3,0,1
10780,1099,129,2026-07-04 00:53:00,10,0,0
10781,295,266,2026-01-04 00:20:00,13,0,0
10782,246,419,2026-06-03 00:54:00,1,0,1
10783,925,371,2026-06-12 00:06:00,13,0,1
10784,496,126,2025-05-18 00:54:00,9,0,1
10785,281,110,2026-01-27 00:11:00,48,0,0
10786,1633,78,2026-01-23 00:48:00,8,0,0
10787,1554,343,2026-03-13 00:10:00,38,0,0
10788,1786,498,2026-08-24 00:15:00,6,0,0
10789,71,61,2025-11-21 00:40:00,53,0,1
10790,703,477,2026-05-20 00:40:00,31,0,1
10791,660,183,2025-05-29 00:39:00,13,0,0
10792,266,252,2026-04-08 00:13:00,14,0,0
10793,611,78,2026-08-03 00:53:00,9,0,1
10794,1472,460,2026-04-15 00:44:00,30,0,0
10795,1487,465,2026-04-17 00:51:00,1,0,0
10796,149,45,2026-08-13 00:36:00,11,0,1
10797,59,315,2025-12-15 00:20:00,15,0,0
10798,859,340,2025-10-31 00:11:00,3,0,0
10799,876,31,2026-08-08 00:02:00,19,0,0
10800,380,102,2026-08-29 00:47:00,9,0,1
10801,665,98,2026-01-12 00:24:00,8,0,1
10802,1455,433,2026-07-02 00:28:00,15,0,1
10803,1415,62,2026-06-24 00:44:00,73,0,0
10804,1766,236,2026-08-17 00:21:00,47,1,0
10805,530,162,2026-07-09 00:26:00,12,0,1
10806,389,460,2026-06-24 00:32:00,29,0,0
10807,226,80,2026-06-03 00:17:00,4,0,0
10808,1466,243,2026-08-27 00:42:00,3,0,0
10809,47,407,2026-06-12 00:08:00,1,0,1
10810,239,339,2026-01-17 00:29:00,30,0,1
10811,1622,367,2026-08-06 00:21:00,2,0,1
10812,1379,287,2026-08-08 00:43:00,9,0,0
10813,1097,85,2025-07-03 00:43:00,41,0,0
10814,1108,283,2026-01-08 00:58:00,22,1,0
10815,1159,164,2026-08-05 00:39:00,13,1,0
10816,1675,36,2026-07-11 00:22:00,2,0,0
10817,44,460,2026-05-05 00:46:00,8,0,0
10818,1470,318,2026-07-07 00:00:00,17,0,1
10819,1214,168,2026-09-01 00:28:00,15,0,0
10820,1190,143,2026-08-22 00:24:00,30,0,1
10821,724,373,2026-05-31 00:37:00,50,0,0
10822,1499,253,2026-08-03 00:13:00,92,0,0
10823,70,429,2025-08-24 00:07:00,15,0,0
10824,101,486,2025-07-30 00:12:00,67,0,0
10825,602,214,2026-05-15 00:36:00,50,0,1
10826,1256,246,2026-05-12 00:31:00,4,0,1
10827,1169,28,2026-07-22 00:23:00,2,0,1
10828,793,454,2026-09-02 00:27:00,29,0,0
10829,831,48,2026-05-29 00:19:00,10,0,0
10830,848,337,2026-05-06 00:14:00,25,0,0
10831,324,226,2026-04-11 00:49:00,26,0,0
10832,1729,159,2025-08-31 00:55:00,31,0,1
10833,1027,498,2026-06-20 00:37:00,20,0,0
10834,1741,145,2026-06-08 00:02:00,10,0,1
10835,1089,61,2026-07-27 00:27:00,31,0,0
10836,1512,397,2026-07-10 00:41:00,4,0,1
10837,846,341,2026-03-22 00:11:00,8,1,1
10838,497,366,2026-09-07 00:56:00,22,0,0
10839,1182,399,2026-04-30 00:38:00,56,0,1
10840,1790,383,2026-08-27 00:38:00,56,0,1
10841,1346,343,2026-03-12 00:03:00,1,0,0
10842,433,30,2026-07-19 00:43:00,22,0,0
10843,1021,79,2026-01-20 00:13:00,14,0,1
10844,1800,351,2026-08-15 00:39:00,28,0,1
10845,280,384,2026-08-08 00:27:00,46,0,0
10846,1635,116,2026-06-16 00:15:00,1,0,0
10847,106,418,2025-04-23 00:55:00,9,0,1
10848,491,132,2026-06-12 00:20:00,43,0,1
10849,66,365,2026-08-29 00:52:00,2,0,0
10850,515,381,2026-08-02 00:08:00,5,0,0
10851,1396,204,2026-07-29 00:30:00,4,0,0
10852,1362,475,2026-06-24 00:58:00,54,0,0
10853,1706,200,2026-07-01 00:35:00,19,0,0
10854,807,365,2025-10-28 00:23:00,19,0,1
10855,641,174,2025-12-03 00:46:00,49,0,1
10856,1334,431,2026-06-02 00:45:00,13,0,1
10857,1415,172,2026-08-03 00:43:00,51,0,1
10858,1345,53,2026-05-06 00:09:00,37,0,1
10859,1028,218,2026-08-10 00:43:00,71,0,0
10860,602,9,2025-07-23 00:38:00,51,0,0
10861,329,39,2026-06-22 00:45:00,5,0,1
10862,583,38,2026-07-26 00:21:00,6,0,0
10863,786,279,2025-09-20 00:44:00,6,0,1
10864,1452,84,2026-07-31 00:00:00,22,0,0
10865,1783,277,2025-12-01 00:32:00,43,1,0
10866,529,127,2026-06-11 00:11:00,15,0,1
10867,334,74,2026-08-02 00:02:00,7,0,0
10868,1462,293,2025-12-28 00:25:00,34,0,0
10869,996,361,2026-02-16 00:06:00,9,0,1
10870,762,198,2026-08-06 00:05:00,1,1,1
10871,1699,20,2026-09-01 00:49:00,35,1,1
10872,1290,138,2026-09-05 00:33:00,16,0,0
10873,944,199,2026-08-26 00:49:00,23,0,1
10874,1710,300,2025-07-22 00:21:00,45,0,1
10875,137,304,2026-05-30 00:26:00,22,0,0
10876,314,277,2025-11-12 00:56:00,2,0,0
10877,1682,112,2026-01-28 00:38:00,1,0,1
10878,1052,420,2026-03-22 00:40:00,44,0,1
10879,1022,249,2026-08-04 00:31:00,29,0,0
10880,729,333,2026-06-22 00:19:00,13,0,0
10881,1555,224,2026-08-21 00:52:00,22,0,0
10882,277,13,2026-04-15 00:32:00,7,0,0
10883,660,392,2026-08-29 00:30:00,9,0,0
10884,143,203,2026-07-21 00:18:00,13,0,0
10885,1357,276,2026-02-23 00:26:00,14,0,0
10886,1179,105,2026-06-07 00:55:00,19,0,0
10887,1175,455,2026-09-01 00:51:00,20,0,0
10888,175,252,2026-01-01 00:44:00,19,1,0
10889,1438,360,2026-07-11 00:54:00,7,0,0
10890,1009,497,2026-05-05 00:01:00,11,0,0
10891,927,133,2026-06-01 00:43:00,15,0,0
10892,1029,7,2026-09-03 00:20:00,26,0,0
10893,348,201,2026-08-23 00:05:00,20,0,1
10894,741,214,2026-02-11 00:17:00,16,0,1
10895,1457,258,2026-07-30 00:29:00,10,0,1
10896,1231,391,2026-07-04 00:07:00,19,0,1
10897,827,496,2026-08-28 00:43:00,10,0,0
10898,838,294,2026-08-26 00:41:00,55,0,0
10899,1164,18,2026-08-06 00:35:00,2,0,0
10900,248,371,2026-04-16 00:29:00,56,0,1
10901,678,462,2026-08-18 00:41:00,6,0,0
10902,1326,281,2026-05-25 00:25:00,45,0,0
10903,56,374,2026-07-29 00:10:00,10,0,0
10904,116,292,2026-07-06 00:36:00,5,0,1
10905,1097,267,2026-08-07 00:41:00,72,0,1
10906,11,174,2025-09-21 00:21:00,42,0,1
10907,485,87,2026-07-06 00:30:00,1,0,0
10908,808,31,2026-06-15 00:46:00,25,0,0
10909,878,100,2026-03-15 00:24:00,42,0,1
10910,857,112,2026-03-10 00:57:00,84,0,1
10911,159,399,2026-08-01 00:51:00,77,0,1
10912,1368,146,2025-06-27 00:59:00,10,0,0
10913,1346,412,2025-12-21 00:24:00,24,0,0
10914,1016,63,2026-07-03 00:24:00,5,0,1
10915,1162,64,2026-05-07 00:31:00,15,0,0
10916,211,354,2025-11-19 00:42:00,4,0,0
10917,306,211,2026-09-04 00:13:00,40,0,1
10918,708,121,2026-02-09 00:04:00,3,0,1
10919,579,38,2026-08-17 00:09:00,1,0,0
10920,440,264,2026-08-05 00:04:00,16,0,1
10921,1183,46,2025-09-12 00:42:00,6,0,0
10922,1534,12,2025-12-03 00:53:00,2,0,0
10923,1744,276,2026-08-04 00:57:00,15,0,0
10924,1465,100,2025-09-25 00:03:00,10,0,0
10925,758,134,2026-08-30 00:30:00,4,0,1
10926,454,101,2026-02-04 00:53:00,27,0,0
10927,404,456,2026-05-09 00:25:00,49,0,1
10928,184,52,2026-08-09 00:41:00,3,0,0
10929,150,132,2026-08-02 00:43:00,40,0,0
10930,742,60,2026-08-13 00:45:00,53,0,1
10931,433,47,2026-09-07 00:28:00,3,0,0
10932,1738,130,2026-08-17 00:58:00,4,0,0
10933,324,439,2026-07-28 00:26:00,5,0,0
10934,873,247,2026-07-28 00:19:00,9,0,0
10935,1188,212,2026-08-22 00:45:00,33,0,1
10936,42,350,2026-03-05 00:22:00,51,0,0
10937,811,285,2026-06-21 00:46:00,26,0,0
10938,1186,184,2026-02-06 00:03:00,3,0,0
10939,1125,409,2026-05-18 00:49:00,5,0,0
10940,393,455,2026-07-08 00:42:00,5,0,0
10941,185,101,2026-05-20 00:46:00,19,1,1
10942,48,337,2026-02-04 00:25:00,7,0,0
10943,1267,28,2026-08-21 00:19:00,15,0,0
10944,1707,398,2026-08-08 00:31:00,6,0,0
10945,1634,485,2026-09-02 00:24:00,10,0,0
10946,611,482,2026-01-01 00:32:00,33,0,0
10947,1324,161,2026-04-11 00:50:00,17,0,0
10948,160,6,2026-02-08 00:40:00,15,0,1
10949,1038,2,2026-03-14 00:00:00,4,0,1
10950,1404,419,2026-05-11 00:52:00,4,0,0
10951,1484,43,2026-04-29 00:28:00,13,0,0
10952,302,380,2026-02-13 00:59:00,8,0,0
10953,1552,273,2026-07-19 00:23:00,72,0,1
10954,1745,65,2025-08-09 00:26:00,20,1,0
10955,379,196,2026-03-07 00:37:00,20,0,1
10956,552,488,2026-07-06 00:10:00,8,0,0
10957,1327,131,2026-05-06 00:33:00,43,0,1
10958,1584,210,2026-06-24 00:26:00,19,1,0
10959,1261,289,2025-11-04 00:34:00,13,0,0
10960,303,273,2025-07-09 00:43:00,2,0,1
10961,857,419,2025-12-23 00:27:00,1,0,1
10962,478,311,2026-05-05 00:58:00,1,0,0
10963,175,134,2026-08-21 00:29:00,25,0,1
10964,350,441,2026-01-24 00:17:00,46,0,0
10965,754,375,2026-07-01 00:08:00,22,0,1
10966,255,311,2025-12-31 00:20:00,13,0,0
10967,1010,277,2025-11-14 00:10:00,1,0,0
10968,1132,181,2026-06-17 00:13:00,18,0,1
10969,1595,399,2026-08-29 00:37:00,16,0,1
10970,1082,89,2026-09-06 00:37:00,9,0,0
10971,1212,61,2026-04-23 00:33:00,24,0,1
10972,1752,28,2026-09-05 00:45:00,1,0,1
10973,20,21,2026-06-20 00:53:00,24,0,1
10974,1270,374,2026-03-05 00:00:00,48,0,0
10975,1424,438,2026-08-28 00:32:00,1,1,0
10976,1158,294,2026-04-09 00:42:00,11,0,1
10977,439,90,2026-01-01 00:44:00,10,0,1
10978,9,179,2026-05-30 00:04:00,16,0,0
10979,458,90,2026-07-17 00:18:00,34,0,1
10980,1519,377,2026-02-07 00:22:00,3,0,1
10981,576,88,2026-08-03 00:48:00,19,0,1
10982,308,349,2025-11-19 00:35:00,1,0,0
10983,1241,285,2026-05-12 00:27:00,21,0,0
10984,1285,475,2026-07-04 00:02:00,12,0,0
10985,1735,176,2026-08-23 00:29:00,18,0,0
10986,704,124,2026-08-31 00:30:00,1,0,1
10987,551,296,2026-01-04 00:08:00,13,0,0
10988,1334,375,2026-08-27 00:16:00,8,0,0
10989,774,240,2026-09-07 00:04:00,18,0,1
10990,1599,346,2026-08-17 00:06:00,38,0,1
10991,912,66,2026-02-12 00:30:00,10,0,0
10992,1753,8,2026-05-24 00:10:00,1,0,1
10993,177,154,2026-09-07 00:21:00,27,0,0
10994,1154,70,2026-05-10 00:29:00,2,0,0
10995,1606,285,2025-09-29 00:04:00,19,0,0
10996,1560,500,2026-06-18 00:17:00,6,0,0
10997,466,1,2026-09-05 00:57:00,2,0,0
10998,580,46,2026-02-10 00:12:00,14,0,0
10999,941,203,2026-04-12 00:54:00,1,0,1
11000,833,213,2026-09-01 00:16:00,8,0,0
11001,1597,309,2026-03-09 00:23:00,6,0,1
11002,1043,224,2026-06-09 00:40:00,4,0,1
11003,1697,91,2026-06-14 00:26:00,36,0,1
11004,177,231,2026-09-07 00:17:00,4,1,1
11005,958,229,2025-10-31 00:03:00,1,0,1
11006,1555,340,2026-06-23 00:31:00,8,0,1
11007,474,312,2026-03-26 00:46:00,11,0,0
11008,1039,467,2026-05-17 00:51:00,1,0,1
11009,657,124,2026-08-03 00:33:00,1,0,1
11010,41,139,2026-01-27 00:30:00,8,1,0
11011,1702,249,2025-10-09 00:26:00,30,0,0
11012,706,225,2026-05-24 00:04:00,25,0,0
11013,1190,473,2026-09-02 00:31:00,6,0,0
11014,295,161,2026-03-11 00:49:00,71,0,1
11015,1401,336,2026-08-21 00:08:00,9,1,0
11016,1607,109,2026-08-28 00:58:00,9,0,1
11017,180,401,2026-08-12 00:44:00,13,0,1
11018,741,17,2026-04-26 00:09:00,6,0,0
11019,160,459,2026-01-14 00:24:00,1,0,1
11020,421,489,2026-07-01 00:27:00,9,0,1
11021,1690,184,2026-07-24 00:34:00,37,0,0
11022,1120,299,2026-06-07 00:49:00,4,0,0
11023,1604,134,2026-08-21 00:21:00,1,0,0
11024,577,42,2025-11-17 00:59:00,22,0,0
11025,1151,370,2026-05-22 00:01:00,13,0,1
11026,447,49,2026-08-19 00:56:00,30,0,0
11027,535,367,2026-08-22 00:09:00,2,0,0
11028,1466,215,2026-09-02 00:06:00,20,0,0
11029,1097,278,2025-11-06 00:38:00,1,0,0
11030,591,310,2026-06-29 00:00:00,31,0,1
11031,998,85,2026-07-28 00:19:00,18,0,1
11032,1203,320,2026-02-22 00:25:00,6,0,1
11033,1377,474,2025-12-19 00:30:00,1,0,1
11034,1169,218,2026-02-10 00:25:00,25,0,1
11035,1259,246,2025-08-23 00:02:00,22,0,0
11036,235,131,2025-07-26 00:31:00,14,0,1
11037,1587,133,2026-08-27 00:43:00,1,0,1
11038,254,303,2026-04-22 00:43:00,47,0,1
11039,1044,352,2025-10-17 00:38:00,81,0,0
11040,1547,261,2026-01-15 00:14:00,4,0,0
11041,1786,455,2026-07-28 00:28:00,51,0,0
11042,601,259,2026-08-03 00:55:00,13,0,0
11043,1750,2,2026-03-03 00:10:00,4,1,0
11044,589,399,2026-08-06 00:48:00,8,0,0
11045,1512,316,2026-06-15 00:40:00,24,0,0
11046,233,478,2026-05-31 00:39:00,6,0,1
11047,823,43,2026-07-03 00:58:00,6,0,0
11048,1383,189,2026-06-30 00:42:00,3,0,1
11049,1084,309,2026-08-12 00:48:00,16,0,0
11050,1635,434,2026-08-17 00:00:00,13,0,0
11051,1349,76,2026-05-20 00:16:00,2,0,1
11052,299,424,2025-05-08 00:14:00,12,0,0
11053,530,370,2026-04-11 00:54:00,15,0,1
11054,375,162,2026-08-22 00:12:00,9,0,1
11055,407,342,2026-02-26 00:31:00,16,0,0
11056,1686,438,2026-03-19 00:29:00,68,0,0
11057,131,183,2026-08-09 00:59:00,16,1,0
11058,146,222,2026-05-31 00:23:00,14,0,0
11059,151,314,2026-05-09 00:36:00,21,0,1
11060,713,438,2026-07-14 00:46:00,17,1,0
11061,115,142,2025-04-18 00:59:00,1,0,0
11062,1438,260,2025-08-23 00:10:00,26,0,1
11063,896,21,2026-03-12 00:10:00,15,0,1
11064,1492,458,2026-02-16 00:03:00,1,0,1
11065,399,464,2026-03-14 00:37:00,27,0,0
11066,925,390,2026-01-25 00:23:00,17,0,1
11067,1222,423,2026-06-22 00:20:00,59,0,1
11068,1441,201,2026-04-19 00:25:00,40,0,0
11069,1033,477,2026-05-23 00:40:00,10,0,0
11070,98,208,2026-04-26 00:15:00,19,0,0
11071,1477,284,2026-09-07 00:42:00,1,1,0
11072,82,9,2026-09-05 00:37:00,28,0,1
11073,1380,298,2026-06-14 00:56:00,14,1,1
11074,1531,120,2026-09-02 00:51:00,19,0,0
11075,1148,446,2026-04-11 00:31:00,9,0,0
11076,485,203,2026-05-30 00:16:00,33,0,1
11077,479,500,2026-05-14 00:09:00,92,1,0
11078,490,219,2026-05-07 00:46:00,6,0,1
11079,1239,73,2026-06-16 00:47:00,6,0,0
11080,800,45,2026-06-14 00:53:00,48,0,0
11081,352,272,2026-03-04 00:36:00,19,0,0
11082,411,297,2026-08-20 00:21:00,6,0,1
11083,1649,337,2025-09-19 00:00:00,10,0,1
11084,982,312,2026-06-01 00:42:00,11,0,1
11085,17,262,2026-07-14 00:08:00,33,0,0
11086,1716,386,2026-07-31 00:41:00,5,0,0
11087,1120,314,2026-06-24 00:53:00,28,0,0
11088,1039,196,2026-02-17 00:02:00,83,0,0
11089,1129,340,2026-09-06 00:44:00,24,0,1
11090,1308,259,2026-08-11 00:17:00,5,0,1
11091,801,209,2026-08-07 00:56:00,31,0,0
11092,1547,382,2025-07-17 00:47:00,17,0,0
11093,1152,269,2025-08-24 00:54:00,50,0,0
11094,166,54,2026-01-03 00:32:00,27,0,0
11095,1040,245,2025-12-04 00:08:00,31,0,1
11096,133,330,2026-03-09 00:56:00,7,0,0
11097,1274,128,2026-01-20 00:14:00,34,0,0
11098,1013,258,2026-07-08 00:23:00,47,1,1
11099,117,19,2026-09-07 00:14:00,28,0,0
11100,1619,384,2026-08-27 00:48:00,4,0,1
11101,298,27,2026-02-07 00:54:00,46,0,0
11102,213,169,2026-06-26 00:06:00,1,1,1
11103,1202,252,2026-09-07 00:08:00,1,0,0
11104,419,102,2026-06-28 00:16:00,11,0,0
11105,1625,358,2026-01-21 00:47:00,13,0,0
11106,1680,322,2025-09-12 00:58:00,28,0,1
11107,298,89,2026-03-16 00:45:00,58,0,1
11108,927,116,2026-08-18 00:24:00,34,0,0
11109,1190,99,2026-08-30 00:10:00,6,0,0
11110,1121,430,2026-04-12 00:59:00,45,0,0
11111,1448,262,2025-07-23 00:36:00,18,0,1
11112,1474,267,2026-05-28 00:33:00,6,0,0
11113,1179,368,2026-08-08 00:09:00,5,0,1
11114,841,358,2026-08-11 00:41:00,13,1,0
11115,1337,125,2026-03-11 00:13:00,7,0,0
11116,100,399,2026-08-06 00:23:00,1,0,1
11117,531,164,2026-08-20 00:10:00,30,0,1
11118,1472,460,2026-06-01 00:06:00,53,0,0
11119,177,430,2026-08-11 00:03:00,2,0,0
11120,384,336,2025-10-13 00:30:00,21,0,0
11121,463,238,2026-07-28 00:50:00,11,0,0
11122,501,470,2026-01-08 00:18:00,78,0,1
11123,44,240,2026-02-13 00:02:00,1,0,1
11124,728,93,2026-01-04 00:39:00,2,0,1
11125,740,379,2026-08-31 00:40:00,1,0,1
11126,1223,15,2025-11-21 00:33:00,32,0,0
11127,1005,161,2026-07-26 00:32:00,26,0,1
11128,736,484,2026-07-09 00:39:00,18,0,1
11129,314,395,2026-08-10 00:08:00,17,0,1
11130,1257,454,2026-04-06 00:28:00,9,1,1
11131,1728,451,2026-08-29 00:59:00,30,0,1
11132,1174,171,2026-07-08 00:31:00,1,0,0
11133,1755,364,2026-05-11 00:26:00,7,0,0
11134,1699,422,2026-07-09 00:23:00,4,0,0
11135,1774,171,2026-05-29 00:14:00,1,0,1
11136,631,35,2026-04-27 00:52:00,1,0,0
11137,1476,378,2025-10-14 00:07:00,14,0,1
11138,475,471,2026-02-14 00:09:00,1,0,0
11139,884,78,2025-11-13 00:40:00,11,0,0
11140,1335,430,2026-01-27 00:43:00,12,0,0
11141,475,246,2026-02-07 00:32:00,15,0,0
11142,875,96,2026-08-08 00:13:00,40,0,0
11143,981,338,2025-07-20 00:02:00,1,0,1
11144,8,310,2025-12-31 00:20:00,98,1,1
11145,177,466,2026-08-13 00:12:00,4,0,0
11146,1667,200,2026-07-16 00:33:00,1,0,0
11147,1159,204,2026-08-21 00:19:00,21,0,0
11148,142,245,2025-12-06 00:11:00,7,0,1
11149,914,399,2026-08-23 00:47:00,3,0,1
11150,1753,247,2026-04-18 00:21:00,68,0,0
11151,422,254,2026-07-24 00:54:00,19,0,1
11152,985,154,2026-01-17 00:43:00,7,0,0
11153,646,66,2026-02-26 00:08:00,25,0,1
11154,22,27,2025-10-09 00:28:00,7,0,1
11155,187,322,2026-07-24 00:01:00,5,0,0
11156,412,195,2026-07-22 00:12:00,3,0,1
11157,1115,44,2026-07-14 00:09:00,54,0,0
11158,342,223,2026-01-04 00:11:00,17,0,0
11159,708,255,2026-05-24 00:01:00,2,0,1
11160,1291,419,2025-12-10 00:13:00,50,0,0
11161,1604,465,2026-03-19 00:42:00,2,0,0
11162,348,295,2026-08-16 00:59:00,11,0,0
11163,203,160,2026-08-21 00:53:00,11,0,0
11164,1639,311,2026-05-19 00:14:00,1,0,0
11165,463,55,2026-08-18 00:58:00,21,0,1
11166,1514,79,2026-08-04 00:22:00,30,0,0
11167,750,309,2026-02-24 00:09:00,1,0,1
11168,123,85,2026-06-15 00:25:00,51,0,1
11169,264,335,2026-06-17 00:52:00,21,0,1
11170,285,124,2026-02-25 00:03:00,1,0,0
11171,1717,498,2026-03-13 00:00:00,36,0,0
11172,1489,440,2026-08-29 00:04:00,17,0,0
11173,1108,186,2026-04-26 00:57:00,3,0,0
11174,1198,164,2026-08-25 00:04:00,19,0,1
11175,1441,218,2026-05-10 00:10:00,17,0,0
11176,1050,316,2025-09-29 00:21:00,8,0,0
11177,784,482,2026-08-12 00:09:00,11,0,1
11178,842,396,2026-03-26 00:22:00,39,0,0
11179,1624,54,2026-05-23 00:33:00,41,0,0
11180,1388,141,2026-08-12 00:50:00,13,0,1
11181,918,368,2025-11-13 00:30:00,15,0,0
11182,348,297,2026-08-01 00:18:00,51,0,1
11183,954,179,2026-08-24 00:19:00,11,0,0
11184,630,127,2026-07-13 00:03:00,1,0,1
11185,413,244,2026-07-19 00:56:00,27,0,0
11186,1628,1,2026-07-15 00:10:00,23,0,1
11187,875,211,2026-07-07 00:05:00,6,0,0
11188,606,201,2026-08-25 00:06:00,27,0,0
11189,841,362,2026-08-13 00:26:00,36,0,0
11190,170,90,2026-06-05 00:32:00,23,0,0
11191,1443,110,2026-07-22 00:49:00,20,0,0
11192,1500,156,2026-06-08 00:26:00,6,0,1
11193,652,474,2026-04-25 00:23:00,28,1,1
11194,1628,320,2026-07-23 00:50:00,11,1,0
11195,1393,407,2026-03-26 00:51:00,24,0,1
11196,1586,102,2026-06-19 00:49:00,27,0,1
11197,673,119,2026-06-12 00:53:00,44,0,0
11198,1306,89,2026-08-11 00:13:00,10,0,1
11199,1013,469,2026-07-05 00:50:00,2,0,0
11200,893,142,2026-03-15 00:15:00,40,0,0
11201,270,2,2026-07-27 00:12:00,14,0,0
11202,1467,316,2026-03-25 00:13:00,26,0,0
11203,661,460,2026-03-14 00:44:00,19,0,0
11204,1784,199,2026-03-20 00:46:00,1,0,1
11205,976,424,2025-11-08 00:53:00,7,0,1
11206,1018,143,2026-08-22 00:34:00,14,0,0
11207,968,447,2026-04-07 00:38:00,7,0,1
11208,1425,117,2025-06-16 00:11:00,10,0,0
11209,293,292,2026-07-26 00:31:00,18,0,1
11210,919,386,2026-09-07 00:11:00,1,0,1
11211,1384,423,2026-05-02 00:07:00,9,0,1
11212,1506,105,2026-04-04 00:41:00,17,0,0
11213,871,277,2026-07-30 00:42:00,3,0,0
11214,588,190,2026-07-26 00:19:00,10,0,1
11215,1688,352,2026-07-25 00:20:00,19,0,0
11216,1139,132,2025-10-26 00:17:00,7,0,1
11217,1028,156,2026-05-11 00:36:00,5,0,0
11218,1498,200,2026-07-09 00:29:00,21,1,1
11219,484,344,2026-09-03 00:49:00,1,0,0
11220,867,305,2026-07-12 00:22:00,22,0,0
11221,1070,383,2026-09-06 00:52:00,9,0,1
11222,1561,295,2026-05-01 00:10:00,30,0,0
11223,1692,135,2026-09-01 00:18:00,13,0,1
11224,41,465,2025-11-14 00:45:00,12,1,1
11225,1779,53,2026-05-21 00:09:00,24,0,1
11226,1210,363,2026-07-12 00:10:00,4,1,1
11227,338,458,2026-08-30 00:48:00,8,0,1
11228,1774,330,2026-05-23 00:01:00,29,0,0
11229,1676,267,2026-06-17 00:52:00,44,0,0
11230,355,237,2026-08-31 00:03:00,3,0,0
11231,722,133,2026-04-10 00:44:00,4,0,1
11232,1598,67,2025-12-18 00:29:00,17,0,1
11233,735,401,2026-04-06 00:01:00,28,0,0
11234,721,382,2026-07-27 00:05:00,12,0,1
11235,1312,371,2026-08-31 00:57:00,7,0,0
11236,538,316,2026-04-21 00:25:00,1,0,1
11237,323,218,2025-12-23 00:51:00,4,0,0
11238,1230,275,2025-09-27 00:23:00,42,0,0
11239,948,499,2026-02-25 00:51:00,11,0,0
11240,1059,203,2025-10-09 00:55:00,36,0,0
11241,1674,356,2026-06-16 00:34:00,51,0,1
11242,1616,331,2026-06-29 00:27:00,42,0,0
11243,541,12,2026-04-14 00:53:00,1,0,1
11244,93,389,2026-08-30 00:14:00,7,0,0
11245,9,152,2026-06-10 00:28:00,31,1,0
11246,41,443,2025-08-24 00:05:00,1,0,1
11247,339,473,2026-02-15 00:56:00,22,0,0
11248,476,492,2026-01-27 00:32:00,52,0,0
11249,1192,190,2026-06-22 00:59:00,34,0,0
11250,253,149,2026-09-05 00:40:00,18,0,1
11251,437,193,2026-09-06 00:19:00,1,0,1
11252,1754,215,2026-06-12 00:21:00,1,0,0
11253,1592,217,2025-08-01 00:27:00,4,0,0
11254,729,127,2026-01-18 00:32:00,17,0,0
11255,574,245,2026-05-02 00:39:00,33,1,1
11256,891,228,2026-08-12 00:44:00,4,0,0
11257,731,337,2026-06-07 00:59:00,8,0,0
11258,1399,317,2026-09-01 00:07:00,41,0,0
11259,1773,395,2026-08-30 00:21:00,19,1,0
11260,1430,4,2026-04-24 00:25:00,35,0,0
11261,519,467,2026-02-16 00:12:00,30,0,1
11262,850,142,2026-02-28 00:39:00,5,0,1
11263,630,216,2026-02-08 00:01:00,20,0,1
11264,1114,67,2026-09-07 00:02:00,1,0,1
11265,1008,465,2026-03-24 00:32:00,31,0,0
11266,138,185,2026-08-15 00:02:00,24,0,1
11267,698,322,2026-06-27 00:50:00,1,0,1
11268,909,86,2026-07-10 00:21:00,25,0,0
11269,1620,330,2026-08-22 00:19:00,18,1,0
11270,1059,105,2026-03-30 00:10:00,1,0,0
11271,1425,283,2026-01-30 00:24:00,8,0,0
11272,899,157,2026-08-20 00:04:00,8,0,0
11273,1068,21,2026-05-11 00:24:00,1,0,1
11274,560,135,2025-07-03 00:46:00,32,0,0
11275,1374,480,2026-06-15 00:36:00,13,0,0
11276,527,292,2026-06-26 00:41:00,37,0,0
11277,349,384,2026-08-07 00:52:00,4,0,1
11278,329,403,2026-07-22 00:06:00,35,0,0
11279,326,54,2025-12-31 00:35:00,5,0,0
11280,704,9,2026-05-25 00:29:00,51,0,1
11281,864,238,2026-06-30 00:40:00,12,0,0
11282,233,99,2025-10-02 00:30:00,21,0,1
11283,918,239,2025-10-31 00:27:00,53,0,1
11284,68,459,2026-03-20 00:34:00,27,0,1
11285,943,379,2026-05-30 00:01:00,42,0,0
11286,798,277,2026-06-17 00:42:00,8,0,0
11287,407,322,2026-02-03 00:59:00,38,0,1
11288,1019,313,2026-05-30 00:42:00,1,0,1
11289,447,17,2026-07-10 00:00:00,4,0,0
11290,1299,379,2025-07-31 00:54:00,8,0,1
11291,866,432,2026-09-07 00:23:00,5,0,0
11292,1129,282,2026-08-19 00:57:00,20,0,0
11293,237,227,2026-08-06 00:01:00,4,0,1
11294,1724,96,2026-03-28 00:54:00,43,0,0
11295,321,343,2026-03-30 00:03:00,21,0,1
11296,262,50,2026-08-31 00:26:00,6,0,1
11297,1320,487,2026-08-07 00:16:00,36,0,1
11298,1435,410,2026-02-19 00:11:00,12,0,0
11299,977,139,2025-10-02 00:54:00,8,0,0
11300,1319,278,2026-02-11 00:50:00,14,0,1
11301,397,351,2026-06-18 00:08:00,57,0,0
11302,713,286,2026-07-26 00:30:00,32,0,1
11303,1238,154,2025-09-14 00:29:00,58,0,0
11304,1001,470,2026-02-04 00:06:00,8,0,1
11305,1031,500,2026-06-04 00:26:00,2,0,1
11306,573,2,2026-05-05 00:49:00,4,0,1
11307,3,169,2026-06-28 00:06:00,1,1,0
11308,1576,6,2026-05-10 00:17:00,12,0,0
11309,42,133,2026-06-21 00:47:00,21,0,0
11310,1420,383,2026-06-09 00:25:00,5,0,0
11311,1654,5,2026-04-07 00:13:00,19,0,1
11312,400,446,2026-07-20 00:02:00,7,0,0
11313,1641,327,2025-11-30 00:00:00,5,0,0
11314,1134,36,2026-03-23 00:22:00,40,0,0
11315,754,396,2026-03-18 00:27:00,7,0,0
11316,1137,118,2026-07-01 00:48:00,15,1,1
11317,1225,74,2026-06-03 00:21:00,2,1,0
11318,1427,163,2026-08-29 00:00:00,17,0,0
11319,1447,170,2026-07-17 00:37:00,14,0,1
11320,473,179,2026-07-07 00:49:00,8,0,0
11321,65,210,2026-08-16 00:25:00,1,0,1
11322,817,435,2026-08-26 00:24:00,19,0,1
11323,1331,143,2026-05-01 00:47:00,10,0,0
11324,294,243,2026-08-29 00:24:00,1,0,0
11325,84,307,2026-05-03 00:53:00,6,0,0
11326,942,397,2025-11-26 00:19:00,18,0,1
11327,221,281,2025-03-27 00:05:00,15,0,1
11328,377,485,2026-06-24 00:25:00,1,0,1
11329,1308,119,2026-07-28 00:24:00,47,0,1
11330,1222,100,2026-04-30 00:08:00,21,0,0
11331,359,389,2026-05-17 00:12:00,28,0,0
11332,682,192,2026-09-05 00:27:00,5,0,0
11333,1349,493,2026-07-10 00:10:00,1,0,0
11334,439,451,2026-09-06 00:04:00,4,0,0
11335,947,184,2026-07-20 00:48:00,1,0,1
11336,1008,176,2025-07-02 00:50:00,9,0,0
11337,840,35,2026-07-17 00:52:00,4,0,1
11338,114,306,2026-08-21 00:27:00,88,0,0
11339,891,448,2026-07-23 00:41:00,39,0,0
11340,1103,159,2026-07-10 00:40:00,17,0,0
11341,1100,198,2026-08-11 00:29:00,7,0,0
11342,1122,414,2026-08-23 00:22:00,57,0,0
11343,1090,449,2026-01-03 00:00:00,22,0,0
11344,1722,302,2026-04-15 00:39:00,6,0,1
11345,109,458,2026-05-30 00:00:00,36,0,1
11346,1461,65,2026-07-09 00:40:00,14,0,0
11347,17,435,2026-03-23 00:47:00,1,0,0
11348,417,161,2026-05-09 00:50:00,26,0,0
11349,1282,463,2026-06-18 00:06:00,3,0,1
11350,1218,206,2026-09-01 00:38:00,53,0,1
11351,1794,319,2025-09-29 00:42:00,18,0,1
11352,471,68,2026-04-24 00:38:00,25,0,0
11353,309,186,2026-08-07 00:56:00,2,0,0
11354,143,247,2026-07-29 00:49:00,46,0,0
11355,712,265,2026-05-22 00:20:00,41,1,1
11356,933,69,2026-05-19 00:11:00,46,0,1
11357,1767,421,2026-07-27 00:56:00,12,0,0
11358,306,351,2026-02-22 00:18:00,16,0,0
11359,1725,433,2026-08-24 00:46:00,6,0,0
11360,638,442,2026-08-20 00:29:00,4,0,1
11361,1222,205,2026-09-05 00:42:00,12,0,0
11362,1445,50,2026-08-08 00:21:00,6,0,0
11363,1111,89,2026-04-06 00:13:00,35,0,0
11364,804,22,2026-05-19 00:42:00,48,0,0
11365,1763,237,2026-07-28 00:09:00,20,0,0
11366,1264,101,2026-04-18 00:00:00,13,0,1
11367,1729,252,2026-05-02 00:16:00,3,0,0
11368,815,363,2026-08-23 00:40:00,4,0,0
11369,1123,37,2026-03-16 00:00:00,19,0,1
11370,1701,162,2026-07-11 00:14:00,2,0,0
11371,752,454,2025-11-06 00:31:00,15,0,0
11372,732,212,2025-07-14 00:52:00,39,0,0
11373,1719,409,2026-06-28 00:11:00,4,0,1
11374,1655,46,2026-09-04 00:06:00,12,0,0
11375,839,261,2026-02-27 00:17:00,23,0,0
11376,1612,145,2026-08-27 00:48:00,1,0,1
11377,429,263,2026-06-23 00:03:00,20,0,1
11378,1575,129,2026-03-27 00:02:00,3,0,0
11379,824,338,2025-09-13 00:09:00,17,0,0
11380,1496,380,2026-04-18 00:02:00,2,0,1
11381,1794,328,2026-01-31 00:51:00,11,0,0
11382,769,215,2026-03-22 00:11:00,14,1,1
11383,1201,281,2026-07-30 00:52:00,59,0,0
11384,895,88,2026-02-10 00:50:00,9,0,1
11385,949,10,2025-10-30 00:12:00,3,0,0
11386,555,18,2026-07-10 00:05:00,23,0,0
11387,952,68,2025-10-25 00:51:00,29,1,1
11388,223,297,2026-02-26 00:52:00,36,0,1
11389,266,412,2026-02-28 00:17:00,32,0,0
11390,162,405,2026-04-27 00:14:00,1,0,0
11391,1498,158,2026-04-21 00:58:00,1,0,0
11392,89,196,2026-05-05 00:39:00,19,0,1
11393,1260,200,2026-08-26 00:21:00,98,0,0
11394,1548,478,2025-10-07 00:38:00,6,0,1
11395,50,110,2026-03-26 00:20:00,3,1,0
11396,1262,147,2026-08-27 00:27:00,6,0,0
11397,1027,326,2026-07-13 00:55:00,1,0,1
11398,413,188,2026-08-14 00:33:00,27,0,1
11399,1484,283,2026-05-07 00:35:00,30,1,0
11400,905,117,2026-03-08 00:22:00,14,0,0
11401,1760,101,2026-07-02 00:30:00,4,0,1
11402,1716,401,2026-07-15 00:41:00,1,1,0
11403,916,465,2026-08-01 00:47:00,20,0,1
11404,870,6,2026-07-27 00:02:00,60,0,0
11405,1716,474,2026-06-23 00:41:00,5,0,0
11406,1262,246,2026-08-26 00:47:00,1,0,1
11407,1622,88,2026-06-01 00:40:00,14,0,0
11408,1316,160,2026-08-28 00:23:00,9,0,0
11409,511,477,2026-01-19 00:06:00,1,0,1
11410,1143,453,2025-11-06 00:53:00,7,0,0
11411,1497,207,2026-03-18 00:08:00,16,0,0
11412,1332,437,2026-07-05 00:36:00,3,0,0
11413,1143,345,2025-08-02 00:17:00,26,0,1
11414,1103,199,2026-08-23 00:26:00,7,0,0
11415,1444,16,2026-07-31 00:28:00,37,0,0
11416,1066,366,2026-07-11 00:18:00,32,0,0
11417,594,318,2026-07-30 00:27:00,4,0,0
11418,960,245,2026-03-26 00:22:00,16,0,1
11419,1153,292,2026-04-01 00:02:00,4,0,1
11420,135,15,2026-01-08 00:07:00,8,0,0
11421,937,315,2026-08-25 00:52:00,41,0,1
11422,704,445,2026-07-18 00:17:00,31,0,1
11423,923,295,2026-08-16 00:38:00,5,0,1
11424,1019,36,2026-06-07 00:42:00,1,0,0
11425,1480,444,2026-09-07 00:09:00,3,0,1
11426,701,2,2026-08-24 00:56:00,41,0,0
11427,539,358,2026-07-09 00:36:00,14,0,1
11428,1652,281,2026-08-15 00:02:00,35,0,1
11429,1722,79,2026-08-10 00:06:00,16,0,0
11430,1244,384,2026-07-06 00:34:00,3,0,1
11431,976,244,2026-03-23 00:53:00,22,0,1
11432,545,109,2025-06-19 00:16:00,2,1,1
11433,1496,151,2026-03-30 00:28:00,38,0,0
11434,292,19,2025-10-21 00:50:00,2,0,1
11435,1040,205,2026-01-30 00:16:00,2,0,0
11436,1528,54,2026-05-28 00:48:00,25,0,0
11437,507,111,2026-01-29 00:24:00,15,0,0
11438,1304,199,2026-08-27 00:53:00,24,0,1
11439,1788,192,2026-07-04 00:47:00,29,1,0
11440,923,342,2026-07-18 00:05:00,57,0,1
11441,137,62,2026-04-06 00:24:00,1,0,0
11442,1550,308,2026-01-30 00:36:00,4,0,0
11443,87,133,2026-06-12 00:32:00,22,0,0
11444,524,17,2026-09-05 00:15:00,20,0,0
11445,707,432,2026-01-06 00:53:00,32,0,1
11446,1005,23,2026-03-26 00:35:00,21,0,0
11447,369,46,2026-01-15 00:44:00,11,0,0
11448,1178,133,2026-04-16 00:30:00,7,0,0
11449,1221,200,2026-01-19 00:58:00,1,0,1
11450,754,303,2026-08-28 00:25:00,13,0,1
11451,799,492,2026-01-23 00:39:00,2,0,0
11452,1237,3,2026-02-13 00:57:00,23,0,0
11453,1289,17,2026-04-03 00:17:00,3,0,1
11454,1395,334,2026-09-03 00:03:00,14,0,1
11455,485,457,2026-08-11 00:30:00,8,0,1
11456,716,412,2026-05-23 00:49:00,24,1,1
11457,981,14,2026-08-26 00:39:00,9,0,0
11458,931,169,2026-08-12 00:50:00,32,0,0
11459,757,463,2026-09-01 00:19:00,64,0,1
11460,778,103,2026-08-22 00:12:00,3,0,1
11461,1627,469,2025-04-12 00:36:00,8,0,0
11462,1413,368,2026-07-03 00:18:00,1,0,0
11463,1551,259,2026-02-08 00:13:00,1,0,0
11464,1523,439,2026-06-03 00:04:00,1,0,1
11465,280,76,2026-07-18 00:48:00,3,1,0
11466,1743,126,2026-06-30 00:41:00,11,0,0
11467,247,365,2026-06-14 00:34:00,21,0,1
11468,643,494,2026-08-27 00:20:00,40,0,1
11469,1276,145,2026-08-22 00:25:00,24,0,0
11470,323,459,2025-09-21 00:42:00,7,0,1
11471,1178,129,2026-06-14 00:28:00,40,0,0
11472,937,383,2026-06-29 00:30:00,11,0,0
11473,1690,346,2026-09-07 00:09:00,58,0,0
11474,273,306,2026-08-05 00:20:00,9,0,1
11475,391,445,2026-05-09 00:50:00,34,0,1
11476,1007,74,2026-04-27 00:19:00,4,0,0
11477,1366,408,2026-03-11 00:48:00,6,0,0
11478,893,291,2026-03-30 00:39:00,1,0,0
11479,1589,365,2026-07-06 00:33:00,8,0,0
11480,901,448,2026-08-23 00:23:00,1,0,1
11481,518,37,2026-07-12 00:35:00,20,0,0
11482,1171,22,2026-08-14 00:36:00,27,0,0
11483,32,294,2026-05-01 00:54:00,2,0,0
11484,618,395,2026-08-20 00:05:00,49,0,0
11485,875,482,2026-06-18 00:22:00,26,0,1
11486,1316,255,2026-09-05 00:22:00,1,0,1
11487,128,363,2026-04-06 00:06:00,7,0,1
11488,19,352,2026-01-12 00:11:00,10,0,0
11489,651,240,2026-09-05 00:04:00,11,0,1
11490,1046,286,2026-01-06 00:03:00,4,0,0
11491,1793,416,2026-03-19 00:39:00,15,0,0
11492,625,251,2025-07-12 00:43:00,10,0,1
11493,910,111,2026-08-04 00:49:00,14,0,0
11494,1291,166,2026-08-10 00:31:00,43,0,0
11495,90,240,2026-04-24 00:26:00,11,0,1
11496,958,301,2026-06-10 00:54:00,13,0,1
11497,679,471,2026-08-30 00:36:00,22,0,1
11498,555,133,2025-09-20 00:13:00,6,0,0
11499,483,391,2026-01-14 00:58:00,11,0,1
11500,917,393,2026-05-11 00:40:00,13,0,0
11501,1334,347,2026-05-16 00:10:00,26,0,0
11502,506,129,2026-08-18 00:52:00,46,0,1
11503,526,322,2026-07-11 00:34:00,5,0,0
11504,1443,394,2026-06-10 00:59:00,21,0,1
11505,1681,379,2026-05-22 00:56:00,30,0,1
11506,10,349,2026-05-24 00:14:00,2,0,0
11507,265,390,2026-04-13 00:18:00,7,0,0
11508,202,478,2026-08-31 00:38:00,27,0,0
11509,1199,304,2026-07-10 00:44:00,48,0,0
11510,842,291,2026-03-07 00:07:00,27,0,1
11511,246,268,2025-12-05 00:26:00,1,0,1
11512,1009,460,2026-01-06 00:34:00,3,0,0
11513,370,23,2025-11-30 00:37:00,3,0,1
11514,1094,92,2026-06-18 00:12:00,22,0,0
11515,750,399,2025-12-13 00:40:00,24,0,0
11516,377,159,2026-05-26 00:19:00,19,0,0
11517,1014,358,2026-05-21 00:00:00,3,0,1
11518,192,305,2026-08-12 00:36:00,33,0,1
11519,1767,225,2026-06-27 00:50:00,1,1,0
11520,1277,500,2026-07-28 00:46:00,9,0,0
11521,177,75,2026-09-07 00:17:00,22,0,1
11522,916,343,2026-07-05 00:42:00,49,0,0
11523,1770,445,2026-03-19 00:40:00,38,0,1
11524,1543,125,2026-07-02 00:09:00,38,0,1
11525,680,30,2026-05-25 00:42:00,8,1,0
11526,1210,370,2026-08-04 00:08:00,44,0,1
11527,1425,342,2026-08-20 00:34:00,1,0,0
11528,312,380,2025-08-06 00:55:00,76,0,0
11529,1400,112,2026-08-29 00:31:00,7,1,1
11530,1228,61,2026-08-09 00:16:00,8,0,1
11531,76,391,2025-09-08 00:40:00,24,0,0
11532,1637,405,2026-09-06 00:47:00,26,0,0
11533,1647,140,2026-06-23 00:35:00,79,0,0
11534,1229,476,2026-06-08 00:00:00,3,0,0
11535,141,216,2025-09-19 00:43:00,19,1,0
11536,656,219,2025-12-15 00:18:00,9,0,1
11537,656,52,2025-12-04 00:43:00,12,0,0
11538,1611,224,2025-10-16 00:38:00,9,1,0
11539,733,56,2025-10-07 00:30:00,7,0,0
11540,295,30,2026-05-16 00:42:00,1,1,0
11541,1041,452,2026-05-04 00:31:00,1,0,0
11542,630,333,2026-03-08 00:36:00,5,0,0
11543,1065,156,2026-02-13 00:10:00,31,0,0
11544,703,491,2025-12-22 00:08:00,2,1,0
11545,624,260,2025-04-26 00:44:00,2,0,1
11546,91,430,2026-02-07 00:44:00,5,0,0
11547,1135,343,2025-08-12 00:24:00,16,0,0
11548,1604,493,2026-08-28 00:19:00,3,0,0
11549,1576,150,2026-08-15 00:11:00,77,0,0
11550,1387,339,2026-04-30 00:44:00,47,0,0
11551,1630,201,2026-07-22 00:58:00,8,0,1
11552,779,255,2026-07-07 00:39:00,4,0,1
11553,880,431,2026-05-02 00:07:00,1,0,0
11554,1045,224,2025-12-09 00:11:00,2,0,0
11555,393,339,2026-03-28 00:39:00,7,0,0
11556,537,129,2026-07-30 00:43:00,9,0,0
11557,724,181,2026-04-13 00:11:00,48,1,1
11558,1554,293,2025-12-28 00:51:00,13,0,1
11559,1483,293,2025-07-16 00:35:00,55,0,0
11560,1355,390,2026-09-06 00:01:00,18,0,0
11561,291,452,2026-06-15 00:20:00,9,0,1
11562,69,392,2026-03-02 00:36:00,2,0,1
11563,73,64,2026-02-24 00:32:00,19,0,0
11564,1700,430,2026-03-20 00:53:00,28,0,0
11565,1128,333,2026-08-13 00:50:00,85,0,0
11566,57,251,2026-06-17 00:51:00,10,0,0
11567,361,264,2026-09-02 00:31:00,16,0,1
11568,601,16,2026-08-11 00:10:00,34,0,0
11569,441,352,2025-06-30 00:15:00,5,0,1
11570,1372,236,2026-09-07 00:33:00,21,0,1
11571,1662,200,2026-04-25 00:13:00,8,0,0
11572,1383,58,2026-09-05 00:16:00,3,0,0
11573,1353,363,2026-02-10 00:20:00,19,0,1
11574,1705,468,2026-04-08 00:17:00,23,0,0
11575,1354,63,2026-08-25 00:04:00,7,0,0
11576,1177,198,2026-07-18 00:51:00,36,0,1
11577,920,161,2026-04-10 00:36:00,47,0,0
11578,1054,200,2025-12-25 00:05:00,4,0,0
11579,1739,374,2026-08-17 00:23:00,14,1,0
11580,1692,17,2026-08-15 00:55:00,1,0,0
11581,579,437,2026-07-31 00:08:00,14,0,1
11582,1039,306,2025-04-13 00:37:00,1,0,1
11583,1230,170,2026-08-15 00:09:00,75,0,0
11584,1765,343,2026-08-04 00:05:00,3,0,0
11585,696,198,2026-06-28 00:34:00,1,0,0
11586,866,383,2026-09-07 00:02:00,53,0,0
11587,430,193,2026-07-23 00:34:00,5,0,0
11588,529,153,2026-07-12 00:51:00,1,0,0
11589,367,156,2025-12-10 00:08:00,39,0,0
11590,883,313,2025-12-08 00:46:00,3,0,1
11591,144,275,2026-04-22 00:58:00,37,1,0
11592,1268,472,2026-08-26 00:23:00,6,0,0
11593,1331,270,2026-08-25 00:49:00,1,0,1
11594,1720,40,2026-02-25 00:35:00,1,0,0
11595,758,17,2026-09-01 00:10:00,7,0,1
11596,858,352,2026-08-22 00:03:00,4,0,0
11597,71,386,2025-11-26 00:35:00,14,0,0
11598,78,313,2026-05-03 00:14:00,12,0,0
11599,1231,313,2026-07-18 00:31:00,14,0,0
11600,517,221,2026-03-25 00:03:00,1,1,0
11601,646,326,2025-10-10 00:26:00,9,0,1
11602,1091,90,2026-08-01 00:25:00,6,0,1
11603,1785,195,2026-04-04 00:37:00,49,0,0
11604,276,426,2026-06-11 00:19:00,15,0,0
11605,1319,144,2025-12-10 00:42:00,8,1,1
11606,14,273,2026-03-18 00:12:00,54,0,0
11607,1713,202,2026-08-19 00:29:00,13,0,0
11608,363,395,2026-05-28 00:08:00,10,0,1
11609,684,311,2026-07-13 00:53:00,26,0,1
11610,782,253,2026-06-09 00:10:00,20,0,0
11611,1606,215,2026-06-22 00:30:00,8,0,0
11612,945,298,2026-08-27 00:41:00,12,1,1
11613,159,325,2026-09-01 00:23:00,131,0,0
11614,1705,61,2026-09-03 00:40:00,1,0,0
11615,590,99,2026-09-01 00:45:00,10,0,0
11616,318,253,2026-08-17 00:20:00,55,0,0
11617,1653,19,2025-11-13 00:23:00,6,0,0
11618,1097,342,2026-04-30 00:21:00,96,0,1
11619,157,152,2026-05-29 00:50:00,23,0,1
11620,1762,295,2026-07-21 00:11:00,5,0,0
11621,682,203,2026-08-31 00:18:00,60,0,0
11622,391,17,2026-02-03 00:32:00,62,0,1
11623,226,58,2026-06-05 00:52:00,34,0,1
11624,363,417,2026-07-29 00:20:00,44,0,0
11625,880,329,2026-08-21 00:03:00,20,0,1
11626,1528,139,2026-05-05 00:47:00,62,0,1
11627,373,245,2026-05-10 00:53:00,4,0,1
11628,1389,268,2026-01-01 00:00:00,1,0,1
11629,1492,482,2026-06-25 00:38:00,41,0,1
11630,157,321,2025-12-01 00:28:00,45,1,0
11631,235,238,2025-11-07 00:58:00,16,0,1
11632,554,347,2026-06-16 00:33:00,38,0,0
11633,1574,349,2026-05-19 00:56:00,42,0,0
11634,683,359,2025-08-30 00:48:00,22,0,1
11635,716,50,2026-05-26 00:28:00,12,0,1
11636,999,396,2026-03-28 00:14:00,22,0,1
11637,405,431,2026-06-16 00:19:00,14,0,0
11638,1415,172,2026-08-14 00:04:00,12,0,1
11639,611,310,2026-08-09 00:47:00,68,0,0
11640,104,338,2026-07-22 00:48:00,3,0,0
11641,309,406,2026-06-22 00:15:00,107,0,1
11642,1592,35,2025-07-09 00:12:00,1,0,0
11643,1161,373,2026-01-27 00:40:00,2,0,1
11644,1272,191,2025-09-22 00:23:00,7,0,0
11645,1487,385,2026-05-03 00:38:00,21,0,0
11646,1793,392,2026-08-07 00:14:00,10,0,0
11647,936,475,2026-04-28 00:40:00,14,1,1
11648,1393,246,2026-01-11 00:53:00,3,0,0
11649,877,404,2026-06-16 00:42:00,1,0,0
11650,1075,313,2026-07-17 00:46:00,135,0,0
11651,1457,344,2026-06-16 00:38:00,27,0,0
11652,1248,378,2026-03-27 00:40:00,2,0,0
11653,41,366,2026-03-16 00:54:00,5,0,0
11654,1013,190,2026-07-10 00:25:00,28,0,0
11655,1278,274,2026-08-23 00:30:00,5,0,1
11656,1143,494,2025-12-04 00:39:00,3,0,1
11657,1647,106,2026-04-15 00:45:00,62,0,0
11658,689,148,2026-06-22 00:24:00,1,0,0
11659,738,204,2026-07-22 00:55:00,39,0,1
11660,740,434,2026-07-29 00:27:00,16,0,0
11661,351,45,2026-08-01 00:18:00,10,0,0
11662,682,307,2026-08-31 00:23:00,6,0,0
11663,728,352,2026-04-17 00:58:00,20,0,1
11664,1029,234,2026-08-01 00:55:00,57,0,1
11665,1260,493,2026-08-25 00:31:00,30,0,1
11666,1568,116,2025-12-17 00:17:00,14,0,1
11667,449,391,2026-02-22 00:32:00,9,0,0
11668,1657,224,2026-04-17 00:01:00,67,0,1
11669,1060,185,2026-07-03 00:31:00,74,0,0
11670,115,181,2025-11-26 00:56:00,12,0,1
11671,1637,292,2026-09-06 00:49:00,7,0,1
11672,43,340,2026-04-23 00:09:00,16,0,0
11673,807,467,2025-07-06 00:09:00,11,0,0
11674,1471,397,2025-12-18 00:01:00,101,0,0
11675,1281,456,2026-02-12 00:16:00,10,0,0
11676,657,124,2026-08-19 00:35:00,1,1,0
11677,898,454,2026-06-25 00:17:00,15,0,0
11678,644,283,2026-06-04 00:03:00,22,0,0
11679,1427,179,2026-08-30 00:20:00,14,0,1
11680,1160,236,2026-03-16 00:53:00,22,0,0
11681,1411,430,2026-05-04 00:51:00,31,0,1
11682,604,461,2026-02-28 00:40:00,18,0,0
11683,1374,392,2026-07-30 00:57:00,10,0,0
11684,597,273,2026-07-27 00:44:00,47,0,0
11685,1000,229,2026-06-24 00:59:00,7,0,0
11686,976,121,2025-08-10 00:15:00,29,0,0
11687,1612,172,2026-04-21 00:16:00,1,0,0
11688,978,119,2026-01-25 00:18:00,17,0,1
11689,260,231,2026-07-30 00:43:00,4,0,0
11690,305,116,2026-06-04 00:21:00,42,0,1
11691,608,388,2026-05-22 00:30:00,1,0,0
11692,378,124,2026-02-25 00:53:00,58,0,0
11693,1635,139,2026-06-16 00:33:00,10,0,1
11694,921,89,2026-01-13 00:29:00,32,0,0
11695,799,480,2026-07-21 00:08:00,32,0,0
11696,1654,426,2026-04-08 00:26:00,5,0,1
11697,1683,371,2026-05-25 00:03:00,2,0,0
11698,1392,446,2026-09-01 00:59:00,4,0,1
11699,1148,227,2026-06-18 00:24:00,1,0,0
11700,296,197,2026-09-05 00:36:00,1,0,0
11701,955,486,2026-07-01 00:46:00,43,0,1
11702,1751,270,2025-09-27 00:15:00,1,0,0
11703,688,178,2025-06-16 00:54:00,36,0,0
11704,469,185,2026-06-17 00:52:00,34,0,1
11705,1438,280,2026-07-05 00:23:00,1,0,0
11706,480,262,2026-08-16 00:31:00,52,0,0
11707,919,377,2026-08-17 00:25:00,15,0,0
11708,609,354,2026-07-06 00:34:00,36,0,0
11709,1130,222,2026-03-19 00:34:00,17,0,1
11710,536,104,2025-11-16 00:19:00,2,0,1
11711,1189,72,2026-08-05 00:59:00,105,0,0
11712,454,337,2026-02-28 00:57:00,10,0,0
11713,451,498,2026-08-05 00:57:00,19,0,0
11714,546,436,2026-03-23 00:02:00,12,0,1
11715,1034,433,2026-04-25 00:18:00,21,0,1
11716,1253,314,2026-05-09 00:51:00,4,0,0
11717,1572,456,2026-08-31 00:21:00,6,0,0
11718,1122,157,2026-05-18 00:28:00,19,0,0
11719,951,218,2026-03-09 00:18:00,85,0,1
11720,990,11,2026-05-06 00:03:00,5,0,1
11721,1104,106,2026-08-20 00:44:00,15,0,1
11722,481,387,2026-03-30 00:30:00,1,0,0
11723,325,262,2026-08-10 00:21:00,11,1,1
11724,147,99,2026-04-03 00:13:00,4,0,0
11725,375,147,2026-09-07 00:07:00,10,0,0
11726,33,398,2025-09-14 00:36:00,12,0,1
11727,1678,318,2026-06-15 00:59:00,68,0,0
11728,1438,217,2026-05-23 00:26:00,36,0,1
11729,261,90,2026-05-21 00:57:00,9,0,0
11730,1125,20,2025-07-01 00:19:00,2,0,1
11731,744,347,2026-07-23 00:53:00,13,0,0
11732,612,497,2026-08-19 00:15:00,1,0,0
11733,1738,185,2026-05-30 00:31:00,76,0,1
11734,216,490,2025-12-12 00:24:00,11,0,0
11735,1665,112,2026-06-14 00:03:00,89,0,0
11736,1399,470,2026-08-28 00:04:00,12,0,0
11737,1140,486,2026-08-31 00:28:00,8,0,1
11738,1576,446,2026-04-18 00:46:00,13,0,0
11739,1476,9,2026-04-11 00:40:00,7,0,0
11740,1243,59,2026-07-18 00:37:00,10,0,1
11741,735,183,2026-08-01 00:21:00,47,0,1
11742,935,143,2026-07-05 00:11:00,17,0,1
11743,1429,37,2026-08-28 00:04:00,20,0,0
11744,1517,469,2026-06-21 00:59:00,10,0,0
11745,1271,316,2026-03-03 00:10:00,9,0,0
11746,725,70,2026-08-04 00:37:00,50,0,1
11747,1245,220,2026-06-17 00:29:00,2,0,0
11748,18,151,2026-08-14 00:40:00,3,0,0
11749,634,394,2026-08-29 00:58:00,14,0,0
11750,711,209,2025-04-16 00:59:00,7,0,1
11751,1719,314,2026-07-11 00:08:00,4,0,1
11752,1282,440,2026-09-01 00:20:00,2,0,0
11753,370,191,2026-07-27 00:55:00,40,0,0
11754,1525,394,2026-08-24 00:19:00,24,0,0
11755,916,34,2026-07-20 00:22:00,66,0,1
11756,1149,480,2025-10-18 00:11:00,19,0,0
11757,499,413,2026-06-27 00:24:00,10,0,0
11758,678,106,2026-08-28 00:39:00,26,0,1
11759,1221,496,2026-06-25 00:37:00,25,0,0
11760,710,63,2026-07-19 00:34:00,20,0,0
11761,1453,313,2026-05-22 00:12:00,1,0,0
11762,906,326,2025-11-08 00:46:00,1,0,1
11763,1702,349,2025-10-08 00:58:00,9,0,1
11764,749,3,2026-06-18 00:51:00,3,0,0
11765,1058,40,2026-02-08 00:59:00,2,0,0
11766,1193,303,2026-03-23 00:18:00,8,0,0
11767,424,475,2026-02-21 00:41:00,14,0,1
11768,1253,333,2026-08-23 00:15:00,20,0,0
11769,214,306,2026-08-23 00:53:00,56,0,0
11770,476,126,2025-06-14 00:18:00,73,0,1
11771,1749,6,2026-02-28 00:22:00,9,0,1
11772,1138,77,2026-07-05 00:25:00,40,1,1
11773,589,282,2026-07-30 00:10:00,18,0,0
11774,877,175,2025-07-18 00:46:00,4,0,0
11775,1698,125,2026-07-29 00:36:00,14,0,1
11776,596,334,2026-05-21 00:57:00,31,0,0
11777,1420,69,2025-11-10 00:14:00,40,0,0
11778,1558,451,2026-07-03 00:24:00,17,0,1
11779,701,311,2026-02-22 00:26:00,33,0,1
11780,1761,150,2026-04-26 00:59:00,21,0,1
11781,288,109,2025-07-16 00:24:00,12,1,1
11782,1691,329,2026-03-23 00:31:00,9,0,0
11783,986,498,2026-08-11 00:47:00,12,0,1
11784,729,495,2026-06-12 00:50:00,16,0,0
11785,39,67,2025-12-12 00:26:00,13,0,0
11786,970,75,2026-05-16 00:42:00,3,0,1
11787,1050,52,2026-03-28 00:07:00,2,1,0
11788,1214,483,2026-06-25 00:43:00,27,0,1
11789,1415,368,2026-08-07 00:21:00,21,0,1
11790,270,447,2025-11-24 00:56:00,29,0,0
11791,1454,50,2026-04-18 00:59:00,23,0,0
11792,756,294,2026-01-24 00:46:00,47,0,1
11793,1721,314,2026-08-17 00:58:00,11,0,1
11794,353,74,2025-11-08 00:56:00,33,0,0
11795,1005,366,2026-05-13 00:55:00,1,0,1
11796,1218,79,2026-08-28 00:39:00,22,0,0
11797,652,229,2026-08-29 00:07:00,29,0,0
11798,219,242,2026-06-10 00:35:00,18,0,1
11799,754,237,2026-01-21 00:57:00,38,0,0
11800,365,309,2026-02-02 00:47:00,50,0,1
11801,82,113,2026-07-31 00:32:00,20,0,0
11802,688,373,2026-02-24 00:38:00,30,0,0
11803,524,36,2026-08-08 00:00:00,6,0,1
11804,959,39,2026-07-06 00:35:00,8,0,0
11805,1736,30,2026-02-02 00:47:00,27,0,0
11806,1451,281,2026-03-06 00:04:00,26,0,0
11807,1075,88,2026-06-03 00:15:00,3,0,0
11808,675,227,2026-03-23 00:52:00,9,0,0
11809,1737,481,2025-07-02 00:28:00,3,0,0
11810,361,159,2026-08-26 00:20:00,7,0,0
11811,1731,156,2026-09-07 00:27:00,22,0,0
11812,855,297,2026-08-06 00:01:00,9,0,1
11813,582,193,2026-07-06 00:21:00,11,0,0
11814,1718,21,2026-06-10 00:41:00,43,0,1
11815,1178,419,2026-07-17 00:16:00,3,0,1
11816,688,449,2026-08-10 00:09:00,21,0,1
11817,532,55,2026-08-29 00:36:00,53,0,0
11818,139,248,2026-08-27 00:13:00,17,0,1
11819,295,137,2026-06-17 00:05:00,5,0,0
11820,19,16,2026-06-05 00:56:00,1,0,0
11821,883,461,2026-07-27 00:23:00,38,0,0
11822,852,422,2026-05-24 00:15:00,45,0,0
11823,726,60,2026-07-24 00:18:00,12,0,1
11824,1247,399,2026-03-22 00:30:00,6,0,1
11825,1612,477,2026-03-16 00:46:00,3,0,0
11826,329,113,2026-08-13 00:13:00,10,0,0
11827,655,313,2026-02-19 00:21:00,45,0,0
11828,1140,176,2026-06-07 00:02:00,12,0,0
11829,1390,407,2025-12-25 00:35:00,14,0,1
11830,1723,424,2026-07-14 00:25:00,39,0,0
11831,253,375,2026-09-05 00:06:00,17,0,0
11832,1389,418,2026-03-20 00:54:00,22,0,0
11833,1519,377,2026-04-27 00:18:00,53,0,0
11834,547,161,2026-07-27 00:33:00,22,0,0
11835,1171,167,2026-03-10 00:24:00,41,0,1
11836,1456,185,2026-05-07 00:06:00,38,0,0
11837,791,250,2026-09-01 00:16:00,7,0,1
11838,66,23,2026-08-11 00:24:00,10,0,1
11839,1566,481,2026-08-26 00:55:00,1,0,1
11840,982,287,2026-05-15 00:12:00,36,1,0
11841,1510,249,2026-01-29 00:00:00,8,0,1
11842,516,177,2026-04-03 00:55:00,30,0,0
11843,148,209,2026-04-28 00:48:00,32,0,1
11844,1566,496,2026-09-02 00:44:00,44,0,1
11845,930,238,2025-11-17 00:17:00,20,0,0
11846,966,95,2026-08-22 00:29:00,39,0,0
11847,522,497,2026-08-31 00:04:00,1,0,0
11848,396,305,2026-05-08 00:45:00,18,0,0
11849,976,33,2025-11-19 00:18:00,4,0,0
11850,1548,165,2026-03-04 00:41:00,34,0,0
11851,1221,497,2026-03-15 00:44:00,10,0,1
11852,1274,453,2026-07-01 00:54:00,5,0,0
11853,255,318,2026-02-25 00:37:00,1,0,0
11854,1624,106,2026-08-18 00:40:00,48,0,0
11855,263,486,2026-08-18 00:36:00,7,0,0
11856,1186,54,2025-08-14 00:46:00,18,0,0
11857,68,34,2025-11-29 00:52:00,8,0,1
11858,1478,75,2026-09-02 00:43:00,12,0,1
11859,1020,433,2026-03-04 00:46:00,7,0,0
11860,1599,259,2026-05-20 00:34:00,24,0,1
11861,1421,179,2026-09-01 00:20:00,12,0,1
11862,1680,369,2025-12-18 00:36:00,23,0,1
11863,1639,121,2026-06-15 00:30:00,5,0,1
11864,147,108,2026-05-01 00:13:00,4,0,1
11865,233,60,2025-11-26 00:50:00,27,0,1
11866,1565,81,2026-07-01 00:38:00,16,0,0
11867,834,103,2026-02-20 00:58:00,18,0,0
11868,1231,284,2026-07-09 00:36:00,36,1,0
11869,1383,231,2026-07-02 00:08:00,1,0,0
11870,855,317,2026-04-13 00:20:00,1,0,0
11871,194,377,2026-07-19 00:28:00,1,0,0
11872,1612,155,2026-03-05 00:18:00,1,0,1
11873,1409,360,2026-09-01 00:06:00,32,0,0
11874,1338,436,2025-12-27 00:57:00,127,0,1
11875,144,324,2026-06-08 00:09:00,9,0,0
11876,222,39,2026-08-06 00:28:00,8,0,0
11877,204,365,2026-04-26 00:43:00,57,0,1
11878,814,256,2026-06-25 00:18:00,59,0,0
11879,1590,307,2026-05-23 00:11:00,1,0,1
11880,693,88,2026-09-04 00:12:00,4,0,1
11881,1409,479,2026-09-02 00:36:00,1,0,0
11882,685,358,2026-05-24 00:38:00,19,0,1
11883,640,81,2025-12-16 00:23:00,49,0,1
11884,1590,228,2026-07-14 00:07:00,40,0,0
11885,958,276,2025-11-05 00:40:00,8,0,1
11886,1541,62,2026-06-14 00:45:00,7,0,0
11887,852,340,2025-06-23 00:43:00,14,0,1
11888,1236,472,2026-09-04 00:17:00,32,0,0
11889,837,58,2026-05-17 00:36:00,1,0,0
11890,576,278,2026-05-02 00:45:00,26,0,1
11891,488,65,2026-05-20 00:27:00,15,0,1
11892,776,269,2026-07-31 00:31:00,61,0,1
11893,1390,148,2026-08-18 00:05:00,28,0,0
11894,946,22,2026-04-13 00:57:00,114,0,0
11895,789,210,2025-12-04 00:02:00,12,0,0
11896,1292,218,2026-06-18 00:49:00,26,0,1
11897,84,485,2026-03-24 00:12:00,4,0,0
11898,128,362,2026-02-11 00:23:00,36,0,0
11899,351,444,2026-02-12 00:46:00,23,0,1
11900,1411,452,2026-01-16 00:44:00,26,0,0
11901,1712,252,2026-06-27 00:30:00,16,0,1
11902,515,145,2026-07-10 00:38:00,27,0,0
11903,841,492,2026-08-11 00:30:00,17,0,1
11904,1031,154,2026-03-17 00:14:00,1,0,1
11905,1199,66,2025-09-03 00:49:00,41,0,1
11906,1715,185,2026-04-04 00:16:00,52,0,0
11907,1357,284,2025-07-31 00:57:00,5,0,0
11908,194,228,2025-07-25 00:54:00,9,0,1
11909,1089,246,2026-07-24 00:32:00,1,0,0
11910,206,290,2026-08-20 00:27:00,1,0,1
11911,170,304,2025-11-26 00:41:00,1,0,1
11912,752,458,2026-02-06 00:57:00,1,0,1
11913,1480,155,2026-09-06 00:00:00,53,0,1
11914,176,392,2025-08-03 00:53:00,41,0,1
11915,807,424,2025-09-29 00:33:00,17,0,1
11916,753,272,2026-07-02 00:31:00,31,0,1
11917,180,491,2026-08-19 00:53:00,1,0,0
11918,559,350,2025-11-19 00:02:00,30,0,0
11919,402,387,2026-03-26 00:58:00,1,0,0
11920,476,6,2026-02-22 00:07:00,52,0,1
11921,746,75,2025-07-20 00:03:00,34,1,0
11922,565,135,2026-04-10 00:37:00,22,0,0
11923,1,185,2026-04-07 00:51:00,23,0,0
11924,879,81,2026-08-12 00:07:00,4,0,1
11925,1724,500,2026-03-03 00:51:00,15,0,1
11926,1017,53,2025-07-31 00:32:00,3,0,0
11927,30,376,2026-02-28 00:43:00,15,0,1
11928,689,10,2026-05-29 00:59:00,35,0,1
11929,1179,87,2026-07-13 00:23:00,19,0,0
11930,841,449,2026-09-05 00:25:00,1,0,0
11931,747,28,2026-06-07 00:38:00,8,0,0
11932,208,24,2025-10-02 00:51:00,65,0,1
11933,1550,90,2026-09-02 00:08:00,24,1,0
11934,428,371,2025-11-11 00:34:00,11,1,1
11935,1128,464,2026-03-12 00:46:00,15,0,0
11936,657,98,2026-04-24 00:40:00,27,0,0
11937,666,380,2026-03-24 00:04:00,18,0,0
11938,1617,57,2025-10-30 00:16:00,1,0,0
11939,1485,161,2026-08-02 00:39:00,2,0,0
11940,269,197,2026-02-28 00:43:00,9,0,1
11941,1675,150,2026-05-03 00:03:00,1,0,0
11942,191,233,2025-07-08 00:27:00,13,1,1
11943,1773,480,2026-06-21 00:25:00,5,1,1
11944,1008,116,2025-09-09 00:03:00,7,0,0
11945,31,68,2025-11-09 00:17:00,19,0,1
11946,519,388,2026-01-08 00:48:00,4,0,0
11947,82,136,2026-07-29 00:54:00,4,0,0
11948,1057,227,2025-07-21 00:32:00,3,0,1
11949,896,312,2026-04-23 00:50:00,35,0,0
11950,687,261,2026-04-12 00:34:00,21,0,0
11951,1341,354,2025-07-29 00:19:00,8,0,0
11952,866,274,2026-09-07 00:53:00,9,0,1
11953,631,303,2026-05-20 00:26:00,66,0,1
11954,494,288,2026-08-18 00:17:00,37,0,1
11955,627,296,2026-07-02 00:36:00,8,0,0
11956,718,33,2026-08-10 00:34:00,3,0,1
11957,1329,247,2026-05-19 00:03:00,10,0,0
11958,740,202,2026-06-04 00:00:00,11,0,1
11959,468,69,2026-08-03 00:59:00,11,0,0
11960,1392,271,2026-08-13 00:03:00,7,0,1
11961,842,105,2026-07-04 00:54:00,2,0,1
11962,481,231,2026-01-05 00:25:00,20,0,0
11963,995,332,2026-09-06 00:33:00,1,1,0
11964,395,485,2026-02-18 00:28:00,1,0,0
11965,1651,221,2026-08-08 00:09:00,48,0,0
11966,751,230,2026-06-10 00:33:00,5,0,1
11967,611,318,2026-03-04 00:04:00,1,0,1
11968,1731,403,2026-08-28 00:37:00,19,0,0
11969,1451,370,2026-07-09 00:10:00,3,0,1
11970,1264,286,2026-07-03 00:26:00,1,0,0
11971,208,321,2025-07-02 00:38:00,3,0,0
11972,1114,44,2026-09-05 00:55:00,20,0,0
11973,138,327,2026-08-01 00:16:00,7,1,1
11974,1242,250,2025-09-18 00:10:00,43,0,1
11975,532,377,2026-06-14 00:22:00,1,0,1
11976,1670,262,2026-03-05 00:47:00,6,1,0
11977,259,427,2026-08-23 00:32:00,9,0,0
11978,1539,224,2026-03-17 00:40:00,4,0,0
11979,445,368,2025-10-02 00:44:00,15,0,0
11980,1534,393,2026-09-03 00:02:00,6,0,0
11981,464,281,2026-06-22 00:05:00,4,0,1
11982,734,250,2026-07-04 00:07:00,17,0,1
11983,1377,155,2026-02-02 00:02:00,13,1,0
11984,1386,401,2026-08-27 00:32:00,10,0,0
11985,425,383,2025-11-17 00:28:00,3,0,1
11986,1398,234,2026-09-02 00:58:00,4,1,1
11987,1366,358,2026-07-02 00:16:00,12,0,0
11988,223,352,2026-01-14 00:55:00,10,0,0
11989,1030,481,2026-05-17 00:36:00,72,0,1
11990,1616,253,2026-05-07 00:23:00,9,0,1
11991,1367,293,2025-12-31 00:14:00,23,1,1
11992,1460,97,2026-07-30 00:36:00,20,0,0
11993,1023,439,2026-03-30 00:44:00,6,0,1
11994,1612,195,2026-05-11 00:51:00,19,0,1
11995,782,157,2026-03-16 00:14:00,44,0,1
11996,837,411,2026-04-05 00:22:00,20,0,1
11997,1733,99,2026-08-12 00:29:00,11,0,1
11998,206,123,2026-08-02 00:19:00,5,0,0
11999,1312,207,2026-07-06 00:36:00,1,0,0
12000,3,322,2026-03-20 00:09:00,10,0,0
12001,1424,424,2026-08-24 00:27:00,6,1,1
12002,1433,227,2026-07-01 00:11:00,37,0,1
12003,823,432,2026-08-17 00:41:00,28,1,0
12004,216,494,2025-11-27 00:18:00,14,0,0
12005,884,9,2025-12-11 00:26:00,7,0,1
12006,1687,26,2026-02-15 00:45:00,48,0,1
12007,349,183,2026-08-19 00:15:00,14,0,1
12008,1193,152,2026-03-12 00:33:00,104,0,0
12009,762,106,2026-09-06 00:55:00,9,0,0
12010,1781,239,2025-07-07 00:53:00,78,0,0
12011,414,327,2026-02-20 00:57:00,9,0,0
12012,1491,286,2026-08-13 00:46:00,20,0,0
12013,911,56,2026-08-30 00:27:00,22,0,1
12014,1620,59,2026-08-21 00:24:00,4,0,1
12015,637,325,2026-06-28 00:09:00,2,0,0
12016,789,343,2025-12-10 00:12:00,8,0,0
12017,1266,339,2026-08-06 00:29:00,7,0,0
12018,1484,472,2026-07-29 00:31:00,8,0,0
12019,138,234,2026-01-06 00:39:00,14,0,0
12020,1661,297,2026-08-26 00:30:00,7,0,0
12021,1672,299,2026-08-13 00:53:00,6,1,0
12022,885,66,2026-03-20 00:25:00,11,0,0
12023,1373,43,2026-06-07 00:16:00,18,0,0
12024,1483,232,2025-07-22 00:25:00,33,0,1
12025,1433,3,2026-09-04 00:09:00,1,0,0
12026,401,79,2026-06-30 00:31:00,77,0,0
12027,999,415,2026-02-07 00:12:00,15,0,0
12028,1323,85,2026-09-07 00:17:00,5,0,1
12029,700,487,2026-03-30 00:22:00,13,0,0
12030,596,11,2026-03-15 00:34:00,1,0,0
12031,381,474,2026-08-25 00:04:00,21,0,0
12032,1014,415,2026-06-30 00:30:00,1,0,0
12033,293,24,2026-08-07 00:32:00,8,0,0
12034,1276,365,2026-08-10 00:13:00,47,1,0
12035,1482,192,2026-08-22 00:43:00,49,0,0
12036,740,310,2026-08-26 00:13:00,13,0,1
12037,1193,113,2026-04-02 00:49:00,4,0,1
12038,1429,335,2026-06-15 00:08:00,34,0,0
12039,491,52,2026-07-31 00:59:00,63,0,0
12040,663,107,2025-08-29 00:33:00,6,0,1
12041,319,426,2025-08-17 00:30:00,17,0,0
12042,1145,254,2026-08-29 00:10:00,8,0,0
12043,859,354,2025-08-19 00:55:00,1,0,1
12044,760,110,2026-04-30 00:41:00,12,1,0
12045,20,296,2026-07-03 00:34:00,61,0,1
12046,1254,207,2026-06-16 00:09:00,7,0,1
12047,1431,68,2026-07-05 00:25:00,20,1,0
12048,1619,324,2026-09-04 00:07:00,29,0,0
12049,1673,101,2026-04-16 00:36:00,10,0,1
12050,877,296,2026-05-17 00:21:00,18,0,0
12051,1790,315,2026-08-26 00:26:00,42,0,0
12052,1375,389,2026-07-14 00:51:00,18,0,0
12053,1473,465,2026-04-24 00:28:00,6,1,0
12054,1603,273,2026-08-05 00:35:00,10,0,0
12055,785,72,2026-08-26 00:14:00,9,0,0
12056,515,425,2026-05-31 00:41:00,24,0,0
12057,676,205,2026-06-30 00:41:00,32,0,1
12058,1175,344,2026-07-16 00:07:00,20,0,0
12059,952,8,2025-11-09 00:18:00,15,0,0
12060,1522,172,2026-06-29 00:49:00,1,0,1
12061,516,234,2026-01-16 00:05:00,23,0,1
12062,987,54,2026-08-03 00:08:00,24,0,0
12063,833,443,2026-09-06 00:33:00,10,0,0
12064,209,383,2025-04-04 00:51:00,6,0,0
12065,1637,58,2026-09-07 00:49:00,29,0,0
12066,468,458,2026-08-03 00:19:00,6,0,0
12067,582,31,2026-04-10 00:58:00,76,0,0
12068,1321,244,2026-08-11 00:11:00,33,0,0
12069,661,14,2026-08-20 00:59:00,6,0,1
12070,1771,403,2026-03-17 00:09:00,45,0,0
12071,875,257,2026-03-30 00:40:00,23,0,0
12072,218,333,2025-11-11 00:04:00,23,0,0
12073,1609,86,2026-08-03 00:44:00,20,0,0
12074,1481,255,2026-09-07 00:26:00,8,0,0
12075,1012,125,2026-06-27 00:37:00,13,0,1
12076,1618,311,2026-06-26 00:40:00,1,0,1
12077,723,157,2026-09-06 00:42:00,18,0,0
12078,962,216,2026-07-24 00:45:00,18,0,1
12079,233,429,2025-08-10 00:17:00,41,0,1
12080,1227,88,2026-06-24 00:21:00,16,0,0
12081,96,308,2025-05-23 00:32:00,23,0,0
12082,421,395,2026-06-06 00:50:00,1,0,0
12083,937,441,2026-07-14 00:12:00,18,0,1
12084,1424,205,2026-06-18 00:49:00,20,0,0
12085,213,158,2026-05-26 00:10:00,6,0,0
12086,145,176,2026-08-21 00:13:00,154,0,1
12087,620,201,2026-07-25 00:02:00,6,0,0
12088,240,457,2025-12-15 00:37:00,29,0,0
12089,1130,250,2025-10-23 00:05:00,26,0,1
12090,624,296,2025-09-25 00:37:00,51,0,0
12091,256,201,2026-01-20 00:27:00,36,1,0
12092,285,250,2026-03-20 00:27:00,21,0,1
12093,1676,49,2026-07-02 00:40:00,4,0,1
12094,1490,349,2025-10-17 00:45:00,12,0,0
12095,285,36,2025-10-18 00:22:00,3,0,0
12096,706,162,2026-04-23 00:20:00,8,0,0
12097,686,446,2026-07-03 00:18:00,14,0,0
12098,792,477,2026-06-13 00:31:00,15,0,0
12099,673,246,2026-08-09 00:58:00,2,1,1
12100,82,266,2026-07-05 00:18:00,7,0,1
12101,719,194,2026-02-13 00:19:00,1,0,0
12102,1643,316,2026-06-10 00:00:00,40,0,0
12103,830,184,2026-06-04 00:59:00,33,0,0
12104,154,207,2026-08-13 00:40:00,51,0,0
12105,1623,15,2026-03-29 00:41:00,10,0,0
12106,976,498,2025-06-10 00:59:00,22,0,0
12107,535,34,2026-08-15 00:37:00,18,0,1
12108,581,119,2026-08-15 00:39:00,55,0,0
12109,1717,129,2026-02-16 00:19:00,12,0,0
12110,1107,395,2026-05-31 00:34:00,70,0,1
12111,551,2,2026-07-23 00:00:00,12,0,1
12112,21,341,2025-12-27 00:30:00,12,1,1
12113,1177,75,2026-04-03 00:50:00,4,0,0
12114,638,8,2026-06-03 00:03:00,8,0,0
12115,1258,198,2026-01-14 00:46:00,12,0,1
12116,544,187,2026-07-29 00:19:00,6,0,0
12117,493,32,2025-12-28 00:17:00,5,0,1
12118,228,247,2026-01-17 00:34:00,61,0,1
12119,1219,23,2026-08-07 00:30:00,16,0,1
12120,823,169,2026-08-21 00:22:00,3,0,0
12121,1593,497,2026-08-30 00:10:00,18,0,1
12122,1125,89,2026-05-03 00:20:00,1,1,1
12123,950,287,2026-02-19 00:30:00,34,0,0
12124,449,171,2026-02-12 00:49:00,3,0,0
12125,966,406,2026-04-13 00:49:00,42,0,0
12126,717,164,2026-02-20 00:04:00,4,0,1
12127,10,337,2026-02-24 00:16:00,1,0,0
12128,1403,226,2026-05-10 00:04:00,29,0,1
12129,455,46,2026-08-26 00:12:00,20,0,0
12130,266,298,2025-07-28 00:00:00,11,0,1
12131,115,131,2025-10-12 00:01:00,9,0,0
12132,1451,165,2026-08-18 00:38:00,4,0,0
12133,300,498,2026-05-12 00:00:00,11,0,1
12134,1144,418,2026-08-30 00:05:00,15,0,0
12135,1612,164,2026-08-25 00:40:00,9,0,1
12136,310,271,2026-07-07 00:28:00,4,0,1
12137,635,39,2026-06-01 00:22:00,10,0,0
12138,1736,339,2025-08-03 00:55:00,33,0,0
12139,1564,88,2026-05-06 00:22:00,1,0,1
12140,802,270,2026-01-29 00:57:00,3,0,1
12141,1276,108,2026-08-13 00:24:00,23,0,0
12142,1617,484,2026-04-15 00:12:00,1,0,1
12143,898,138,2026-01-20 00:16:00,7,0,1
12144,1424,88,2026-05-19 00:38:00,1,0,0
12145,1745,477,2026-04-24 00:24:00,17,1,0
12146,796,40,2026-01-12 00:03:00,35,0,0
12147,400,340,2026-09-01 00:21:00,20,0,0
12148,1279,129,2026-02-19 00:30:00,50,0,0
12149,742,155,2026-08-28 00:21:00,15,0,0
12150,666,492,2025-11-30 00:21:00,17,0,0
12151,1360,277,2026-08-18 00:17:00,9,0,1
12152,1406,61,2026-09-01 00:32:00,4,0,0
12153,1140,340,2026-07-12 00:20:00,11,0,1
12154,282,359,2025-12-22 00:46:00,3,0,0
12155,335,498,2025-09-24 00:27:00,13,0,1
12156,943,75,2026-06-13 00:07:00,2,1,1
12157,889,482,2026-07-15 00:01:00,69,0,0
12158,464,307,2026-07-26 00:54:00,64,1,0
12159,1355,47,2026-08-23 00:42:00,18,0,1
12160,914,49,2026-08-01 00:57:00,2,0,0
12161,1470,439,2026-08-13 00:56:00,9,0,0
12162,276,350,2026-02-24 00:43:00,14,0,0
12163,1427,437,2026-08-15 00:21:00,26,0,0
12164,461,25,2026-08-28 00:15:00,37,0,1
12165,1056,429,2026-08-29 00:51:00,27,0,1
12166,631,391,2026-05-26 00:05:00,96,0,0
12167,1074,484,2026-06-22 00:59:00,3,0,0
12168,136,442,2025-11-18 00:52:00,2,0,0
12169,698,275,2026-06-15 00:45:00,7,0,0
12170,218,372,2026-01-12 00:16:00,4,0,0
12171,1698,73,2026-09-05 00:02:00,76,0,1
12172,721,480,2025-07-14 00:23:00,9,1,1
12173,1605,467,2025-12-29 00:16:00,18,0,1
12174,1460,178,2026-07-13 00:05:00,120,0,0
12175,1610,12,2026-06-30 00:37:00,9,0,1
12176,292,109,2026-03-21 00:42:00,14,0,0
12177,424,243,2026-03-17 00:55:00,15,1,0
12178,1600,239,2026-07-29 00:02:00,6,0,0
12179,102,425,2026-08-05 00:03:00,1,0,1
12180,1787,36,2026-09-05 00:24:00,5,0,1
12181,1519,345,2026-02-13 00:40:00,3,0,1
12182,290,21,2026-04-21 00:29:00,27,0,0
12183,547,75,2026-02-19 00:13:00,9,0,1
12184,1094,458,2026-02-20 00:40:00,10,0,1
12185,338,127,2026-07-12 00:45:00,59,0,0
12186,1481,458,2026-08-26 00:02:00,65,0,0
12187,75,160,2026-06-01 00:33:00,8,0,1
12188,481,96,2025-09-15 00:09:00,15,0,0
12189,600,276,2026-04-26 00:26:00,7,0,0
12190,999,493,2026-06-11 00:24:00,30,0,1
12191,268,151,2026-07-01 00:43:00,21,0,0
12192,1226,101,2026-04-18 00:04:00,8,0,1
12193,864,207,2026-07-20 00:10:00,3,0,0
12194,121,80,2026-07-06 00:21:00,2,0,0
12195,1431,137,2026-04-28 00:35:00,18,0,1
12196,434,248,2026-08-29 00:21:00,22,0,0
12197,1201,239,2026-09-04 00:31:00,41,0,0
12198,140,45,2025-12-04 00:42:00,12,0,0
12199,1039,72,2026-04-11 00:52:00,30,0,0
12200,982,365,2026-06-05 00:05:00,23,0,1
12201,353,398,2026-05-17 00:07:00,1,0,0
12202,1247,449,2025-08-17 00:13:00,12,0,0
12203,359,90,2026-06-18 00:51:00,64,0,0
12204,1440,487,2025-11-14 00:25:00,33,0,0
12205,1478,136,2026-08-13 00:34:00,8,0,0
12206,282,161,2025-10-13 00:23:00,7,0,1
12207,1453,335,2025-11-26 00:28:00,6,0,1
12208,962,348,2026-05-29 00:41:00,168,0,1
12209,598,198,2026-08-29 00:39:00,29,0,1
12210,179,249,2026-07-19 00:57:00,31,0,0
12211,525,396,2026-06-18 00:54:00,14,0,1
12212,543,487,2026-06-16 00:25:00,31,0,1
12213,717,483,2026-06-28 00:06:00,26,0,0
12214,675,239,2026-07-10 00:24:00,20,0,1
12215,1582,425,2026-07-28 00:15:00,37,0,0
12216,493,452,2026-05-25 00:40:00,4,0,0
12217,1387,385,2026-02-11 00:38:00,21,0,1
12218,684,272,2026-04-07 00:43:00,3,0,0
12219,904,116,2026-05-24 00:09:00,25,0,1
12220,76,421,2026-01-22 00:34:00,15,0,1
12221,1127,382,2026-05-06 00:38:00,4,0,1
12222,75,7,2025-12-30 00:34:00,36,0,0
12223,860,283,2026-02-23 00:05:00,4,0,1
12224,1127,180,2025-10-09 00:27:00,20,0,1
12225,220,329,2026-07-25 00:40:00,12,0,0
12226,44,461,2026-06-17 00:19:00,26,0,0
12227,330,67,2026-01-21 00:43:00,1,0,0
12228,1150,198,2026-08-10 00:13:00,13,0,0
12229,839,363,2025-12-06 00:28:00,12,0,1
12230,889,87,2026-04-10 00:49:00,52,0,0
12231,1382,382,2025-11-24 00:42:00,4,0,0
12232,945,380,2026-07-10 00:58:00,24,0,0
12233,454,157,2026-05-27 00:32:00,14,0,0
12234,162,440,2026-09-01 00:20:00,13,0,1
12235,273,236,2025-09-10 00:58:00,37,0,0
12236,85,329,2025-11-11 00:23:00,46,0,0
12237,1494,128,2026-04-03 00:41:00,19,0,0
12238,716,108,2025-05-28 00:29:00,5,0,1
12239,1752,56,2026-06-15 00:32:00,28,0,0
12240,1416,243,2026-09-07 00:05:00,1,0,0
12241,755,340,2026-04-03 00:02:00,17,0,0
12242,1786,482,2026-09-02 00:19:00,31,0,1
12243,1019,294,2026-08-11 00:16:00,4,0,0
12244,826,460,2026-05-22 00:20:00,5,0,0
12245,285,76,2026-04-13 00:19:00,19,0,0
12246,223,390,2026-05-13 00:26:00,5,0,1
12247,323,127,2025-11-12 00:52:00,18,0,0
12248,437,30,2026-08-19 00:28:00,25,1,1
12249,1343,155,2026-06-13 00:44:00,3,0,0
12250,1286,462,2026-02-16 00:50:00,13,0,1
12251,777,274,2025-10-07 00:01:00,1,0,0
12252,731,396,2025-12-23 00:38:00,11,0,1
12253,361,449,2026-09-06 00:09:00,2,0,1
12254,154,119,2026-09-06 00:38:00,1,0,0
12255,404,382,2026-08-16 00:20:00,18,0,1
12256,585,279,2026-08-11 00:59:00,37,0,0
12257,1175,155,2026-07-03 00:51:00,17,0,0
12258,1605,143,2026-03-17 00:06:00,13,0,0
12259,1233,345,2026-04-03 00:50:00,1,1,0
12260,791,427,2026-08-30 00:08:00,31,0,0
12261,1366,184,2025-10-20 00:55:00,4,0,1
12262,725,479,2026-05-30 00:07:00,3,1,1
12263,1141,109,2026-02-28 00:55:00,7,0,1
12264,1649,289,2026-06-28 00:01:00,20,0,0
12265,548,271,2026-03-24 00:48:00,15,1,1
12266,1337,447,2026-07-17 00:29:00,15,0,0
12267,87,428,2026-05-19 00:34:00,12,0,0
12268,1472,239,2026-06-01 00:21:00,2,0,0
12269,515,168,2026-05-04 00:20:00,11,0,0
12270,45,467,2026-04-26 00:41:00,27,0,0
12271,1770,141,2026-06-02 00:09:00,1,0,0
12272,1527,254,2025-11-28 00:03:00,12,0,1
12273,152,343,2026-08-28 00:46:00,12,0,1
12274,759,206,2026-07-18 00:24:00,43,0,0
12275,1326,124,2026-07-31 00:50:00,30,0,1
12276,951,151,2026-09-02 00:29:00,2,0,0
12277,1404,434,2026-05-29 00:46:00,18,0,1
12278,1204,233,2026-05-21 00:47:00,25,0,1
12279,670,57,2026-03-08 00:58:00,12,0,0
12280,564,454,2026-08-13 00:56:00,7,0,0
12281,318,441,2026-08-26 00:50:00,42,0,0
12282,239,210,2025-11-20 00:02:00,29,1,1
12283,954,7,2026-07-20 00:52:00,3,0,1
12284,1785,179,2026-06-01 00:36:00,4,0,1
12285,131,300,2025-12-16 00:26:00,6,0,1
12286,696,346,2026-08-23 00:18:00,17,0,1
12287,765,468,2026-08-18 00:23:00,32,0,0
12288,534,174,2025-12-07 00:07:00,4,0,1
12289,183,251,2025-12-17 00:27:00,1,0,1
12290,1565,276,2026-06-15 00:37:00,3,1,1
12291,1176,500,2026-04-04 00:08:00,17,0,0
12292,430,279,2026-08-26 00:40:00,82,0,0
12293,1242,414,2026-01-15 00:06:00,13,0,0
12294,119,455,2026-08-30 00:53:00,18,0,1
12295,1710,474,2026-05-20 00:16:00,17,0,0
12296,249,403,2025-11-27 00:03:00,15,0,0
12297,1436,102,2026-05-08 00:00:00,11,0,0
12298,1470,415,2026-08-03 00:06:00,3,0,0
12299,1788,170,2026-07-04 00:36:00,5,0,0
12300,1033,413,2026-06-29 00:32:00,8,1,0
12301,493,326,2026-06-30 00:54:00,4,0,1
12302,11,147,2026-03-03 00:15:00,27,0,1
12303,612,125,2026-07-21 00:25:00,37,0,1
12304,174,485,2026-08-09 00:51:00,22,0,1
12305,1456,497,2026-05-20 00:55:00,32,0,0
12306,912,320,2026-06-30 00:43:00,1,0,1
12307,1694,144,2026-07-01 00:12:00,15,0,1
12308,1382,217,2026-02-09 00:26:00,20,0,1
12309,882,417,2026-05-05 00:12:00,12,0,1
12310,818,246,2026-07-16 00:57:00,40,0,0
12311,422,460,2026-04-25 00:19:00,34,1,1
12312,1337,335,2026-08-23 00:08:00,1,0,1
12313,629,36,2026-08-17 00:23:00,12,0,0
12314,1037,277,2026-02-22 00:31:00,4,0,0
12315,961,132,2026-05-21 00:06:00,70,0,0
12316,1118,451,2026-08-14 00:43:00,4,0,0
12317,1661,154,2025-12-07 00:28:00,17,0,1
12318,1538,322,2026-08-31 00:09:00,18,0,0
12319,42,90,2026-08-03 00:39:00,8,0,0
12320,1597,17,2025-10-02 00:17:00,7,0,1
12321,1327,280,2026-03-27 00:45:00,3,0,0
12322,103,155,2026-08-14 00:22:00,21,0,0
12323,200,61,2026-08-11 00:28:00,29,0,1
12324,316,336,2026-06-14 00:34:00,25,0,1
12325,685,294,2025-12-04 00:08:00,30,0,0
12326,1478,237,2026-05-29 00:14:00,37,0,0
12327,651,244,2026-09-05 00:22:00,15,0,0
12328,1646,173,2026-09-01 00:01:00,35,0,0
12329,623,75,2026-07-03 00:34:00,31,1,0
12330,1205,162,2025-12-22 00:33:00,2,0,1
12331,1356,389,2026-08-14 00:20:00,10,0,0
12332,1673,291,2026-08-09 00:28:00,1,0,1
12333,1756,434,2026-07-16 00:57:00,12,0,0
12334,1043,337,2026-06-28 00:09:00,4,0,0
12335,1388,421,2026-06-28 00:18:00,4,0,1
12336,1670,342,2026-03-11 00:34:00,40,0,1
12337,855,261,2026-07-11 00:47:00,34,0,0
12338,1449,297,2025-12-29 00:42:00,20,0,0
12339,1540,330,2026-07-25 00:00:00,19,0,1
12340,1415,400,2026-07-19 00:24:00,45,0,1
12341,588,116,2026-03-10 00:59:00,37,0,0
12342,172,460,2026-09-02 00:39:00,3,0,0
12343,304,133,2025-10-14 00:00:00,36,0,1
12344,885,32,2026-02-01 00:30:00,10,0,0
12345,1110,287,2026-07-24 00:04:00,12,0,0
12346,705,286,2026-05-10 00:57:00,18,0,1
12347,1350,125,2026-06-16 00:41:00,16,0,0
12348,1367,83,2026-03-22 00:52:00,26,0,1
12349,1061,144,2026-05-10 00:08:00,10,0,0
12350,1047,56,2025-11-05 00:40:00,24,0,0
12351,1620,262,2026-08-30 00:33:00,15,0,0
12352,785,76,2026-08-28 00:57:00,3,0,0
12353,50,411,2026-05-26 00:02:00,54,0,0
12354,24,297,2026-06-07 00:44:00,42,0,0
12355,1254,338,2026-04-26 00:15:00,2,0,1
12356,1530,117,2026-06-14 00:32:00,3,0,0
12357,854,289,2026-08-01 00:39:00,1,0,0
12358,1413,97,2025-10-22 00:36:00,39,0,1
12359,131,81,2026-02-09 00:01:00,23,0,0
12360,1479,378,2025-10-24 00:39:00,36,0,1
12361,1093,447,2026-08-02 00:52:00,3,0,1
12362,1426,235,2026-08-30 00:51:00,20,0,0
12363,1100,464,2026-05-06 00:53:00,30,0,0
12364,1178,91,2026-05-10 00:07:00,2,0,0
12365,1744,370,2026-03-01 00:14:00,2,0,0
12366,1425,20,2026-04-09 00:33:00,9,0,0
12367,129,250,2026-08-11 00:27:00,31,0,0
12368,636,31,2026-08-16 00:50:00,5,0,0
12369,998,220,2026-07-16 00:49:00,22,0,0
12370,822,462,2026-04-30 00:01:00,3,0,1
12371,1797,112,2026-05-28 00:17:00,57,0,0
12372,591,430,2026-08-10 00:36:00,17,0,1
12373,669,148,2026-07-27 00:48:00,13,0,0
12374,1491,389,2026-04-01 00:37:00,12,0,0
12375,336,214,2026-02-25 00:25:00,16,0,1
12376,636,86,2026-08-02 00:40:00,5,0,0
12377,758,219,2026-09-07 00:55:00,8,0,0
12378,297,159,2026-08-22 00:51:00,52,0,0
12379,545,22,2026-05-10 00:12:00,10,0,0
12380,1546,319,2026-05-05 00:00:00,27,0,1
12381,27,342,2025-10-25 00:33:00,49,0,0
12382,1009,301,2026-05-10 00:15:00,1,0,1
12383,1625,290,2025-12-11 00:52:00,2,0,1
12384,1116,325,2026-06-20 00:14:00,15,0,0
12385,384,446,2025-11-11 00:15:00,15,0,1
12386,750,446,2026-02-16 00:11:00,1,1,0
12387,65,41,2026-07-23 00:46:00,17,0,1
12388,1102,221,2026-08-06 00:54:00,24,0,0
12389,1035,500,2026-02-20 00:52:00,47,0,1
12390,1795,280,2026-08-19 00:07:00,31,0,0
12391,213,82,2026-07-29 00:23:00,3,0,0
12392,876,82,2026-07-21 00:09:00,2,0,0
12393,647,436,2026-06-30 00:48:00,33,0,1
12394,1397,427,2026-05-02 00:53:00,6,0,1
12395,1494,369,2026-07-04 00:13:00,2,0,0
12396,1655,312,2026-09-06 00:39:00,8,0,0
12397,133,352,2026-01-26 00:17:00,42,0,0
12398,937,208,2026-02-09 00:08:00,1,0,0
12399,192,170,2026-05-30 00:25:00,5,0,0
12400,575,43,2026-08-23 00:02:00,35,0,0
12401,103,167,2026-06-10 00:35:00,9,0,0
12402,265,199,2025-10-07 00:05:00,2,0,0
12403,1474,464,2026-07-01 00:33:00,29,1,0
12404,515,235,2026-05-12 00:33:00,1,1,0
12405,70,279,2026-05-29 00:37:00,27,0,0
12406,230,297,2026-03-12 00:46:00,33,0,1
12407,1205,230,2026-02-15 00:33:00,7,0,1
12408,1620,454,2026-09-03 00:57:00,1,0,0
12409,220,146,2026-04-18 00:41:00,37,0,0
12410,911,78,2026-09-06 00:57:00,3,0,1
12411,865,356,2026-07-06 00:46:00,38,0,1
12412,991,275,2026-03-17 00:17:00,123,0,0
12413,1196,274,2025-11-27 00:09:00,1,0,0
12414,1140,257,2026-04-05 00:36:00,3,0,0
12415,1659,256,2026-08-03 00:36:00,2,0,1
12416,681,213,2026-08-14 00:02:00,44,0,0
12417,1390,119,2025-12-31 00:05:00,58,0,1
12418,1046,260,2026-01-21 00:22:00,80,0,1
12419,1156,209,2026-08-16 00:40:00,14,1,1
12420,993,303,2026-08-23 00:18:00,35,0,1
12421,1232,104,2026-01-28 00:12:00,1,0,0
12422,1428,157,2026-05-27 00:03:00,5,0,1
12423,1506,153,2025-10-19 00:18:00,40,0,0
12424,58,190,2026-03-23 00:55:00,10,0,0
12425,740,465,2026-06-19 00:01:00,43,1,1
12426,810,447,2025-12-02 00:15:00,29,0,1
12427,1227,208,2026-08-20 00:07:00,30,0,1
12428,506,71,2026-08-26 00:26:00,48,0,1
12429,651,332,2026-09-07 00:42:00,4,0,1
12430,677,12,2026-04-29 00:52:00,9,0,0
12431,775,179,2026-08-15 00:48:00,50,0,0
12432,380,121,2026-07-20 00:15:00,4,0,1
12433,1142,397,2026-09-07 00:51:00,23,0,0
12434,1661,336,2025-12-25 00:15:00,13,0,1
12435,699,21,2026-06-23 00:36:00,10,0,1
12436,254,309,2026-02-21 00:36:00,26,0,0
12437,170,82,2026-06-06 00:23:00,23,1,0
12438,1059,240,2026-03-03 00:47:00,1,0,0
12439,1502,311,2026-09-03 00:08:00,46,0,1
12440,1266,200,2025-09-07 00:49:00,37,0,1
12441,444,102,2026-08-09 00:23:00,16,0,0
12442,530,337,2026-05-10 00:33:00,31,0,1
12443,131,431,2026-04-13 00:51:00,4,0,0
12444,630,38,2026-05-30 00:07:00,99,0,0
12445,586,184,2025-09-24 00:03:00,1,0,0
12446,1375,167,2025-10-31 00:26:00,36,0,1
12447,693,296,2026-09-04 00:41:00,13,0,0
12448,1434,342,2025-04-20 00:28:00,4,0,0
12449,634,139,2026-09-02 00:45:00,16,0,1
12450,1457,168,2026-01-30 00:14:00,4,0,0
12451,398,414,2025-12-23 00:32:00,38,0,1
12452,525,174,2026-07-11 00:55:00,6,0,0
12453,1776,63,2025-11-21 00:35:00,21,0,0
12454,1128,89,2025-09-28 00:21:00,15,1,0
12455,1296,247,2025-09-09 00:53:00,7,0,1
12456,1660,157,2026-04-15 00:11:00,1,0,0
12457,1185,304,2026-05-20 00:36:00,4,0,0
12458,64,499,2026-06-26 00:51:00,8,0,1
12459,666,438,2026-08-11 00:05:00,6,0,0
12460,1652,416,2026-08-16 00:49:00,16,0,0
12461,1763,245,2026-01-31 00:28:00,29,0,1
12462,1353,393,2025-08-23 00:59:00,5,0,1
12463,681,421,2026-09-07 00:47:00,2,0,1
12464,966,342,2026-08-02 00:21:00,1,0,0
12465,320,352,2025-09-08 00:58:00,17,0,0
12466,591,29,2026-07-13 00:57:00,4,0,0
12467,686,105,2026-07-14 00:53:00,34,0,1
12468,1224,86,2026-09-04 00:46:00,33,0,0
12469,277,407,2026-05-08 00:28:00,48,0,0
12470,1240,59,2026-05-31 00:02:00,15,0,1
12471,570,364,2026-03-19 00:10:00,1,0,0
12472,40,388,2026-04-27 00:53:00,11,0,0
12473,1626,343,2026-08-23 00:32:00,17,0,0
12474,41,315,2026-04-20 00:28:00,2,0,0
12475,1033,295,2026-02-23 00:56:00,21,1,1
12476,250,347,2025-11-26 00:15:00,7,0,1
12477,90,368,2026-05-22 00:06:00,11,0,0
12478,1129,107,2026-07-30 00:22:00,3,0,0
12479,1791,92,2025-09-17 00:11:00,3,0,1
12480,599,297,2026-07-26 00:55:00,17,0,1
12481,748,322,2026-04-07 00:30:00,59,0,0
12482,436,200,2026-09-07 00:14:00,4,0,0
12483,524,223,2026-08-29 00:31:00,35,0,0
12484,954,57,2026-04-08 00:25:00,9,0,1
12485,887,228,2025-10-01 00:48:00,13,0,0
12486,188,264,2026-08-27 00:08:00,15,0,0
12487,254,381,2026-08-24 00:19:00,9,0,1
12488,1716,41,2026-08-14 00:30:00,22,0,1
12489,360,98,2026-07-29 00:53:00,12,0,0
12490,1676,16,2026-08-08 00:12:00,7,0,0
12491,1050,488,2025-09-28 00:00:00,26,0,1
12492,1582,443,2026-04-13 00:27:00,4,0,1
12493,1682,487,2026-06-12 00:19:00,34,0,0
12494,1497,152,2025-09-13 00:01:00,42,0,1
12495,1349,490,2026-06-02 00:15:00,46,0,0
12496,60,17,2026-03-27 00:06:00,21,1,1
12497,1211,370,2026-04-17 00:52:00,1,0,1
12498,474,255,2026-08-14 00:42:00,1,0,1
12499,489,163,2026-07-19 00:45:00,7,0,0
12500,1119,466,2026-09-05 00:00:00,20,1,0
12501,329,18,2026-08-01 00:43:00,64,0,0
12502,509,494,2026-06-26 00:16:00,28,0,0
12503,652,13,2026-01-26 00:28:00,4,0,1
12504,1092,200,2026-08-21 00:51:00,12,0,0
12505,1116,399,2026-05-25 00:06:00,9,0,0
12506,302,492,2026-01-14 00:20:00,22,0,0
12507,664,37,2026-07-22 00:17:00,19,0,0
12508,697,458,2026-05-11 00:10:00,75,0,1
12509,1045,74,2026-03-06 00:57:00,23,0,0
12510,864,309,2026-06-30 00:04:00,6,0,1
12511,1483,164,2026-01-17 00:11:00,2,0,0
12512,267,193,2026-07-22 00:22:00,30,0,1
12513,1200,49,2026-03-02 00:23:00,11,0,1
12514,900,79,2026-05-14 00:37:00,101,0,0
12515,1300,426,2025-08-29 00:40:00,1,0,1
12516,600,213,2026-05-17 00:39:00,30,0,0
12517,1242,385,2026-07-04 00:36:00,3,0,0
12518,208,100,2025-09-07 00:27:00,21,0,0
12519,5,240,2025-12-04 00:53:00,1,0,1
12520,769,284,2026-02-18 00:33:00,64,0,0
12521,1376,345,2026-07-30 00:54:00,29,0,1
12522,881,74,2026-08-30 00:35:00,40,0,0
12523,312,415,2025-12-01 00:01:00,2,0,1
12524,1505,451,2025-10-26 00:31:00,11,0,1
12525,1074,376,2026-08-05 00:48:00,24,0,0
12526,496,52,2025-10-13 00:07:00,9,0,1
12527,1692,72,2026-08-10 00:30:00,4,0,1
12528,1752,489,2026-09-02 00:17:00,1,0,0
12529,76,260,2026-04-28 00:00:00,4,0,0
12530,354,258,2026-04-20 00:41:00,3,0,0
12531,674,189,2026-07-16 00:02:00,99,0,1
12532,1507,186,2026-07-18 00:25:00,5,1,0
12533,1691,454,2026-04-09 00:46:00,2,0,0
12534,399,243,2026-02-26 00:01:00,65,0,1
12535,1027,270,2026-04-15 00:28:00,13,0,0
12536,395,232,2026-07-24 00:34:00,67,0,0
12537,563,51,2026-07-30 00:49:00,14,0,1
12538,1034,298,2025-10-21 00:27:00,9,1,0
12539,99,173,2025-12-30 00:55:00,22,0,1
12540,1629,253,2026-08-01 00:01:00,16,0,0
12541,377,349,2026-05-01 00:29:00,18,0,0
12542,1380,44,2026-05-11 00:59:00,8,0,0
12543,536,404,2025-07-21 00:00:00,26,0,0
12544,1491,272,2026-07-12 00:01:00,56,0,1
12545,425,133,2025-11-21 00:25:00,13,0,1
12546,855,60,2026-07-20 00:38:00,26,0,1
12547,1032,317,2026-06-17 00:45:00,8,0,0
12548,785,114,2026-09-01 00:21:00,9,0,1
12549,1584,281,2025-07-06 00:06:00,11,0,0
12550,791,452,2026-09-04 00:24:00,44,0,0
12551,634,69,2026-08-16 00:01:00,33,0,1
12552,1201,24,2026-08-07 00:57:00,3,0,0
12553,640,189,2026-04-16 00:12:00,39,1,0
12554,599,111,2026-07-23 00:10:00,56,0,0
12555,988,138,2026-01-06 00:19:00,5,0,1
12556,1214,434,2026-05-03 00:30:00,10,0,1
12557,1122,71,2026-05-11 00:34:00,21,0,1
12558,1705,129,2026-04-10 00:24:00,25,0,0
12559,56,171,2026-02-18 00:45:00,54,1,1
12560,814,250,2025-12-01 00:37:00,133,0,0
12561,340,148,2026-06-07 00:04:00,53,0,1
12562,569,315,2025-07-20 00:47:00,41,0,1
12563,923,371,2026-07-26 00:30:00,23,0,1
12564,840,212,2026-08-17 00:10:00,10,0,1
12565,1492,23,2025-11-01 00:16:00,23,0,1
12566,1570,401,2026-06-16 00:19:00,34,0,0
12567,521,450,2026-05-31 00:52:00,5,0,1
12568,1134,430,2026-03-17 00:18:00,46,0,0
12569,1597,86,2026-08-22 00:12:00,1,0,1
12570,439,339,2026-01-09 00:27:00,5,0,1
12571,198,302,2026-09-03 00:56:00,32,0,0
12572,1421,484,2026-08-26 00:29:00,6,0,0
12573,1385,500,2026-07-15 00:14:00,2,0,0
12574,277,416,2026-08-12 00:44:00,27,0,1
12575,785,298,2026-09-01 00:47:00,1,0,0
12576,579,69,2026-08-22 00:41:00,2,0,0
12577,186,456,2026-07-29 00:56:00,76,0,0
12578,230,361,2026-04-09 00:40:00,39,0,1
12579,827,190,2026-08-22 00:13:00,32,0,0
12580,24,40,2026-06-30 00:13:00,27,0,0
12581,1081,288,2025-08-15 00:41:00,41,0,1
12582,389,469,2026-03-17 00:19:00,10,0,0
12583,1240,30,2025-04-20 00:04:00,7,0,0
12584,701,149,2025-10-04 00:04:00,14,0,1
12585,208,227,2025-10-22 00:09:00,8,0,0
12586,692,423,2025-12-15 00:50:00,4,0,0
12587,1280,148,2026-07-17 00:55:00,15,0,0
12588,561,6,2026-03-07 00:46:00,32,0,0
12589,1790,417,2026-08-29 00:44:00,23,0,1
12590,1005,398,2026-06-05 00:42:00,11,0,1
12591,1723,361,2026-07-11 00:01:00,6,0,1
12592,1720,199,2025-10-31 00:45:00,28,0,0
12593,760,188,2026-03-28 00:47:00,15,0,0
12594,1399,273,2026-08-15 00:35:00,8,0,0
12595,177,258,2026-08-28 00:35:00,37,0,0
12596,1588,476,2026-04-09 00:42:00,20,0,0
12597,565,343,2025-10-12 00:25:00,18,0,0
12598,496,9,2025-03-29 00:35:00,18,0,0
12599,873,52,2026-07-16 00:13:00,24,0,1
12600,681,128,2026-07-06 00:54:00,3,0,1
12601,1136,126,2026-07-20 00:22:00,23,0,0
12602,843,420,2026-07-22 00:24:00,28,0,1
12603,611,411,2026-09-03 00:41:00,40,0,1
12604,1541,395,2026-08-28 00:41:00,3,0,1
12605,1398,316,2026-04-27 00:01:00,11,0,0
12606,1771,463,2025-08-13 00:31:00,19,0,0
12607,1230,281,2025-12-14 00:09:00,4,0,1
12608,368,242,2026-04-10 00:14:00,4,0,0
12609,1326,227,2026-04-24 00:26:00,1,0,0
12610,1434,210,2025-05-24 00:39:00,82,0,0
12611,1375,54,2026-08-17 00:06:00,26,0,0
12612,93,493,2026-09-06 00:23:00,13,0,0
12613,1706,113,2026-06-09 00:17:00,63,0,0
12614,401,208,2026-08-31 00:17:00,38,0,0
12615,900,365,2026-07-13 00:30:00,9,0,0
12616,1681,466,2026-08-27 00:09:00,26,0,0
12617,1488,474,2026-08-03 00:36:00,23,1,0
12618,1109,115,2026-07-29 00:10:00,20,0,0
12619,529,93,2026-03-05 00:55:00,4,0,1
12620,174,442,2026-08-13 00:37:00,1,0,0
12621,522,120,2025-09-29 00:16:00,3,0,0
12622,1014,285,2026-07-09 00:31:00,12,0,0
12623,1730,428,2026-08-24 00:59:00,2,0,0
12624,427,229,2026-06-27 00:03:00,1,0,0
12625,1349,82,2026-06-12 00:40:00,5,0,1
12626,753,190,2025-08-03 00:07:00,2,0,0
12627,890,87,2026-04-06 00:16:00,13,0,0
12628,1113,367,2026-03-08 00:29:00,1,0,0
12629,1201,199,2026-08-07 00:32:00,16,0,0
12630,1084,381,2026-08-10 00:43:00,22,0,0
12631,1485,169,2026-07-30 00:47:00,1,0,1
12632,1766,471,2026-09-05 00:55:00,24,0,1
12633,442,160,2026-03-28 00:12:00,36,0,0
12634,1390,349,2025-12-08 00:58:00,42,0,0
12635,997,398,2025-11-05 00:06:00,16,0,0
12636,406,71,2026-05-30 00:44:00,37,0,0
12637,237,289,2026-08-18 00:43:00,15,0,0
12638,847,342,2026-04-18 00:53:00,49,0,1
12639,437,281,2026-09-05 00:11:00,36,0,0
12640,814,323,2025-09-03 00:16:00,8,0,1
12641,353,452,2026-04-21 00:56:00,24,0,0
12642,523,26,2026-06-26 00:31:00,41,0,1
12643,1156,82,2025-08-27 00:00:00,52,0,0
12644,1241,466,2026-07-16 00:02:00,9,0,0
12645,235,235,2026-08-19 00:47:00,14,0,0
12646,842,185,2026-05-14 00:32:00,7,0,0
12647,211,411,2026-08-30 00:51:00,20,0,0
12648,1360,195,2026-07-21 00:28:00,39,0,0
12649,1289,453,2026-05-07 00:45:00,2,0,1
12650,745,150,2025-10-19 00:35:00,29,0,1
12651,910,260,2026-02-13 00:51:00,44,0,1
12652,627,31,2026-05-09 00:03:00,36,0,1
12653,1093,223,2026-06-16 00:19:00,19,0,0
12654,757,18,2026-07-29 00:54:00,11,0,0
12655,993,175,2026-07-13 00:34:00,4,0,0
12656,30,436,2026-07-24 00:30:00,4,0,0
12657,309,307,2026-06-13 00:51:00,1,0,0
12658,1258,406,2025-10-07 00:01:00,2,0,0
12659,1712,410,2026-01-20 00:46:00,4,0,0
12660,68,455,2026-06-21 00:17:00,90,0,0
12661,1608,103,2026-06-23 00:49:00,1,1,1
12662,1061,410,2026-05-16 00:43:00,8,0,1
12663,649,56,2026-07-29 00:19:00,19,0,1
12664,1423,290,2025-09-28 00:48:00,8,0,1
12665,1046,54,2026-02-19 00:10:00,2,0,0
12666,1166,325,2026-09-07 00:34:00,1,1,0
12667,556,59,2026-05-10 00:08:00,75,0,1
12668,494,71,2026-06-16 00:04:00,54,0,1
12669,678,41,2026-09-04 00:08:00,26,1,1
12670,1184,293,2026-01-21 00:07:00,57,0,1
12671,1691,292,2026-05-24 00:49:00,14,0,1
12672,372,45,2026-08-15 00:50:00,35,0,1
12673,1197,104,2026-03-27 00:28:00,11,0,0
12674,739,79,2026-03-01 00:20:00,12,1,1
12675,932,18,2026-08-10 00:32:00,9,0,0
12676,1565,476,2026-07-29 00:31:00,4,0,0
12677,477,110,2026-06-28 00:43:00,16,0,0
12678,1243,253,2026-08-18 00:16:00,24,0,1
12679,1542,184,2025-12-22 00:11:00,24,0,1
12680,384,120,2026-08-18 00:34:00,74,0,0
12681,732,342,2026-02-28 00:16:00,23,0,0
12682,888,372,2026-08-23 00:38:00,10,0,1
12683,497,31,2026-08-23 00:26:00,90,0,0
12684,1539,183,2026-06-23 00:08:00,2,0,0
12685,571,278,2026-06-18 00:45:00,8,0,0
12686,414,299,2026-02-19 00:17:00,41,0,0
12687,1110,243,2026-08-06 00:34:00,14,0,1
12688,506,135,2026-07-29 00:07:00,30,0,0
12689,1663,19,2026-09-07 00:02:00,17,0,1
12690,350,454,2026-03-02 00:54:00,24,1,0
12691,907,188,2026-03-25 00:18:00,1,0,0
12692,370,449,2025-12-01 00:08:00,11,0,0
12693,407,67,2026-04-25 00:04:00,3,0,0
12694,1686,450,2026-06-04 00:40:00,10,0,0
12695,1430,346,2026-05-28 00:11:00,39,0,1
12696,888,320,2026-08-02 00:27:00,6,1,0
12697,1499,465,2026-06-08 00:31:00,4,0,0
12698,1012,401,2026-09-05 00:35:00,29,0,0
12699,174,468,2026-09-02 00:48:00,11,0,1
12700,1312,126,2026-08-07 00:21:00,9,0,0
12701,917,469,2026-08-14 00:21:00,1,0,1
12702,488,91,2026-08-02 00:33:00,8,1,0
12703,595,307,2025-11-25 00:21:00,17,0,1
12704,656,43,2026-07-19 00:42:00,25,0,1
12705,166,474,2026-07-11 00:37:00,22,0,0
12706,1306,425,2025-10-22 00:08:00,30,0,0
12707,1679,469,2025-08-31 00:20:00,24,1,1
12708,2,434,2025-11-29 00:42:00,7,0,1
12709,500,214,2026-08-29 00:29:00,5,0,0
12710,610,393,2026-06-20 00:47:00,11,0,0
12711,1711,401,2026-09-03 00:55:00,4,0,0
12712,487,438,2026-08-17 00:46:00,49,0,0
12713,444,321,2026-02-08 00:43:00,76,0,0
12714,568,259,2026-08-31 00:10:00,48,0,1
12715,1355,24,2026-08-24 00:17:00,1,0,0
12716,75,96,2026-07-25 00:07:00,28,0,0
12717,1010,143,2025-10-16 00:40:00,1,0,1
12718,1520,36,2026-02-28 00:42:00,14,0,1
12719,610,481,2026-06-02 00:50:00,38,1,1
12720,1613,364,2026-05-20 00:59:00,15,0,1
12721,372,449,2026-05-10 00:35:00,24,0,0
12722,1211,251,2025-12-16 00:10:00,17,0,0
12723,1742,93,2026-04-07 00:04:00,9,0,0
12724,553,348,2026-05-13 00:31:00,7,0,1
12725,1731,279,2026-09-04 00:15:00,36,0,0
12726,220,18,2026-09-03 00:46:00,24,0,0
12727,850,119,2026-02-28 00:42:00,10,0,1
12728,1750,170,2025-07-09 00:14:00,1,0,0
12729,802,208,2026-08-04 00:33:00,1,0,0
12730,558,230,2026-02-07 00:32:00,8,0,0
12731,554,47,2026-07-21 00:38:00,28,0,0
12732,1100,16,2026-05-20 00:20:00,30,0,0
12733,1604,206,2026-05-22 00:48:00,26,0,0
12734,530,343,2026-08-14 00:43:00,19,0,0
12735,837,273,2026-08-15 00:00:00,3,0,0
12736,1167,54,2026-06-10 00:24:00,2,0,1
12737,542,137,2025-09-03 00:51:00,45,0,1
12738,274,398,2026-07-23 00:53:00,8,0,1
12739,523,19,2026-08-02 00:33:00,13,0,0
12740,949,350,2026-01-28 00:29:00,8,0,0
12741,1205,231,2026-07-07 00:14:00,12,0,0
12742,1089,320,2026-07-23 00:26:00,18,0,1
12743,1219,240,2026-07-12 00:36:00,11,0,0
12744,503,197,2025-11-06 00:55:00,39,0,0
12745,1033,461,2026-06-11 00:11:00,20,0,0
12746,487,210,2026-08-25 00:02:00,37,0,0
12747,198,201,2026-07-09 00:15:00,8,0,1
12748,1236,125,2026-08-12 00:18:00,13,0,0
12749,821,5,2026-08-21 00:52:00,15,0,1
12750,644,312,2026-07-26 00:49:00,59,0,0
12751,722,96,2026-06-28 00:28:00,14,0,0
12752,1539,215,2026-01-18 00:20:00,6,0,1
12753,1016,153,2026-06-23 00:11:00,2,0,1
12754,1461,389,2026-08-29 00:52:00,32,0,0
12755,1414,243,2026-01-21 00:20:00,54,0,1
12756,1302,150,2026-08-27 00:04:00,31,0,1
12757,554,362,2026-05-12 00:02:00,46,0,0
12758,1437,443,2026-06-19 00:38:00,30,0,1
12759,906,389,2025-11-01 00:50:00,8,0,0
12760,1732,173,2026-07-23 00:56:00,2,0,0
12761,1674,46,2026-06-16 00:20:00,15,0,1
12762,1520,196,2025-10-15 00:35:00,27,0,1
12763,231,122,2025-11-11 00:51:00,31,0,1
12764,1706,220,2026-08-23 00:08:00,55,0,1
12765,1171,243,2025-11-25 00:23:00,1,0,1
12766,1066,246,2026-05-07 00:22:00,1,0,0
12767,806,373,2026-03-25 00:25:00,12,0,0
12768,1036,429,2026-07-06 00:52:00,17,0,0
12769,1798,470,2026-08-19 00:05:00,29,0,1
12770,1615,359,2026-04-30 00:09:00,13,0,0
12771,1404,206,2026-08-28 00:20:00,12,0,1
12772,1,398,2026-06-27 00:26:00,14,0,0
12773,562,200,2026-09-06 00:53:00,3,0,1
12774,74,292,2026-08-06 00:47:00,34,0,1
12775,425,321,2026-07-13 00:51:00,12,0,0
12776,285,348,2025-10-30 00:19:00,3,0,0
12777,1357,40,2026-04-18 00:42:00,12,1,1
12778,997,53,2026-03-08 00:05:00,15,0,0
12779,432,64,2025-09-18 00:56:00,41,0,0
12780,72,132,2025-06-18 00:45:00,34,0,1
12781,1155,116,2026-07-16 00:05:00,23,0,1
12782,1678,180,2025-06-08 00:01:00,4,0,0
12783,1428,114,2026-07-09 00:43:00,11,0,0
12784,1635,459,2026-08-24 00:33:00,27,0,1
12785,14,325,2025-12-20 00:43:00,10,0,0
12786,760,24,2026-09-01 00:04:00,7,0,0
12787,629,427,2026-01-22 00:11:00,42,0,0
12788,1050,260,2026-01-07 00:13:00,26,0,0
12789,1521,423,2026-06-06 00:01:00,23,0,1
12790,337,448,2026-06-06 00:25:00,25,0,1
12791,626,444,2026-06-06 00:38:00,4,0,0
12792,1703,399,2026-06-05 00:34:00,28,0,0
12793,1667,476,2026-07-07 00:30:00,12,0,1
12794,185,158,2026-05-28 00:31:00,61,0,0
12795,1182,111,2025-09-28 00:13:00,11,0,0
12796,1310,375,2026-03-01 00:22:00,14,1,0
12797,1043,402,2025-11-04 00:17:00,30,0,0
12798,979,434,2026-08-05 00:22:00,3,0,0
12799,1554,392,2026-07-02 00:30:00,38,0,0
12800,1307,117,2026-04-27 00:33:00,30,0,1
12801,574,4,2026-08-24 00:11:00,5,0,0
12802,1338,111,2026-08-30 00:51:00,26,0,0
12803,491,109,2026-07-21 00:45:00,4,0,0
12804,1512,131,2026-08-10 00:19:00,36,0,0
12805,1573,116,2025-08-18 00:05:00,9,0,1
12806,214,122,2026-08-29 00:42:00,11,0,0
12807,530,499,2026-06-01 00:19:00,96,0,1
12808,205,48,2026-03-04 00:29:00,37,0,0
12809,1649,462,2026-04-08 00:58:00,13,0,0
12810,735,385,2026-03-23 00:06:00,23,0,0
12811,426,227,2026-03-05 00:49:00,2,0,0
12812,501,380,2025-11-08 00:30:00,25,0,1
12813,694,370,2026-05-08 00:31:00,10,0,0
12814,1212,89,2026-07-11 00:44:00,10,0,1
12815,79,404,2026-04-21 00:45:00,60,0,0
12816,53,288,2026-03-11 00:38:00,28,0,0
12817,1339,471,2026-07-28 00:36:00,6,0,0
12818,1264,49,2026-03-28 00:58:00,55,0,0
12819,1441,204,2026-06-11 00:05:00,15,0,1
12820,1436,82,2026-05-09 00:05:00,7,0,0
12821,95,266,2026-05-05 00:47:00,48,1,0
12822,845,466,2026-07-30 00:21:00,5,0,0
12823,921,128,2026-07-29 00:22:00,13,0,1
12824,38,475,2026-07-22 00:34:00,9,0,0
12825,1636,164,2026-09-01 00:17:00,21,0,1
12826,1291,275,2026-04-07 00:21:00,5,1,0
12827,532,245,2026-06-14 00:50:00,53,0,1
12828,1191,7,2026-08-05 00:04:00,13,0,0
12829,868,358,2026-01-10 00:39:00,8,1,1
12830,789,405,2026-01-13 00:01:00,18,0,0
12831,609,211,2026-03-25 00:20:00,21,0,0
12832,1240,170,2025-11-01 00:25:00,32,0,0
12833,1301,218,2026-08-24 00:14:00,20,0,0
12834,736,278,2026-08-09 00:34:00,51,0,1
12835,556,195,2025-09-07 00:20:00,12,0,0
12836,130,259,2025-04-21 00:01:00,1,0,1
12837,673,354,2026-07-22 00:04:00,14,0,0
12838,234,152,2026-06-20 00:56:00,1,0,1
12839,1213,461,2026-03-20 00:32:00,21,0,0
12840,348,6,2026-09-02 00:09:00,6,0,0
12841,50,296,2026-04-14 00:51:00,16,0,1
12842,29,96,2026-07-03 00:43:00,80,0,0
12843,254,71,2026-02-10 00:05:00,18,0,1
12844,1683,182,2026-06-04 00:18:00,3,0,0
12845,814,111,2025-11-01 00:28:00,38,1,0
12846,1132,407,2026-04-28 00:31:00,4,0,0
12847,593,166,2026-03-04 00:58:00,20,0,0
12848,1318,77,2025-07-29 00:37:00,6,0,0
12849,762,14,2026-08-22 00:07:00,22,0,0
12850,1535,19,2026-08-22 00:00:00,4,0,0
12851,429,72,2025-06-18 00:49:00,6,0,1
12852,1312,120,2026-07-21 00:16:00,25,0,0
12853,1069,334,2026-08-22 00:19:00,19,0,0
12854,77,89,2026-01-24 00:23:00,68,0,0
12855,801,291,2026-08-12 00:03:00,7,0,0
12856,1263,228,2025-11-26 00:50:00,1,0,1
12857,829,418,2026-09-01 00:18:00,15,0,1
12858,811,176,2026-02-11 00:30:00,48,0,0
12859,21,229,2026-08-04 00:13:00,20,0,1
12860,766,246,2026-07-27 00:35:00,48,0,0
12861,304,245,2026-08-09 00:57:00,2,0,1
12862,1799,106,2026-08-24 00:38:00,17,0,1
12863,171,298,2026-09-03 00:08:00,97,1,1
12864,146,451,2026-07-28 00:08:00,119,0,1
12865,695,126,2026-06-30 00:29:00,2,0,0
12866,613,249,2026-02-09 00:13:00,23,0,1
12867,932,244,2026-08-25 00:03:00,41,0,0
12868,218,179,2026-01-08 00:18:00,8,0,1
12869,1213,254,2026-05-18 00:27:00,1,0,1
12870,1451,483,2026-01-24 00:50:00,16,0,0
12871,919,45,2026-08-16 00:43:00,5,0,0
12872,1485,470,2026-08-05 00:12:00,1,0,0
12873,1077,113,2026-05-20 00:35:00,12,0,0
12874,1681,443,2026-06-05 00:35:00,30,0,0
12875,211,41,2025-12-21 00:03:00,14,0,1
12876,209,112,2026-09-04 00:40:00,51,0,0
12877,243,48,2025-12-29 00:54:00,2,0,0
12878,1257,54,2026-04-02 00:05:00,9,0,0
12879,1067,102,2026-07-29 00:03:00,25,0,1
12880,1089,172,2026-08-09 00:07:00,4,0,0
12881,914,477,2026-07-21 00:08:00,12,1,0
12882,324,345,2026-04-17 00:00:00,10,0,0
12883,1317,130,2026-01-26 00:14:00,15,0,1
12884,872,301,2026-07-10 00:57:00,14,0,0
12885,658,33,2026-07-12 00:42:00,48,1,0
12886,1363,493,2026-08-29 00:44:00,25,0,1
12887,273,59,2025-11-07 00:18:00,8,0,0
12888,688,209,2026-01-24 00:45:00,34,0,1
12889,635,309,2026-08-10 00:33:00,10,1,0
12890,452,432,2025-10-02 00:48:00,25,0,0
12891,1376,2,2026-06-20 00:45:00,7,0,0
12892,1083,277,2026-05-22 00:19:00,8,0,0
12893,746,183,2026-08-01 00:34:00,6,0,1
12894,1218,109,2026-08-25 00:21:00,8,0,0
12895,253,84,2026-09-06 00:01:00,24,0,1
12896,510,476,2026-06-07 00:24:00,15,0,0
12897,598,68,2026-02-04 00:44:00,21,0,0
12898,1199,241,2026-01-17 00:06:00,19,1,0
12899,1565,109,2026-07-15 00:02:00,66,0,1
12900,10,48,2026-06-02 00:39:00,101,0,0
12901,31,389,2025-10-26 00:29:00,12,0,1
12902,848,372,2026-01-11 00:32:00,5,1,1
12903,1396,252,2026-09-03 00:57:00,2,1,1
12904,147,53,2025-11-24 00:49:00,8,0,0
12905,1065,494,2026-04-18 00:30:00,3,0,0
12906,1490,389,2025-08-27 00:55:00,1,0,0
12907,1730,10,2026-08-25 00:19:00,3,0,0
12908,707,454,2025-12-16 00:16:00,32,0,1
12909,539,304,2026-08-29 00:05:00,8,0,0
12910,1549,222,2026-07-09 00:28:00,7,0,0
12911,366,498,2026-06-01 00:09:00,5,0,0
12912,123,207,2025-11-04 00:03:00,27,0,1
12913,1300,134,2026-04-21 00:40:00,58,0,1
12914,1049,153,2026-07-19 00:14:00,8,0,1
12915,1781,234,2026-05-18 00:30:00,35,0,0
12916,1476,389,2026-04-10 00:24:00,9,0,0
12917,153,87,2026-09-03 00:39:00,32,0,0
12918,55,301,2026-08-15 00:30:00,25,0,0
12919,794,484,2026-07-28 00:30:00,21,1,1
12920,260,190,2026-06-12 00:58:00,7,0,0
12921,513,296,2026-01-17 00:47:00,15,0,0
12922,807,331,2026-07-08 00:01:00,10,0,0
12923,991,302,2025-09-15 00:35:00,30,0,1
12924,1198,192,2026-07-19 00:25:00,76,0,0
12925,223,144,2026-02-13 00:27:00,87,0,0
12926,964,422,2026-01-04 00:55:00,5,0,0
12927,496,361,2025-05-07 00:20:00,5,1,1
12928,1408,438,2025-08-19 00:53:00,10,0,0
12929,910,432,2026-04-17 00:09:00,13,0,1
12930,1330,81,2026-07-17 00:11:00,46,0,0
12931,243,323,2026-08-08 00:31:00,3,0,0
12932,1691,278,2026-05-20 00:07:00,2,0,0
12933,1328,500,2026-09-04 00:54:00,3,0,0
12934,1462,492,2026-02-03 00:31:00,1,0,0
12935,1098,446,2025-08-30 00:31:00,26,0,1
12936,1270,384,2026-07-02 00:27:00,3,0,0
12937,1137,361,2026-07-29 00:11:00,12,0,0
12938,72,67,2025-10-07 00:31:00,29,0,0
12939,1005,26,2026-02-19 00:18:00,5,0,1
12940,112,239,2026-06-05 00:51:00,1,0,0
12941,233,143,2025-08-23 00:15:00,15,0,1
12942,71,79,2025-11-30 00:52:00,10,0,0
12943,189,391,2026-01-31 00:02:00,24,0,0
12944,1622,77,2026-07-09 00:56:00,25,0,1
12945,514,15,2025-12-10 00:23:00,15,0,1
12946,21,258,2026-01-25 00:21:00,19,0,0
12947,1706,183,2026-05-28 00:50:00,37,0,0
12948,872,308,2026-02-18 00:40:00,4,1,0
12949,311,415,2025-11-16 00:51:00,12,1,0
12950,191,233,2026-04-15 00:45:00,1,0,1
12951,823,481,2026-07-10 00:34:00,3,0,0
12952,637,92,2026-07-01 00:22:00,12,0,0
12953,364,14,2025-08-10 00:27:00,3,0,1
12954,702,22,2026-05-16 00:02:00,7,0,1
12955,1711,98,2026-04-23 00:26:00,2,0,1
12956,1452,246,2026-06-18 00:07:00,38,0,0
12957,617,177,2026-04-17 00:47:00,67,0,0
12958,1219,157,2026-09-02 00:39:00,7,0,0
12959,563,227,2026-05-03 00:07:00,30,0,0
12960,234,195,2026-05-25 00:01:00,7,0,0
12961,805,498,2026-02-07 00:19:00,1,0,0
12962,291,416,2026-06-30 00:11:00,12,0,0
12963,1218,255,2026-08-14 00:05:00,8,1,1
12964,1680,244,2026-01-21 00:10:00,6,0,1
12965,1569,318,2025-11-20 00:47:00,3,0,0
12966,1721,210,2026-03-31 00:32:00,2,0,0
12967,1244,467,2026-05-18 00:47:00,9,1,0
12968,614,448,2026-09-05 00:22:00,47,0,0
12969,1266,346,2026-03-03 00:09:00,3,0,1
12970,1292,118,2026-04-12 00:18:00,6,0,1
12971,1588,420,2026-06-10 00:26:00,13,0,0
12972,468,89,2026-04-14 00:42:00,6,0,1
12973,638,39,2026-03-12 00:23:00,10,0,0
12974,1350,8,2026-06-21 00:00:00,12,0,0
12975,826,389,2026-04-18 00:14:00,77,0,1
12976,1170,397,2026-02-21 00:59:00,24,0,0
12977,629,70,2026-08-24 00:52:00,16,0,1
12978,337,449,2026-08-21 00:17:00,17,1,0
12979,490,429,2025-11-26 00:33:00,29,0,1
12980,369,179,2025-09-27 00:22:00,6,0,0
12981,841,78,2026-09-04 00:12:00,7,0,0
12982,1650,281,2025-08-21 00:58:00,33,0,0
12983,1672,446,2026-08-26 00:12:00,7,0,1
12984,635,23,2026-05-22 00:30:00,43,0,1
12985,1749,485,2026-07-07 00:53:00,43,0,0
12986,583,23,2026-09-03 00:19:00,11,0,0
12987,1637,281,2026-09-06 00:18:00,44,0,0
12988,1670,302,2026-04-04 00:47:00,39,0,0
12989,1276,14,2026-08-09 00:34:00,11,0,1
12990,55,406,2026-05-07 00:29:00,20,0,1
12991,190,459,2025-09-29 00:31:00,82,0,0
12992,381,261,2026-06-09 00:48:00,22,0,0
12993,1788,468,2026-07-08 00:11:00,62,0,0
12994,1066,489,2026-06-15 00:32:00,20,0,0
12995,1786,230,2026-07-15 00:07:00,7,0,0
12996,1720,152,2026-04-06 00:11:00,6,0,1
12997,613,368,2025-06-21 00:00:00,9,0,0
12998,676,317,2025-07-31 00:15:00,4,0,1
12999,1541,485,2026-06-24 00:13:00,5,1,1
13000,1758,254,2026-08-15 00:46:00,50,0,0
13001,1587,351,2026-06-12 00:02:00,8,0,0
13002,1106,182,2026-06-05 00:54:00,29,0,1
13003,179,348,2026-08-09 00:10:00,12,0,1
13004,48,131,2026-06-11 00:53:00,13,0,0
13005,1753,44,2026-05-13 00:38:00,5,0,0
13006,185,65,2026-07-27 00:09:00,14,0,1
13007,393,103,2026-08-29 00:11:00,8,0,0
13008,1255,314,2026-07-05 00:12:00,29,0,0
13009,1279,228,2026-04-08 00:54:00,2,0,1
13010,89,136,2026-08-26 00:57:00,20,0,1
13011,362,217,2026-08-12 00:42:00,40,0,1
13012,845,301,2026-07-24 00:44:00,11,0,0
13013,101,258,2026-06-01 00:28:00,12,0,0
13014,724,55,2025-12-07 00:35:00,33,0,0
13015,1541,245,2026-07-04 00:23:00,1,0,1
13016,1216,484,2026-04-07 00:14:00,7,0,0
13017,1383,244,2026-06-16 00:18:00,46,0,0
13018,1257,447,2026-07-21 00:59:00,9,0,1
13019,1037,120,2026-04-07 00:54:00,45,0,0
13020,1736,316,2025-10-31 00:39:00,18,0,0
13021,869,335,2026-04-12 00:53:00,58,0,0
13022,1120,157,2026-06-26 00:31:00,7,0,1
13023,195,73,2026-02-01 00:27:00,4,0,0
13024,1388,263,2026-08-26 00:12:00,18,0,0
13025,670,157,2026-05-02 00:38:00,16,0,0
13026,502,14,2026-08-17 00:38:00,43,0,0
13027,184,341,2026-07-02 00:17:00,6,1,0
13028,1619,38,2026-08-13 00:34:00,1,0,1
13029,473,376,2026-05-22 00:42:00,3,1,1
13030,147,119,2025-11-15 00:22:00,5,0,0
13031,883,141,2026-02-12 00:10:00,16,0,1
13032,1629,16,2026-05-21 00:22:00,1,0,0
13033,1227,378,2026-07-07 00:44:00,11,0,0
13034,1647,214,2026-06-25 00:16:00,2,0,0
13035,59,16,2026-06-17 00:12:00,72,1,0
13036,458,425,2026-07-10 00:35:00,38,0,0
13037,1664,146,2026-05-25 00:19:00,12,0,0
13038,1527,167,2026-01-26 00:45:00,20,0,0
13039,1697,207,2026-06-19 00:17:00,19,0,1
13040,903,476,2026-07-03 00:02:00,20,0,0
13041,462,203,2026-01-19 00:59:00,13,0,0
13042,1217,72,2025-08-09 00:09:00,15,0,1
13043,1102,481,2026-04-26 00:11:00,18,0,0
13044,843,231,2026-03-28 00:57:00,16,0,0
13045,783,146,2026-08-03 00:51:00,12,1,0
13046,539,376,2026-03-12 00:38:00,38,0,0
13047,1378,425,2025-09-13 00:49:00,8,0,0
13048,1787,298,2026-09-05 00:55:00,10,0,0
13049,1311,218,2025-11-15 00:29:00,12,0,0
13050,436,337,2026-07-05 00:26:00,70,0,0
13051,757,15,2026-09-02 00:16:00,36,0,0
13052,875,350,2026-04-23 00:37:00,15,0,1
13053,479,6,2026-05-26 00:07:00,28,0,0
13054,1623,183,2026-08-25 00:34:00,17,0,1
13055,1348,380,2026-08-28 00:46:00,5,0,0
13056,1063,248,2026-07-05 00:31:00,11,0,0
13057,1309,198,2026-08-21 00:07:00,2,0,0
13058,668,245,2026-08-31 00:53:00,39,0,0
13059,1721,419,2026-07-15 00:43:00,10,0,1
13060,1588,302,2026-05-12 00:36:00,22,0,0
13061,739,234,2026-01-26 00:53:00,36,0,0
13062,590,91,2026-08-09 00:56:00,45,0,0
13063,943,318,2025-07-28 00:11:00,24,0,0
13064,995,246,2026-07-19 00:30:00,29,0,1
13065,468,445,2026-02-02 00:03:00,26,0,0
13066,1393,144,2025-10-25 00:00:00,2,0,0
13067,213,91,2026-06-16 00:53:00,5,0,1
13068,815,456,2026-09-01 00:01:00,10,0,0
13069,642,39,2025-11-19 00:00:00,33,0,1
13070,1779,264,2026-05-29 00:21:00,23,0,0
13071,352,330,2026-01-26 00:37:00,27,0,0
13072,896,111,2026-08-16 00:07:00,33,0,0
13073,1764,223,2025-10-24 00:11:00,73,0,0
13074,1117,179,2025-09-17 00:14:00,22,0,0
13075,384,27,2026-05-06 00:53:00,23,0,0
13076,681,160,2026-05-29 00:11:00,16,0,1
13077,115,191,2025-04-20 00:48:00,19,0,0
13078,1683,201,2026-07-10 00:23:00,26,0,1
13079,1002,214,2026-08-14 00:52:00,1,0,1
13080,1532,485,2026-08-04 00:48:00,35,0,1
13081,221,317,2025-05-14 00:41:00,14,0,0
13082,390,215,2026-05-03 00:24:00,7,0,0
13083,1565,331,2026-07-17 00:24:00,3,0,1
13084,1687,377,2026-08-06 00:37:00,10,0,0
13085,401,213,2026-07-30 00:14:00,110,0,0
13086,1720,143,2025-09-13 00:35:00,2,0,1
13087,1288,413,2025-11-28 00:56:00,50,0,0
13088,455,480,2026-08-25 00:07:00,16,1,0
13089,1378,300,2026-05-02 00:41:00,39,0,1
13090,1635,422,2026-07-26 00:30:00,13,0,0
13091,1285,301,2026-08-16 00:25:00,10,0,1
13092,1722,372,2026-06-28 00:38:00,9,0,1
13093,1248,334,2025-12-14 00:18:00,12,0,0
13094,564,66,2026-01-05 00:28:00,18,0,0
13095,476,110,2026-02-01 00:13:00,18,0,0
13096,1121,441,2026-05-30 00:18:00,3,0,0
13097,282,192,2025-08-22 00:35:00,76,0,0
13098,1484,421,2026-08-17 00:12:00,92,0,0
13099,1614,223,2026-03-24 00:44:00,32,0,1
13100,1661,6,2026-08-31 00:49:00,28,1,1
13101,748,483,2026-02-24 00:57:00,4,0,0
13102,924,372,2026-06-11 00:48:00,2,0,0
13103,1160,335,2026-04-20 00:19:00,28,0,1
13104,1064,374,2025-05-04 00:17:00,22,0,0
13105,953,70,2026-04-02 00:42:00,20,0,0
13106,323,81,2025-08-30 00:51:00,30,0,1
13107,1193,131,2026-03-14 00:53:00,14,0,0
13108,1785,290,2026-08-30 00:56:00,34,0,0
13109,1328,105,2026-08-20 00:50:00,1,1,0
13110,1409,146,2026-08-29 00:59:00,12,0,0
13111,609,347,2026-06-19 00:50:00,5,1,0
13112,552,285,2026-07-27 00:05:00,51,0,0
13113,839,269,2026-06-12 00:43:00,32,0,0
13114,88,297,2026-08-18 00:32:00,11,0,0
13115,760,281,2026-05-12 00:51:00,10,0,1
13116,795,449,2025-06-20 00:10:00,20,0,1
13117,1548,179,2026-05-26 00:09:00,6,0,1
13118,614,100,2026-09-01 00:47:00,28,0,0
13119,1086,286,2026-06-05 00:20:00,24,0,0
13120,1675,301,2025-11-05 00:02:00,3,1,1
13121,612,341,2026-03-14 00:41:00,39,0,0
13122,1450,492,2025-11-12 00:36:00,13,0,0
13123,1614,437,2025-08-14 00:18:00,15,0,0
13124,1358,75,2026-04-09 00:19:00,1,0,0
13125,573,186,2026-05-14 00:17:00,1,0,0
13126,1206,116,2026-06-16 00:31:00,2,0,1
13127,407,4,2026-01-12 00:43:00,4,0,0
13128,1321,408,2026-07-26 00:51:00,21,0,1
13129,771,225,2026-06-09 00:14:00,10,0,0
13130,1538,356,2026-08-31 00:50:00,5,0,0
13131,766,22,2026-06-09 00:58:00,9,0,1
13132,878,436,2026-05-16 00:13:00,12,0,0
13133,1104,118,2026-08-25 00:04:00,18,0,1
13134,1117,114,2026-08-31 00:27:00,46,0,1
13135,1323,322,2026-09-04 00:24:00,36,0,0
13136,67,491,2025-12-27 00:10:00,10,0,0
13137,173,148,2026-02-27 00:09:00,8,0,1
13138,1243,453,2026-08-17 00:27:00,3,0,1
13139,1000,349,2026-07-18 00:45:00,4,0,0
13140,887,428,2026-01-31 00:35:00,10,0,0
13141,1065,89,2025-10-15 00:55:00,11,0,1
13142,335,445,2025-06-08 00:09:00,17,1,0
13143,323,118,2025-12-19 00:07:00,13,0,1
13144,810,278,2026-09-03 00:05:00,5,0,0
13145,179,378,2026-07-17 00:49:00,3,0,0
13146,425,325,2026-03-20 00:14:00,60,0,0
13147,1444,236,2026-08-04 00:55:00,15,0,0
13148,1398,237,2026-05-25 00:48:00,49,0,0
13149,1776,198,2026-03-21 00:31:00,18,0,1
13150,1471,222,2026-07-19 00:31:00,4,0,1
13151,1189,426,2026-09-02 00:41:00,8,0,0
13152,313,69,2026-06-20 00:59:00,32,1,1
13153,1080,262,2025-11-20 00:01:00,14,0,0
13154,652,170,2026-08-05 00:36:00,5,0,0
13155,1365,138,2025-12-29 00:50:00,12,0,1
13156,971,42,2026-08-01 00:10:00,35,0,1
13157,1407,499,2026-04-17 00:21:00,9,0,1
13158,1552,81,2026-07-08 00:13:00,2,0,1
13159,633,214,2026-09-03 00:41:00,12,0,0
13160,1493,317,2026-04-19 00:13:00,10,0,0
13161,1425,299,2025-11-17 00:50:00,1,0,1
13162,1014,127,2026-08-31 00:35:00,25,0,0
13163,183,500,2025-10-18 00:53:00,2,0,0
13164,1198,44,2026-08-01 00:58:00,4,0,0
13165,712,183,2026-06-16 00:33:00,40,0,1
13166,1404,385,2026-03-01 00:33:00,11,0,0
13167,100,30,2026-06-29 00:16:00,11,0,0
13168,269,204,2026-02-13 00:44:00,13,0,0
13169,1078,222,2026-07-07 00:51:00,1,0,1
13170,679,121,2026-01-15 00:59:00,11,0,0
13171,465,2,2026-09-07 00:16:00,5,0,0
13172,662,183,2026-09-07 00:27:00,5,0,0
13173,606,265,2026-08-01 00:05:00,39,0,1
13174,1095,15,2026-05-16 00:07:00,1,0,0
13175,720,480,2026-07-30 00:47:00,29,0,0
13176,1798,325,2026-09-07 00:39:00,30,0,0
13177,731,48,2025-07-20 00:32:00,36,0,0
13178,952,258,2025-09-13 00:42:00,29,0,1
13179,891,83,2026-07-24 00:44:00,10,0,1
13180,462,384,2026-02-19 00:57:00,1,0,1
13181,900,452,2026-05-28 00:06:00,44,0,0
13182,1706,124,2026-07-09 00:07:00,1,0,1
13183,1025,223,2026-07-13 00:13:00,1,0,1
13184,745,29,2026-02-09 00:29:00,5,0,1
13185,1474,486,2026-06-02 00:39:00,11,0,0
13186,840,453,2026-08-25 00:19:00,63,0,1
13187,597,49,2026-07-05 00:40:00,1,0,0
13188,547,189,2026-04-05 00:09:00,17,0,1
13189,806,169,2026-09-04 00:58:00,1,0,1
13190,476,216,2026-03-02 00:40:00,8,0,1
13191,1295,117,2025-12-15 00:16:00,19,0,0
13192,973,330,2026-07-08 00:49:00,31,0,1
13193,540,83,2025-12-04 00:29:00,52,0,0
13194,64,18,2026-06-23 00:20:00,15,0,0
13195,826,289,2026-02-23 00:50:00,1,0,0
13196,721,499,2026-07-31 00:31:00,1,0,0
13197,591,295,2026-08-19 00:22:00,8,0,0
13198,327,422,2025-07-22 00:29:00,1,0,0
13199,1018,108,2026-08-02 00:48:00,9,0,0
13200,1780,85,2026-08-22 00:31:00,24,0,0
13201,64,432,2026-03-17 00:28:00,11,0,1
13202,714,208,2026-08-07 00:04:00,1,0,0
13203,822,357,2026-01-21 00:27:00,1,0,1
13204,1603,376,2026-08-21 00:26:00,42,0,1
13205,501,119,2026-04-15 00:06:00,106,0,0
13206,1296,275,2025-10-12 00:00:00,34,0,0
13207,447,289,2026-08-22 00:52:00,13,0,0
13208,1109,191,2026-08-12 00:18:00,14,0,0
13209,996,44,2026-08-19 00:35:00,85,0,1
13210,890,51,2026-07-15 00:30:00,10,1,0
13211,1789,208,2025-09-21 00:17:00,8,1,0
13212,1353,409,2026-08-03 00:43:00,9,0,1
13213,229,34,2026-06-02 00:10:00,8,0,0
13214,64,27,2026-03-23 00:11:00,3,0,0
13215,1554,125,2026-06-08 00:33:00,13,0,0
13216,110,255,2026-05-23 00:57:00,58,0,0
13217,247,23,2026-07-14 00:31:00,32,0,1
13218,506,460,2026-08-24 00:41:00,6,0,1
13219,1018,333,2026-08-31 00:32:00,7,0,1
13220,19,188,2025-11-28 00:23:00,3,0,0
13221,503,369,2026-04-26 00:29:00,6,0,1
13222,1706,20,2026-07-08 00:58:00,10,1,0
13223,783,300,2026-01-02 00:47:00,17,1,1
13224,259,370,2026-07-31 00:29:00,9,0,0
13225,859,193,2025-05-14 00:46:00,2,0,0
13226,213,450,2026-05-23 00:18:00,30,0,1
13227,309,91,2026-07-19 00:13:00,6,0,1
13228,570,35,2026-01-05 00:37:00,39,1,1
13229,911,198,2026-08-29 00:34:00,20,0,1
13230,186,303,2026-06-07 00:11:00,14,0,0
13231,878,215,2026-05-24 00:09:00,34,0,0
13232,627,162,2026-06-02 00:27:00,14,0,0
13233,44,420,2026-06-09 00:26:00,16,0,0
13234,1189,362,2026-05-25 00:40:00,23,0,0
13235,774,322,2026-08-30 00:18:00,43,0,0
13236,497,355,2026-05-04 00:20:00,18,0,0
13237,687,269,2026-04-16 00:01:00,41,0,0
13238,406,14,2026-01-28 00:32:00,41,0,0
13239,1213,361,2026-08-21 00:06:00,14,0,1
13240,385,259,2026-07-16 00:10:00,4,0,0
13241,676,334,2026-07-04 00:36:00,7,0,0
13242,1652,61,2026-08-24 00:10:00,32,0,1
13243,1165,261,2026-05-19 00:43:00,34,0,1
13244,1333,268,2026-05-30 00:18:00,6,0,0
13245,256,12,2026-07-11 00:55:00,66,0,0
13246,294,43,2026-08-26 00:15:00,10,0,0
13247,1352,257,2026-09-07 00:58:00,89,0,1
13248,1442,228,2026-09-05 00:24:00,9,0,0
13249,848,481,2026-02-16 00:18:00,38,0,1
13250,1121,385,2026-05-26 00:14:00,5,0,1
13251,1033,183,2026-05-17 00:57:00,19,0,0
13252,739,189,2026-06-13 00:36:00,37,0,1
13253,209,494,2025-09-12 00:06:00,12,0,0
13254,774,332,2026-08-29 00:43:00,11,0,0
13255,894,336,2025-07-31 00:24:00,15,0,1
13256,67,392,2026-05-14 00:09:00,12,1,0
13257,1450,14,2026-08-13 00:47:00,12,0,1
13258,970,172,2026-06-30 00:20:00,3,0,0
13259,849,49,2026-05-08 00:03:00,3,0,0
13260,197,393,2026-01-13 00:39:00,3,0,1
13261,213,163,2026-07-27 00:38:00,22,0,1
13262,1790,424,2026-08-29 00:23:00,18,0,1
13263,1766,324,2026-08-15 00:46:00,18,0,0
13264,1259,139,2025-08-04 00:16:00,3,0,0
13265,1788,196,2026-07-20 00:09:00,15,0,1
13266,774,426,2026-08-21 00:23:00,27,0,0
13267,1163,79,2026-05-22 00:44:00,15,0,0
13268,670,206,2026-02-09 00:08:00,1,1,0
13269,341,277,2025-09-05 00:36:00,10,0,0
13270,1001,140,2026-02-18 00:57:00,33,0,1
13271,1490,180,2026-07-18 00:13:00,3,0,0
13272,1341,229,2025-07-02 00:39:00,7,0,0
13273,1635,448,2026-04-29 00:45:00,16,0,0
13274,451,242,2026-06-30 00:19:00,6,0,0
13275,1223,193,2026-06-20 00:38:00,12,0,1
13276,526,263,2026-03-03 00:04:00,28,0,0
13277,1701,459,2026-05-09 00:29:00,14,0,1
13278,55,421,2026-05-12 00:51:00,46,0,0
13279,890,237,2026-07-30 00:58:00,29,0,1
13280,1082,272,2026-09-02 00:46:00,47,0,0
13281,1781,276,2026-01-31 00:24:00,17,0,1
13282,9,236,2026-08-09 00:34:00,3,0,0
13283,1374,333,2026-04-20 00:40:00,18,0,0
13284,91,340,2026-04-24 00:58:00,3,0,1
13285,776,490,2026-05-30 00:53:00,55,0,0
13286,147,188,2025-11-26 00:10:00,98,0,1
13287,299,161,2026-04-03 00:41:00,6,0,0
13288,1022,226,2026-08-21 00:36:00,7,0,0
13289,387,214,2026-07-25 00:21:00,9,0,0
13290,1686,261,2026-08-03 00:13:00,1,0,0
13291,1016,220,2026-06-10 00:58:00,5,0,1
13292,1118,292,2026-03-03 00:46:00,6,0,0
13293,1617,138,2026-04-12 00:10:00,70,0,0
13294,697,121,2026-05-29 00:11:00,22,0,1
13295,780,183,2026-04-08 00:10:00,69,0,1
13296,206,473,2026-08-29 00:42:00,2,0,0
13297,1036,390,2026-09-07 00:30:00,9,0,1
13298,1702,292,2025-09-23 00:49:00,14,0,0
13299,220,184,2026-08-07 00:17:00,7,0,0
13300,1318,72,2025-09-20 00:12:00,28,0,0
13301,1162,5,2026-09-04 00:19:00,16,0,0
13302,1662,291,2026-09-04 00:39:00,21,0,0
13303,1426,188,2026-07-30 00:29:00,1,0,1
13304,1023,495,2026-03-09 00:20:00,18,0,0
13305,108,87,2026-05-04 00:38:00,1,0,1
13306,421,245,2026-08-04 00:35:00,41,0,1
13307,886,147,2026-07-21 00:15:00,65,0,0
13308,1049,184,2026-07-31 00:51:00,4,0,0
13309,612,487,2026-08-28 00:49:00,44,0,0
13310,21,246,2026-08-03 00:11:00,10,0,0
13311,1053,128,2026-02-03 00:47:00,25,0,1
13312,1429,120,2026-06-18 00:24:00,22,0,0
13313,1651,200,2026-09-01 00:40:00,4,0,0
13314,425,103,2026-05-22 00:37:00,16,0,0
13315,1125,113,2026-06-04 00:08:00,6,0,1
13316,1310,72,2026-02-14 00:36:00,7,0,0
13317,568,442,2026-08-08 00:38:00,6,0,0
13318,898,393,2026-03-02 00:41:00,60,1,1
13319,1402,162,2025-10-19 00:31:00,35,0,0
13320,37,30,2026-03-10 00:23:00,11,0,0
13321,224,237,2026-08-13 00:19:00,15,0,1
13322,1525,88,2026-05-03 00:28:00,25,0,0
13323,975,91,2026-08-01 00:43:00,10,1,1
13324,640,280,2026-05-15 00:14:00,13,0,1
13325,495,270,2026-08-23 00:49:00,10,0,0
13326,697,233,2026-05-18 00:21:00,1,0,0
13327,97,131,2025-09-20 00:50:00,43,0,0
13328,197,231,2025-10-22 00:21:00,2,0,0
13329,453,336,2026-07-25 00:00:00,10,0,0
13330,1348,388,2026-05-09 00:42:00,13,0,0
13331,360,315,2026-06-06 00:12:00,14,0,1
13332,1576,382,2026-03-27 00:54:00,7,0,1
13333,1522,166,2026-06-06 00:06:00,29,0,0
13334,1539,171,2026-02-20 00:31:00,12,0,0
13335,1028,82,2025-11-25 00:33:00,9,0,0
13336,968,269,2026-04-04 00:48:00,2,0,1
13337,431,150,2026-08-08 00:10:00,15,0,0
13338,1031,5,2025-10-20 00:12:00,26,0,1
13339,1065,497,2026-08-28 00:09:00,23,0,0
13340,72,190,2026-01-17 00:57:00,7,0,0
13341,1739,321,2026-08-29 00:02:00,13,0,1
13342,1166,280,2025-11-06 00:28:00,20,0,0
13343,744,89,2026-06-15 00:38:00,14,0,0
13344,1729,425,2025-10-31 00:23:00,19,0,0
13345,1406,342,2026-07-25 00:02:00,19,0,0
13346,920,443,2026-03-21 00:58:00,12,0,0
13347,1189,301,2026-06-06 00:10:00,1,1,0
13348,938,138,2026-05-21 00:16:00,20,0,1
13349,1617,189,2026-03-25 00:12:00,41,0,1
13350,1623,304,2026-05-04 00:19:00,21,0,0
13351,600,90,2026-08-23 00:31:00,33,0,0
13352,1245,333,2025-09-19 00:43:00,11,0,1
13353,1073,399,2026-07-26 00:05:00,3,0,0
13354,1476,443,2026-05-26 00:48:00,21,0,0
13355,1143,450,2026-08-03 00:45:00,10,0,1
13356,804,172,2026-07-19 00:49:00,19,0,1
13357,1641,293,2025-07-24 00:44:00,1,0,1
13358,402,104,2026-06-11 00:57:00,4,0,0
13359,1482,228,2026-08-24 00:31:00,10,0,0
13360,661,410,2026-08-07 00:22:00,20,0,0
13361,1241,366,2026-05-30 00:02:00,13,0,1
13362,280,118,2026-07-18 00:40:00,4,0,1
13363,633,66,2026-08-30 00:39:00,15,0,1
13364,163,319,2025-12-20 00:15:00,10,0,0
13365,1370,60,2025-09-09 00:57:00,2,0,1
13366,316,500,2026-05-20 00:38:00,57,0,0
13367,1269,286,2026-09-06 00:25:00,15,0,1
13368,309,271,2026-09-03 00:49:00,7,1,0
13369,67,88,2026-06-14 00:00:00,12,0,0
13370,1308,498,2026-07-24 00:03:00,16,0,1
13371,528,144,2026-03-20 00:17:00,1,0,1
13372,86,111,2026-06-14 00:16:00,7,0,1
13373,301,171,2026-08-03 00:01:00,32,0,0
13374,1276,350,2026-08-30 00:15:00,14,1,0
13375,155,261,2025-07-21 00:38:00,14,0,1
13376,1333,61,2025-06-13 00:00:00,10,0,0
13377,1347,225,2026-03-24 00:24:00,40,0,0
13378,153,490,2026-08-30 00:37:00,45,0,0
13379,1319,45,2026-07-08 00:50:00,4,1,0
13380,523,165,2026-04-27 00:47:00,120,0,0
13381,119,498,2026-08-28 00:47:00,1,0,0
13382,87,448,2026-04-08 00:44:00,5,0,0
13383,201,290,2026-08-08 00:00:00,70,0,1
13384,1333,28,2026-01-23 00:30:00,15,0,0
13385,1460,339,2026-06-14 00:05:00,1,0,0
13386,574,286,2026-03-03 00:20:00,4,0,0
13387,198,144,2026-07-04 00:37:00,7,0,0
13388,278,78,2026-06-29 00:10:00,1,1,0
13389,1386,173,2026-06-18 00:49:00,39,0,1
13390,1291,261,2026-06-21 00:39:00,13,0,0
13391,1010,222,2026-08-16 00:10:00,71,0,1
13392,740,114,2026-08-19 00:47:00,8,0,0
13393,1018,111,2026-09-06 00:46:00,1,0,0
13394,668,355,2025-11-01 00:27:00,27,0,0
13395,764,188,2026-08-23 00:24:00,1,0,1
13396,682,23,2026-08-31 00:30:00,38,0,0
13397,921,17,2026-07-24 00:53:00,12,0,0
13398,594,442,2026-09-05 00:48:00,31,0,0
13399,311,240,2026-01-12 00:59:00,6,0,1
13400,288,370,2026-06-12 00:46:00,9,0,1
13401,1476,496,2026-05-25 00:19:00,13,1,0
13402,109,459,2026-03-02 00:33:00,7,1,0
13403,1706,249,2026-08-06 00:13:00,48,0,1
13404,1356,290,2026-04-07 00:14:00,1,0,0
13405,1771,231,2026-03-06 00:00:00,8,0,0
13406,65,161,2026-07-24 00:51:00,23,1,1
13407,622,292,2026-08-03 00:09:00,10,0,1
13408,268,145,2026-01-17 00:19:00,5,0,0
13409,1134,265,2026-08-16 00:56:00,8,0,1
13410,82,148,2026-07-21 00:04:00,21,0,1
13411,1135,333,2026-04-18 00:59:00,17,0,0
13412,1491,118,2026-07-09 00:55:00,22,0,0
13413,1137,295,2026-06-24 00:17:00,7,0,0
13414,979,318,2026-05-03 00:42:00,1,0,0
13415,1,138,2026-01-02 00:45:00,1,0,0
13416,1700,45,2025-10-20 00:30:00,8,0,0
13417,1110,70,2026-07-22 00:33:00,45,0,0
13418,433,440,2026-07-15 00:24:00,1,0,0
13419,1293,211,2026-08-22 00:59:00,28,0,0
13420,1090,459,2026-08-04 00:16:00,17,0,0
13421,1750,140,2025-11-12 00:30:00,74,1,1
13422,257,33,2026-06-21 00:11:00,9,0,0
13423,595,46,2026-07-12 00:43:00,18,0,0
13424,629,409,2026-04-08 00:59:00,11,0,1
13425,1293,497,2026-08-02 00:47:00,51,0,0
13426,753,145,2026-06-29 00:31:00,65,0,0
13427,123,430,2026-07-12 00:16:00,1,1,0
13428,935,67,2026-05-11 00:39:00,57,0,1
13429,1228,94,2026-04-08 00:24:00,6,0,1
13430,50,463,2026-05-18 00:37:00,3,0,0
13431,226,169,2026-08-14 00:53:00,17,0,0
13432,516,390,2025-08-09 00:01:00,9,0,1
13433,1095,445,2026-03-04 00:34:00,5,0,1
13434,252,439,2026-05-28 00:53:00,8,0,1
13435,1625,361,2026-08-22 00:03:00,25,0,0
13436,1234,166,2026-08-08 00:31:00,1,0,1
13437,284,312,2026-01-04 00:13:00,5,0,1
13438,635,443,2026-06-28 00:01:00,3,0,1
13439,1576,463,2026-07-10 00:26:00,7,0,0
13440,526,106,2026-05-07 00:47:00,53,0,0
13441,522,495,2025-09-27 00:11:00,2,0,1
13442,1304,266,2026-08-21 00:03:00,79,0,0
13443,315,141,2025-12-14 00:20:00,38,0,0
13444,267,59,2026-07-12 00:57:00,50,0,1
13445,1244,420,2026-06-17 00:19:00,1,0,0
13446,1215,385,2026-04-16 00:06:00,26,1,0
13447,858,8,2026-09-06 00:13:00,8,0,0
13448,294,357,2026-02-20 00:44:00,12,0,1
13449,493,477,2026-01-15 00:47:00,19,0,1
13450,1800,89,2026-08-19 00:32:00,4,0,0
13451,1060,169,2026-07-10 00:14:00,11,0,0
13452,25,3,2026-06-19 00:38:00,5,0,0
13453,1739,413,2026-08-20 00:28:00,14,0,0
13454,1776,453,2025-12-27 00:45:00,11,0,0
13455,1227,264,2026-05-26 00:22:00,5,0,0
13456,1307,491,2026-05-25 00:44:00,15,0,1
13457,666,26,2026-08-22 00:36:00,23,0,1
13458,1247,147,2025-07-28 00:30:00,30,0,0
13459,358,250,2025-11-18 00:25:00,40,0,1
13460,1468,67,2025-11-21 00:12:00,36,0,0
13461,1081,379,2026-05-03 00:12:00,6,0,0
13462,1159,79,2026-03-21 00:21:00,30,0,0
13463,1534,198,2026-05-04 00:05:00,3,0,0
13464,370,42,2026-01-07 00:21:00,22,0,0
13465,611,217,2026-03-16 00:00:00,1,0,0
13466,1541,317,2026-08-24 00:00:00,23,0,1
13467,1466,412,2026-08-29 00:09:00,25,0,0
13468,148,51,2026-04-04 00:16:00,1,0,1
13469,1161,122,2026-05-30 00:32:00,42,0,0
13470,1215,448,2026-08-14 00:58:00,1,0,1
13471,1477,259,2026-09-06 00:38:00,16,0,1
13472,373,481,2026-07-26 00:45:00,5,0,1
13473,27,288,2025-09-18 00:45:00,19,0,1
13474,1163,241,2026-03-24 00:21:00,22,0,0
13475,683,159,2025-11-18 00:21:00,3,0,0
13476,1358,317,2026-07-29 00:30:00,8,0,1
13477,1374,20,2026-03-20 00:30:00,41,0,1
13478,378,63,2025-10-28 00:13:00,61,0,1
13479,986,394,2026-08-03 00:40:00,22,0,0
13480,1071,370,2025-09-21 00:50:00,21,0,0
13481,63,425,2026-02-03 00:22:00,70,0,1
13482,522,183,2026-06-18 00:28:00,5,0,1
13483,398,325,2026-02-22 00:31:00,2,0,1
13484,103,391,2026-05-05 00:35:00,42,0,0
13485,1547,470,2025-07-24 00:37:00,1,0,0
13486,645,10,2025-09-25 00:13:00,99,0,0
13487,509,33,2026-03-07 00:06:00,98,0,1
13488,637,314,2026-07-29 00:46:00,69,0,1
13489,466,483,2026-08-22 00:42:00,8,0,1
13490,18,172,2026-08-27 00:20:00,15,0,0
13491,849,371,2026-05-14 00:11:00,28,0,0
13492,972,158,2026-01-31 00:37:00,50,0,0
13493,1637,79,2026-09-07 00:56:00,49,1,1
13494,774,432,2026-08-26 00:20:00,16,0,0
13495,1115,277,2026-06-04 00:26:00,20,0,1
13496,141,193,2026-05-17 00:52:00,27,0,0
13497,792,63,2026-07-19 00:02:00,16,0,0
13498,1783,196,2025-11-27 00:49:00,34,0,0
13499,639,375,2026-03-23 00:00:00,16,0,0
13500,1064,388,2025-11-28 00:40:00,3,0,0
13501,410,18,2026-09-05 00:32:00,32,0,1
13502,1382,372,2025-11-13 00:06:00,2,0,1
13503,1210,490,2026-08-27 00:56:00,5,0,0
13504,1305,336,2026-08-27 00:29:00,76,0,1
13505,1092,387,2026-08-24 00:23:00,41,0,0
13506,1676,80,2026-06-09 00:26:00,7,0,0
13507,1646,493,2026-08-28 00:14:00,47,0,0
13508,197,473,2026-08-03 00:56:00,11,0,0
13509,690,440,2025-11-13 00:58:00,22,0,0
13510,1259,228,2026-04-14 00:04:00,52,0,0
13511,1728,424,2025-09-29 00:21:00,30,1,0
13512,992,312,2026-01-26 00:22:00,45,0,1
13513,131,314,2025-07-22 00:26:00,22,0,1
13514,1264,313,2026-06-28 00:49:00,19,0,1
13515,387,32,2025-10-18 00:39:00,8,1,0
13516,1534,323,2026-03-18 00:31:00,5,0,1
13517,234,88,2026-03-04 00:38:00,49,0,0
13518,289,160,2026-02-04 00:21:00,10,0,0
13519,163,117,2025-10-23 00:31:00,8,0,0
13520,102,118,2026-07-26 00:33:00,20,1,0
13521,922,290,2025-10-13 00:12:00,9,0,0
13522,245,466,2026-02-24 00:21:00,59,0,0
13523,879,200,2026-08-11 00:59:00,3,0,0
13524,1409,349,2026-09-07 00:03:00,17,1,0
13525,1659,455,2026-05-25 00:39:00,2,0,0
13526,1367,24,2025-10-24 00:48:00,21,0,1
13527,506,346,2026-08-13 00:53:00,7,0,0
13528,718,211,2026-06-06 00:38:00,30,1,0
13529,1573,497,2026-05-22 00:10:00,12,0,0
13530,628,469,2026-07-10 00:34:00,26,0,0
13531,1125,179,2025-08-29 00:43:00,28,0,0
13532,1649,442,2026-03-01 00:43:00,1,0,0
13533,186,291,2026-08-22 00:39:00,35,0,1
13534,186,286,2026-08-16 00:40:00,23,0,0
13535,169,320,2026-04-16 00:54:00,8,0,1
13536,279,201,2025-10-26 00:32:00,29,0,0
13537,1452,331,2026-08-20 00:06:00,45,0,0
13538,1060,6,2025-08-04 00:25:00,36,0,1
13539,219,449,2026-02-26 00:48:00,28,0,0
13540,203,66,2026-07-16 00:22:00,14,0,1
13541,113,470,2026-08-04 00:11:00,87,0,1
13542,1385,143,2026-02-12 00:34:00,120,0,0
13543,1361,215,2026-05-07 00:06:00,16,0,1
13544,1233,405,2026-07-18 00:30:00,4,0,1
13545,1433,89,2025-11-05 00:20:00,31,0,0
13546,380,28,2025-07-21 00:45:00,2,0,0
13547,921,415,2025-11-30 00:09:00,26,0,0
13548,1447,301,2026-04-15 00:18:00,15,0,1
13549,1791,304,2025-10-02 00:24:00,15,0,1
13550,1010,442,2026-08-04 00:42:00,53,0,1
13551,73,478,2026-08-13 00:02:00,36,0,0
13552,311,424,2026-07-29 00:31:00,4,0,0
13553,696,61,2026-08-26 00:22:00,1,0,0
13554,312,307,2025-08-12 00:25:00,2,0,1
13555,1193,216,2026-02-20 00:30:00,2,0,1
13556,48,22,2026-07-02 00:57:00,6,0,1
13557,595,111,2026-04-19 00:05:00,1,0,0
13558,240,87,2026-09-03 00:52:00,28,1,0
13559,760,346,2026-06-02 00:21:00,9,0,1
13560,1339,292,2025-11-13 00:54:00,28,1,0
13561,1565,236,2026-04-21 00:14:00,1,1,0
13562,264,205,2026-08-30 00:09:00,21,0,0
13563,25,394,2026-05-02 00:31:00,56,0,0
13564,263,492,2026-07-27 00:44:00,51,0,0
13565,152,399,2026-07-29 00:49:00,17,0,0
13566,1280,152,2026-07-10 00:57:00,19,0,1
13567,206,194,2026-07-26 00:27:00,7,0,0
13568,202,283,2026-08-12 00:36:00,27,0,1
13569,655,224,2026-04-30 00:10:00,4,0,0
13570,1330,460,2026-08-25 00:56:00,17,0,0
13571,1428,229,2026-06-07 00:57:00,17,1,0
13572,973,469,2026-05-25 00:37:00,2,0,0
13573,1794,23,2026-01-07 00:11:00,38,0,0
13574,511,12,2026-09-03 00:23:00,31,0,0
13575,966,90,2026-05-21 00:04:00,15,0,0
13576,57,100,2026-04-09 00:29:00,37,1,0
13577,804,155,2026-05-14 00:50:00,51,0,1
13578,662,279,2025-12-27 00:25:00,2,0,0
13579,702,371,2026-05-12 00:12:00,11,0,0
13580,217,361,2026-05-16 00:11:00,19,0,0
13581,1152,273,2025-11-14 00:26:00,19,0,0
13582,494,225,2026-05-04 00:58:00,4,0,0
13583,1541,231,2026-07-31 00:05:00,21,0,1
13584,1013,480,2026-04-25 00:40:00,11,0,0
13585,723,345,2026-03-18 00:34:00,19,0,0
13586,393,17,2026-03-11 00:27:00,1,0,0
13587,1530,215,2026-07-18 00:30:00,1,0,0
13588,1647,277,2026-04-30 00:20:00,15,0,1
13589,114,339,2026-09-06 00:55:00,18,0,1
13590,75,306,2026-05-03 00:18:00,8,0,1
13591,877,463,2025-08-30 00:10:00,1,0,0
13592,143,31,2026-09-04 00:09:00,36,0,1
13593,1448,421,2025-11-19 00:10:00,16,0,1
13594,1193,191,2026-05-28 00:56:00,12,0,1
13595,255,202,2026-08-26 00:57:00,16,0,0
13596,962,210,2026-08-06 00:14:00,16,0,0
13597,1505,107,2026-06-22 00:34:00,32,0,1
13598,1230,351,2025-11-29 00:07:00,88,1,1
13599,511,464,2025-12-27 00:44:00,38,0,1
13600,742,454,2026-09-01 00:30:00,4,0,0
13601,980,475,2026-06-08 00:27:00,22,0,1
13602,1721,390,2026-08-28 00:31:00,5,0,1
13603,359,216,2026-03-04 00:02:00,14,0,0
13604,21,371,2026-03-01 00:48:00,16,0,0
13605,884,374,2026-05-26 00:12:00,31,0,0
13606,205,439,2026-03-05 00:16:00,3,0,0
13607,85,316,2026-07-31 00:11:00,4,0,0
13608,165,366,2026-04-16 00:26:00,2,0,1
13609,18,482,2026-08-22 00:54:00,20,0,0
13610,430,332,2026-04-27 00:48:00,23,0,0
13611,20,200,2026-07-16 00:18:00,11,0,0
13612,1720,91,2026-08-05 00:50:00,24,0,0
13613,990,137,2026-07-11 00:27:00,25,0,1
13614,1239,337,2026-07-07 00:29:00,24,0,0
13615,1237,387,2026-06-23 00:37:00,56,0,0
13616,1227,383,2026-05-04 00:57:00,4,0,0
13617,228,121,2026-05-16 00:45:00,1,0,1
13618,841,479,2026-08-18 00:10:00,27,0,1
13619,1669,74,2026-08-04 00:19:00,11,0,0
13620,984,257,2026-04-08 00:46:00,6,0,1
13621,481,202,2026-08-22 00:40:00,39,0,1
13622,374,8,2026-08-28 00:16:00,8,0,0
13623,1315,220,2025-09-11 00:06:00,31,0,0
13624,1321,234,2026-07-24 00:55:00,4,0,1
13625,995,469,2026-06-28 00:29:00,21,0,1
13626,1781,125,2026-02-11 00:19:00,3,0,0
13627,667,493,2026-08-19 00:26:00,11,0,1
13628,1222,279,2026-07-18 00:32:00,6,0,0
13629,733,264,2026-09-06 00:00:00,23,0,1
13630,1491,12,2026-06-26 00:47:00,4,1,1
13631,1363,157,2026-09-01 00:16:00,7,0,0
13632,461,418,2026-07-24 00:15:00,8,0,1
13633,463,49,2026-04-20 00:12:00,11,0,0
13634,28,298,2026-08-21 00:39:00,37,0,0
13635,589,364,2026-09-05 00:23:00,10,0,1
13636,70,240,2025-06-21 00:11:00,75,0,1
13637,1525,282,2026-05-27 00:06:00,4,0,1
13638,40,466,2026-06-19 00:55:00,20,0,1
13639,320,124,2025-11-30 00:07:00,19,0,0
13640,1592,152,2026-06-04 00:12:00,3,0,1
13641,1500,355,2026-07-16 00:58:00,72,1,0
13642,1148,146,2026-01-06 00:20:00,19,0,0
13643,905,284,2026-08-26 00:52:00,3,0,0
13644,824,187,2026-04-08 00:04:00,10,0,0
13645,795,144,2025-05-11 00:11:00,42,0,1
13646,1456,370,2026-07-06 00:48:00,73,0,0
13647,635,21,2026-04-08 00:24:00,2,0,0
13648,863,57,2025-07-30 00:00:00,10,0,1
13649,468,9,2026-07-07 00:33:00,24,0,1
13650,1031,126,2025-06-09 00:49:00,28,0,0
13651,599,19,2026-07-17 00:36:00,4,0,1
13652,1098,483,2026-09-05 00:22:00,18,1,1
13653,394,392,2026-07-01 00:32:00,13,1,1
13654,609,479,2026-04-16 00:41:00,19,0,0
13655,1082,293,2026-09-02 00:59:00,1,0,1
13656,1600,276,2026-06-18 00:34:00,16,0,1
13657,450,263,2025-07-28 00:08:00,45,0,0
13658,953,484,2025-06-15 00:36:00,4,0,0
13659,228,1,2026-05-17 00:45:00,23,0,1
13660,1270,430,2026-03-27 00:52:00,9,0,0
13661,1546,350,2026-05-30 00:18:00,3,0,0
13662,103,258,2026-07-09 00:57:00,1,0,1
13663,508,94,2026-07-21 00:20:00,1,0,0
13664,1273,360,2026-01-10 00:43:00,7,0,0
13665,651,292,2026-09-05 00:13:00,21,0,0
13666,733,377,2025-12-14 00:09:00,16,0,0
13667,1501,402,2026-01-19 00:09:00,8,0,0
13668,1416,6,2026-08-27 00:56:00,20,0,0
13669,118,83,2025-09-15 00:51:00,9,0,0
13670,914,415,2026-07-04 00:25:00,20,1,1
13671,1699,54,2026-07-11 00:18:00,3,0,0
13672,765,7,2026-07-13 00:29:00,7,0,0
13673,1409,362,2026-08-27 00:18:00,24,0,0
13674,1443,493,2025-08-09 00:33:00,10,0,1
13675,516,475,2025-11-13 00:27:00,30,0,0
13676,1117,472,2025-10-13 00:06:00,16,1,1
13677,1510,396,2026-04-18 00:34:00,17,0,0
13678,517,130,2026-07-04 00:18:00,1,0,0
13679,1592,246,2025-05-11 00:39:00,7,0,1
13680,356,405,2026-04-16 00:52:00,30,0,0
13681,741,66,2026-01-29 00:14:00,41,0,1
13682,678,396,2026-08-13 00:45:00,44,0,1
13683,1368,431,2026-04-17 00:10:00,6,0,0
13684,60,12,2026-08-15 00:27:00,16,0,1
13685,1547,46,2026-03-05 00:19:00,2,0,0
13686,1687,284,2026-07-26 00:38:00,52,0,0
13687,264,331,2026-06-30 00:52:00,1,0,1
13688,255,297,2026-02-11 00:33:00,36,0,0
13689,1763,416,2026-03-05 00:46:00,63,0,1
13690,1798,42,2026-08-26 00:40:00,58,0,0
13691,424,96,2026-06-05 00:14:00,6,0,1
13692,478,413,2025-11-10 00:50:00,4,0,0
13693,607,392,2026-09-03 00:33:00,13,0,1
13694,1108,79,2026-06-20 00:23:00,21,0,0
13695,975,117,2026-08-24 00:22:00,15,0,1
13696,201,127,2026-08-15 00:43:00,17,0,1
13697,564,453,2026-07-24 00:36:00,8,0,0
13698,891,391,2026-08-01 00:29:00,13,0,0
13699,542,419,2025-07-30 00:45:00,12,0,0
13700,822,388,2026-07-18 00:01:00,19,1,1
13701,918,434,2025-11-24 00:17:00,42,0,0
13702,1291,247,2026-06-21 00:31:00,29,0,0
13703,1015,201,2026-05-31 00:11:00,12,0,1
13704,1724,262,2026-07-06 00:01:00,29,1,0
13705,683,203,2026-06-25 00:22:00,12,0,1
13706,447,330,2026-08-04 00:58:00,1,0,1
13707,1184,201,2025-11-15 00:14:00,22,0,1
13708,1428,309,2026-06-10 00:43:00,23,1,0
13709,1621,487,2025-11-21 00:16:00,1,0,0
13710,1662,386,2026-03-28 00:55:00,16,0,1
13711,1684,460,2026-07-11 00:40:00,8,0,0
13712,1395,358,2026-07-16 00:39:00,32,0,1
13713,1209,7,2026-03-02 00:46:00,19,0,0
13714,1094,465,2025-11-03 00:16:00,5,0,1
13715,1143,135,2026-02-06 00:45:00,2,0,1
13716,1749,327,2026-03-12 00:18:00,3,0,1
13717,1325,479,2026-04-29 00:48:00,10,0,1
13718,1574,384,2026-03-08 00:15:00,14,0,0
13719,853,134,2026-04-02 00:11:00,35,0,0
13720,532,8,2026-06-03 00:53:00,1,0,0
13721,1373,141,2026-07-27 00:03:00,7,0,0
13722,1687,472,2026-07-31 00:09:00,3,0,0
13723,625,355,2025-10-04 00:18:00,38,0,0
13724,96,470,2026-04-29 00:51:00,1,0,1
13725,1543,83,2026-06-27 00:55:00,43,0,1
13726,1368,344,2025-09-21 00:42:00,37,0,0
13727,217,444,2026-08-17 00:32:00,4,0,0
13728,1064,360,2026-03-16 00:03:00,3,1,0
13729,758,216,2026-09-05 00:13:00,2,0,1
13730,1047,90,2025-11-04 00:00:00,15,0,0
13731,44,447,2025-12-18 00:29:00,7,0,0
13732,1721,248,2026-05-27 00:59:00,24,1,1
13733,1244,256,2026-04-19 00:54:00,13,0,0
13734,527,288,2026-06-27 00:41:00,4,0,0
13735,186,326,2026-08-18 00:16:00,18,0,1
13736,858,422,2026-08-29 00:44:00,22,0,0
13737,248,422,2026-07-26 00:51:00,15,0,1
13738,997,190,2025-07-23 00:40:00,12,0,1
13739,832,394,2026-08-02 00:43:00,4,0,0
13740,989,8,2026-08-24 00:39:00,1,0,0
13741,465,421,2026-09-05 00:00:00,24,0,1
13742,841,374,2026-08-21 00:17:00,19,0,0
13743,974,265,2026-06-11 00:59:00,4,0,1
13744,941,144,2026-09-01 00:31:00,13,0,0
13745,337,398,2026-07-21 00:37:00,17,0,0
13746,1236,166,2026-07-03 00:59:00,15,0,1
13747,173,14,2026-04-12 00:53:00,1,0,1
13748,58,459,2026-08-06 00:00:00,9,0,0
13749,797,228,2026-04-18 00:49:00,8,0,0
13750,1524,380,2026-04-12 00:22:00,11,0,0
13751,1388,43,2026-06-21 00:54:00,18,1,0
13752,927,372,2026-03-29 00:23:00,15,0,1
13753,35,73,2026-08-15 00:08:00,10,0,0
13754,819,196,2026-07-11 00:36:00,1,0,0
13755,1435,217,2026-03-03 00:52:00,33,0,1
13756,20,142,2026-07-04 00:27:00,1,0,1
13757,1667,144,2026-03-19 00:15:00,2,0,1
13758,1576,428,2026-05-17 00:18:00,5,0,1
13759,111,115,2026-03-07 00:47:00,10,0,0
13760,1514,232,2026-05-11 00:18:00,22,0,0
13761,553,187,2026-08-14 00:59:00,7,0,1
13762,1665,26,2025-11-16 00:11:00,11,0,0
13763,1644,38,2026-08-07 00:11:00,20,0,0
13764,810,370,2026-02-21 00:31:00,12,0,0
13765,1707,145,2026-04-04 00:33:00,1,0,1
13766,392,41,2026-08-28 00:05:00,17,0,0
13767,1380,258,2026-03-02 00:38:00,15,1,0
13768,1646,299,2026-09-02 00:22:00,12,0,1
13769,266,496,2025-12-05 00:40:00,28,0,1
13770,638,262,2026-07-17 00:41:00,9,0,1
13771,1543,263,2026-06-13 00:51:00,2,0,1
13772,961,142,2026-05-21 00:37:00,3,0,1
13773,322,83,2026-05-24 00:15:00,19,0,0
13774,436,486,2026-04-17 00:56:00,42,0,0
13775,1188,448,2026-07-13 00:42:00,14,0,1
13776,1689,315,2026-03-20 00:32:00,3,1,0
13777,1606,298,2026-08-06 00:46:00,15,0,0
13778,1632,435,2026-01-21 00:34:00,1,0,0
13779,690,267,2026-03-17 00:38:00,12,0,1
13780,778,343,2026-08-03 00:48:00,8,0,1
13781,1106,54,2025-12-26 00:22:00,47,0,0
13782,1452,178,2026-08-29 00:20:00,20,0,0
13783,553,4,2026-07-29 00:36:00,49,0,1
13784,461,135,2026-08-09 00:10:00,6,0,0
13785,990,346,2026-05-17 00:13:00,10,0,0
13786,1353,78,2026-01-09 00:07:00,8,0,0
13787,915,44,2026-03-26 00:29:00,58,0,0
13788,1418,210,2026-07-04 00:58:00,13,0,0
13789,541,460,2025-12-12 00:51:00,1,0,0
13790,1703,361,2026-08-23 00:21:00,31,0,1
13791,1372,150,2026-09-07 00:08:00,13,0,0
13792,1790,149,2026-09-05 00:45:00,48,0,0
13793,525,38,2026-04-17 00:38:00,24,0,0
13794,790,178,2026-03-06 00:03:00,1,0,1
13795,1441,291,2026-01-23 00:30:00,8,0,0
13796,1380,389,2026-06-13 00:32:00,40,0,0
13797,1186,290,2026-04-07 00:14:00,4,0,0
13798,1314,123,2026-07-24 00:26:00,15,1,1
13799,364,430,2025-10-28 00:24:00,15,0,0
13800,1189,342,2026-09-03 00:11:00,32,0,0
13801,735,235,2026-04-29 00:01:00,40,0,0
13802,1574,267,2026-04-27 00:54:00,4,0,0
13803,1562,3,2026-04-27 00:39:00,34,0,0
13804,1018,452,2026-08-13 00:00:00,14,1,0
13805,913,60,2025-11-23 00:43:00,11,0,0
13806,1447,380,2026-06-05 00:50:00,57,0,1
13807,391,271,2026-01-31 00:30:00,8,0,0
13808,814,269,2025-12-31 00:22:00,16,0,0
13809,1595,161,2026-09-06 00:04:00,17,0,1
13810,1676,148,2026-03-15 00:30:00,1,0,0
13811,875,57,2026-05-22 00:22:00,36,0,0
13812,453,67,2026-08-15 00:36:00,22,0,0
13813,1122,191,2026-07-21 00:38:00,1,0,1
13814,350,433,2026-07-29 00:55:00,16,0,1
13815,546,173,2026-04-22 00:17:00,8,0,1
13816,9,215,2026-06-25 00:33:00,3,0,0
13817,140,375,2026-01-01 00:58:00,10,0,0
13818,599,378,2026-08-14 00:19:00,2,0,1
13819,879,237,2026-05-12 00:34:00,6,0,0
13820,624,387,2025-06-05 00:06:00,1,0,1
13821,1012,30,2026-08-22 00:09:00,1,0,0
13822,183,175,2025-11-26 00:51:00,60,0,0
13823,885,136,2026-05-15 00:04:00,6,0,0
13824,43,225,2026-06-29 00:32:00,5,0,1
13825,433,173,2026-07-12 00:34:00,4,0,1
13826,1225,344,2026-08-25 00:33:00,13,0,0
13827,1001,218,2026-08-13 00:17:00,9,0,1
13828,1115,355,2026-07-28 00:05:00,1,0,1
13829,794,422,2026-07-26 00:22:00,2,0,1
13830,363,273,2026-05-03 00:54:00,8,0,0
13831,313,167,2025-08-17 00:38:00,22,0,1
13832,1103,446,2026-06-26 00:38:00,6,0,0
13833,328,294,2026-09-07 00:44:00,22,0,0
13834,649,94,2026-08-05 00:06:00,18,0,0
13835,1609,253,2025-09-14 00:49:00,14,0,0
13836,98,462,2025-11-19 00:20:00,25,0,0
13837,11,305,2025-12-29 00:53:00,10,0,1
13838,1451,22,2026-07-04 00:17:00,34,0,0
13839,1381,139,2026-07-06 00:09:00,16,0,1
13840,370,350,2025-09-12 00:10:00,21,0,0
13841,1214,367,2026-06-28 00:41:00,27,0,1
13842,1615,317,2026-04-13 00:58:00,17,0,0
13843,800,74,2026-08-10 00:31:00,32,0,0
13844,76,60,2026-07-19 00:50:00,11,0,0
13845,338,168,2026-05-19 00:50:00,13,0,0
13846,986,170,2026-09-04 00:57:00,6,0,1
13847,553,5,2026-07-08 00:13:00,25,0,0
13848,1389,69,2026-06-18 00:49:00,11,0,1
13849,1128,427,2026-08-27 00:18:00,29,0,0
13850,1116,127,2026-07-08 00:51:00,4,0,0
13851,1164,217,2026-03-02 00:01:00,34,0,0
13852,320,107,2026-03-05 00:30:00,1,0,1
13853,354,199,2026-01-19 00:03:00,1,0,0
13854,158,138,2025-06-11 00:49:00,2,0,1
13855,969,282,2026-01-14 00:15:00,6,0,0
13856,736,354,2026-07-10 00:13:00,22,0,1
13857,631,126,2026-04-07 00:21:00,16,0,0
13858,1771,489,2026-02-02 00:03:00,10,0,1
13859,434,34,2026-09-03 00:56:00,33,0,0
13860,1386,479,2026-07-31 00:38:00,3,0,0
13861,1071,490,2026-08-25 00:38:00,23,0,0
13862,996,440,2026-08-25 00:34:00,37,0,1
13863,1223,186,2026-06-19 00:55:00,25,0,0
13864,171,55,2026-09-04 00:41:00,5,0,1
13865,1799,20,2026-09-04 00:56:00,45,0,1
13866,600,48,2026-05-03 00:34:00,45,0,0
13867,69,32,2026-05-10 00:44:00,37,0,0
13868,81,402,2026-05-26 00:30:00,2,0,0
13869,1576,419,2026-08-22 00:44:00,4,0,0
13870,1294,206,2026-08-06 00:17:00,4,0,1
13871,1154,356,2026-05-09 00:25:00,11,0,0
13872,267,137,2026-07-20 00:14:00,19,0,1
13873,1114,250,2026-06-30 00:13:00,30,0,1
13874,1213,61,2026-09-06 00:57:00,42,0,1
13875,1045,219,2026-08-13 00:42:00,47,0,1
13876,353,33,2026-02-06 00:50:00,2,0,0
13877,178,223,2026-07-01 00:25:00,16,0,1
13878,1545,231,2026-02-20 00:15:00,6,0,0
13879,629,434,2026-06-17 00:29:00,15,0,0
13880,1309,394,2026-08-14 00:25:00,1,0,0
13881,462,401,2026-01-26 00:06:00,20,0,1
13882,1362,423,2026-04-29 00:01:00,5,0,0
13883,483,125,2026-05-26 00:03:00,16,0,0
13884,358,226,2026-04-22 00:51:00,41,0,1
13885,220,38,2026-07-04 00:38:00,11,0,1
13886,932,134,2026-08-26 00:27:00,2,0,1
13887,1532,104,2026-06-12 00:06:00,3,0,0
13888,1779,138,2026-07-26 00:32:00,35,0,0
13889,157,27,2026-09-02 00:03:00,56,0,0
13890,1363,372,2026-08-29 00:30:00,1,0,0
13891,1212,329,2026-04-16 00:35:00,3,0,0
13892,1152,456,2026-07-30 00:51:00,45,0,1
13893,1760,92,2026-07-27 00:45:00,13,0,0
13894,449,49,2026-01-30 00:24:00,39,0,0
13895,1533,224,2026-06-28 00:00:00,22,0,0
13896,968,409,2026-06-04 00:27:00,5,0,0
13897,1778,145,2026-08-31 00:52:00,48,0,0
13898,186,278,2026-06-20 00:17:00,12,0,0
13899,260,261,2026-06-11 00:43:00,29,0,0
13900,482,432,2026-07-04 00:11:00,4,0,0
13901,190,462,2025-08-19 00:30:00,12,0,0
13902,784,299,2026-07-11 00:00:00,24,0,1
13903,384,260,2025-12-30 00:56:00,12,0,0
13904,787,61,2026-07-25 00:08:00,8,0,0
13905,1149,260,2026-08-16 00:31:00,35,0,0
13906,573,373,2026-05-09 00:44:00,51,0,0
13907,172,279,2026-02-06 00:32:00,55,0,0
13908,1233,462,2026-03-30 00:12:00,34,0,0
13909,1535,64,2026-08-08 00:42:00,22,1,0
13910,1016,182,2026-07-12 00:51:00,11,0,1
13911,27,300,2025-10-03 00:54:00,5,0,1
13912,1727,235,2026-05-13 00:09:00,22,0,0
13913,557,185,2025-09-12 00:25:00,32,0,1
13914,117,287,2026-08-13 00:23:00,1,0,0
13915,169,186,2026-08-11 00:57:00,22,0,0
13916,914,33,2026-08-25 00:55:00,25,0,1
13917,345,382,2026-08-12 00:09:00,1,0,1
13918,2,313,2025-08-08 00:38:00,1,0,1
13919,722,341,2025-11-14 00:36:00,4,0,0
13920,387,159,2026-04-14 00:43:00,59,0,0
13921,800,141,2026-08-26 00:56:00,17,0,0
13922,999,58,2026-06-12 00:59:00,12,0,0
13923,1742,488,2026-05-28 00:52:00,8,1,1
13924,584,57,2026-05-26 00:10:00,28,0,0
13925,344,192,2025-11-22 00:44:00,60,0,0
13926,525,136,2026-04-04 00:58:00,9,0,0
13927,16,180,2025-10-11 00:55:00,19,1,0
13928,984,187,2026-07-29 00:15:00,31,0,1
13929,229,219,2026-08-25 00:51:00,3,0,0
13930,652,196,2026-07-18 00:41:00,19,0,1
13931,1752,203,2026-09-06 00:24:00,37,0,1
13932,1368,418,2025-12-17 00:31:00,1,0,1
13933,1360,477,2026-06-15 00:19:00,4,0,0
13934,706,386,2025-11-13 00:15:00,5,0,0
13935,287,283,2025-11-05 00:27:00,5,0,0
13936,204,427,2026-03-15 00:39:00,2,0,1
13937,304,166,2025-12-17 00:03:00,22,1,0
13938,1342,244,2026-07-17 00:40:00,1,0,0
13939,175,53,2026-06-09 00:03:00,57,0,1
13940,669,221,2025-04-16 00:25:00,37,0,0
13941,1130,368,2026-08-10 00:41:00,4,0,0
13942,371,30,2026-07-08 00:33:00,19,0,1
13943,68,318,2026-07-27 00:46:00,23,0,0
13944,1339,466,2026-01-27 00:00:00,1,0,0
13945,1328,360,2026-07-26 00:18:00,7,0,0
13946,570,54,2025-05-21 00:54:00,2,0,0
13947,1262,332,2026-08-27 00:29:00,9,0,1
13948,130,94,2025-09-12 00:56:00,19,0,1
13949,18,24,2026-06-01 00:43:00,1,0,0
13950,1602,487,2026-08-27 00:36:00,7,0,0
13951,115,353,2026-05-06 00:56:00,4,0,0
13952,1573,29,2025-08-04 00:49:00,72,1,0
13953,1603,92,2026-08-06 00:44:00,4,0,0
13954,649,95,2026-09-05 00:52:00,1,0,1
13955,855,123,2026-08-17 00:54:00,4,0,0
13956,211,28,2026-05-04 00:17:00,14,1,1
13957,1748,131,2026-09-04 00:23:00,8,1,0
13958,1709,400,2026-09-03 00:32:00,3,0,0
13959,1051,106,2025-08-18 00:05:00,25,0,0
13960,1356,168,2026-06-25 00:37:00,38,0,0
13961,1661,234,2026-03-13 00:27:00,14,0,0
13962,264,41,2026-03-24 00:06:00,37,0,0
13963,122,270,2026-08-25 00:57:00,18,0,1
13964,373,441,2026-03-10 00:49:00,8,0,1
13965,430,237,2026-08-05 00:28:00,1,0,1
13966,1361,404,2026-06-25 00:13:00,18,0,1
13967,164,236,2025-11-24 00:24:00,2,0,0
13968,345,319,2026-07-14 00:41:00,6,0,0
13969,1276,83,2026-08-31 00:33:00,15,0,0
13970,1046,11,2026-05-29 00:02:00,22,0,1
13971,544,31,2026-05-01 00:42:00,1,0,0
13972,510,327,2026-06-20 00:07:00,7,1,0
13973,504,84,2026-03-19 00:12:00,11,0,0
13974,1592,114,2025-12-06 00:59:00,1,0,1
13975,683,291,2026-06-28 00:24:00,19,0,1
13976,684,165,2025-11-12 00:38:00,66,0,0
13977,1645,455,2026-08-17 00:47:00,33,0,1
13978,1679,86,2025-11-21 00:35:00,1,0,0
13979,1439,419,2025-09-05 00:46:00,15,0,1
13980,810,184,2026-07-02 00:19:00,11,0,1
13981,482,429,2026-02-03 00:06:00,12,0,0
13982,1530,294,2026-05-03 00:13:00,26,0,0
13983,1739,309,2026-08-17 00:28:00,2,0,1
13984,791,135,2026-09-03 00:58:00,38,0,0
13985,1149,413,2026-07-09 00:34:00,14,0,0
13986,17,30,2026-05-06 00:36:00,35,0,1
13987,1067,322,2026-01-15 00:44:00,29,0,0
13988,1581,133,2026-08-16 00:44:00,3,0,0
13989,1471,357,2026-05-13 00:09:00,1,1,0
13990,1620,73,2026-09-05 00:01:00,1,0,0
13991,597,34,2026-06-25 00:26:00,9,1,1
13992,1062,334,2026-08-07 00:02:00,20,0,0
13993,293,288,2026-06-26 00:04:00,2,0,0
13994,535,466,2026-09-06 00:34:00,26,0,0
13995,1530,151,2026-08-25 00:41:00,9,0,1
13996,1724,447,2026-08-31 00:34:00,38,0,0
13997,997,458,2026-06-15 00:19:00,1,0,0
13998,264,37,2026-08-10 00:32:00,33,0,1
13999,757,417,2026-07-12 00:15:00,1,0,0
14000,1718,423,2026-07-19 00:08:00,27,0,0
14001,67,145,2026-05-24 00:40:00,13,0,0
14002,332,224,2025-10-24 00:36:00,7,0,0
14003,559,122,2026-03-17 00:39:00,28,0,1
14004,279,317,2025-10-29 00:18:00,42,0,0
14005,539,200,2026-02-28 00:27:00,19,0,0
14006,677,298,2026-03-23 00:48:00,11,0,0
14007,458,198,2026-08-07 00:42:00,1,0,0
14008,1025,14,2026-08-15 00:20:00,18,0,0
14009,532,50,2026-08-21 00:57:00,5,0,0
14010,1676,338,2026-09-03 00:32:00,55,0,1
14011,84,144,2026-05-10 00:15:00,27,1,0
14012,152,327,2026-06-19 00:56:00,1,0,0
14013,221,112,2026-03-05 00:36:00,8,0,1
14014,272,330,2026-04-08 00:50:00,12,0,0
14015,748,229,2026-05-04 00:28:00,8,0,0
14016,1215,384,2026-04-18 00:30:00,20,0,0
14017,1100,64,2026-06-17 00:09:00,79,1,0
14018,1684,178,2025-09-19 00:42:00,7,0,0
14019,1747,406,2026-08-25 00:09:00,25,0,0
14020,951,259,2025-10-06 00:05:00,63,0,1
14021,175,382,2026-02-20 00:04:00,25,0,0
14022,299,57,2025-11-23 00:08:00,17,0,0
14023,1526,437,2026-03-30 00:23:00,8,0,0
14024,1140,156,2026-02-14 00:24:00,20,0,0
14025,368,22,2026-05-03 00:00:00,15,1,0
14026,114,97,2026-07-13 00:10:00,1,1,1
14027,1170,54,2026-05-09 00:47:00,43,0,1
14028,1194,3,2026-07-02 00:17:00,5,0,1
14029,1085,329,2025-11-30 00:35:00,60,0,0
14030,1800,438,2026-09-04 00:10:00,25,1,0
14031,807,192,2026-07-30 00:28:00,2,0,1
14032,605,500,2025-11-17 00:01:00,18,1,1
14033,513,250,2026-06-27 00:31:00,17,0,1
14034,449,340,2026-06-30 00:17:00,13,0,1
14035,1605,29,2025-11-23 00:59:00,24,0,1
14036,1612,278,2026-08-11 00:18:00,28,0,0
14037,273,119,2026-07-14 00:31:00,18,0,0
14038,107,160,2026-05-10 00:49:00,1,0,0
14039,1585,301,2025-12-28 00:58:00,22,1,1
14040,169,349,2026-07-09 00:48:00,27,0,0
14041,32,101,2026-04-21 00:21:00,7,0,1
14042,938,160,2026-04-14 00:13:00,1,0,1
14043,299,483,2026-06-27 00:34:00,1,0,1
14044,522,103,2025-06-05 00:02:00,1,0,0
14045,959,280,2026-08-26 00:38:00,9,0,1
14046,79,242,2026-04-21 00:29:00,32,0,1
14047,1687,161,2026-07-04 00:05:00,21,0,0
14048,392,412,2026-09-04 00:15:00,20,0,0
14049,77,341,2026-04-05 00:52:00,36,0,1
14050,767,161,2026-05-20 00:18:00,27,0,0
14051,46,266,2026-06-12 00:23:00,21,0,1
14052,1115,44,2026-07-24 00:18:00,18,0,1
14053,1643,276,2026-05-03 00:33:00,6,0,0
14054,86,470,2026-03-30 00:06:00,24,0,0
14055,344,248,2026-04-13 00:05:00,4,0,0
14056,215,399,2026-08-14 00:40:00,11,0,0
14057,401,124,2026-06-26 00:33:00,19,0,0
14058,1411,327,2026-01-23 00:50:00,23,0,1
14059,1470,379,2026-06-28 00:54:00,8,0,0
14060,398,346,2026-02-11 00:24:00,59,0,1
14061,44,256,2026-05-04 00:31:00,35,0,0
14062,516,336,2026-02-06 00:18:00,2,0,1
14063,335,467,2026-03-05 00:17:00,7,0,0
14064,1276,237,2026-08-29 00:44:00,11,0,0
14065,73,497,2026-04-15 00:50:00,53,0,1
14066,1247,73,2026-02-05 00:22:00,13,0,1
14067,249,360,2026-05-02 00:26:00,6,0,1
14068,507,15,2026-02-19 00:04:00,5,0,1
14069,275,307,2026-05-02 00:39:00,60,0,1
14070,1120,490,2026-03-31 00:16:00,2,0,0
14071,67,19,2026-05-21 00:25:00,28,0,0
14072,1067,17,2026-03-04 00:16:00,12,0,0
14073,1176,389,2026-07-14 00:04:00,19,0,0
14074,1049,461,2026-07-29 00:10:00,11,0,0
14075,866,86,2026-09-06 00:15:00,15,0,0
14076,1510,394,2026-07-19 00:20:00,19,1,0
14077,1229,36,2026-06-14 00:31:00,2,0,1
14078,1265,282,2026-04-20 00:14:00,16,0,0
14079,823,465,2026-07-22 00:00:00,38,0,1
14080,580,124,2026-08-11 00:26:00,1,0,1
14081,1003,213,2026-01-22 00:43:00,18,0,1
14082,213,207,2026-06-10 00:13:00,4,0,0
14083,631,444,2026-05-22 00:08:00,15,0,1
14084,1409,159,2026-09-05 00:00:00,45,0,1
14085,660,466,2026-05-25 00:07:00,5,0,1
14086,1683,7,2026-08-26 00:50:00,23,0,0
14087,287,432,2026-04-24 00:04:00,6,0,0
14088,1264,38,2026-04-03 00:20:00,28,1,0
14089,882,351,2026-03-06 00:18:00,31,0,0
14090,917,69,2026-07-13 00:01:00,17,0,0
14091,677,440,2026-05-15 00:14:00,17,1,1
14092,1774,363,2026-04-21 00:51:00,20,0,0
14093,1281,72,2025-09-12 00:46:00,37,0,0
14094,765,175,2026-08-08 00:14:00,1,0,1
14095,1687,276,2026-03-13 00:57:00,73,0,0
14096,757,46,2026-07-22 00:45:00,40,0,1
14097,593,403,2026-06-18 00:47:00,3,0,1
14098,1038,461,2025-10-22 00:20:00,22,0,0
14099,1051,96,2025-09-16 00:53:00,64,0,0
14100,1397,110,2026-02-05 00:24:00,29,0,0
14101,31,393,2025-08-06 00:23:00,10,0,0
14102,1512,436,2026-01-22 00:49:00,7,0,0
14103,1020,168,2026-03-15 00:28:00,22,1,0
14104,196,484,2026-08-13 00:02:00,38,0,0
14105,530,116,2026-07-01 00:01:00,73,0,0
14106,367,105,2026-02-19 00:06:00,8,0,0
14107,1177,377,2025-12-26 00:42:00,74,0,0
14108,469,33,2026-09-04 00:44:00,4,0,1
14109,599,166,2026-07-07 00:42:00,6,0,0
14110,125,220,2026-05-26 00:55:00,23,0,0
14111,1642,70,2026-05-28 00:22:00,3,0,1
14112,815,66,2026-09-01 00:22:00,14,0,0
14113,323,377,2026-08-08 00:09:00,21,0,0
14114,207,420,2026-03-20 00:28:00,1,0,1
14115,1559,199,2026-05-13 00:50:00,23,0,1
14116,421,32,2026-06-25 00:48:00,115,0,0
14117,1669,81,2025-11-05 00:17:00,15,0,1
14118,704,398,2026-02-22 00:15:00,37,0,0
14119,1744,298,2026-01-19 00:39:00,9,0,1
14120,1013,45,2026-07-23 00:00:00,1,0,1
14121,1670,306,2026-03-13 00:55:00,4,0,1
14122,393,444,2026-05-09 00:25:00,20,0,1
14123,1697,252,2026-07-12 00:51:00,29,0,0
14124,924,384,2026-04-28 00:39:00,19,0,0
14125,665,162,2026-08-22 00:16:00,1,0,0
14126,294,442,2026-07-22 00:02:00,58,0,1
14127,674,374,2026-08-05 00:08:00,14,0,0
14128,513,474,2025-11-16 00:02:00,1,0,0
14129,812,60,2026-08-28 00:13:00,1,0,0
14130,473,201,2026-07-20 00:07:00,21,0,0
14131,1785,273,2026-07-28 00:37:00,24,0,0
14132,1187,54,2026-06-26 00:14:00,53,0,0
14133,1685,155,2026-09-02 00:30:00,35,0,0
14134,868,111,2025-12-07 00:52:00,2,0,0
14135,453,245,2026-08-27 00:00:00,1,0,1
14136,1315,308,2025-07-13 00:38:00,31,0,0
14137,458,132,2026-08-24 00:58:00,3,0,0
14138,1678,258,2025-12-02 00:16:00,82,0,0
14139,1420,300,2025-11-20 00:28:00,25,0,1
14140,712,260,2026-08-03 00:59:00,8,0,1
14141,927,275,2026-06-04 00:25:00,57,0,1
14142,1174,475,2026-06-06 00:29:00,27,0,0
14143,1678,221,2026-05-29 00:02:00,17,0,0
14144,1350,278,2026-07-29 00:28:00,36,0,0
14145,746,62,2026-05-01 00:41:00,6,0,1
14146,1060,370,2026-04-27 00:00:00,37,0,0
14147,1555,286,2026-07-29 00:25:00,7,0,1
14148,321,93,2026-08-13 00:33:00,9,0,1
14149,366,117,2026-02-01 00:31:00,37,0,1
14150,1398,221,2026-06-10 00:47:00,6,0,0
14151,798,39,2025-10-02 00:53:00,52,0,1
14152,524,11,2026-04-16 00:23:00,53,0,1
14153,1514,117,2026-08-03 00:40:00,43,0,0
14154,1705,439,2026-06-05 00:19:00,55,0,0
14155,299,227,2026-06-09 00:07:00,7,0,1
14156,1755,364,2026-07-16 00:55:00,1,0,0
14157,136,261,2026-04-09 00:06:00,6,0,0
14158,386,59,2026-08-23 00:23:00,18,1,1
14159,849,97,2026-06-27 00:27:00,36,0,0
14160,325,45,2025-10-25 00:53:00,30,0,0
14161,515,472,2026-06-25 00:41:00,11,0,0
14162,111,396,2026-04-07 00:59:00,12,0,0
14163,565,121,2025-09-06 00:19:00,96,0,1
14164,970,450,2026-06-04 00:56:00,14,0,1
14165,358,196,2025-10-29 00:30:00,57,0,1
14166,1696,10,2026-08-06 00:31:00,1,0,1
14167,1307,424,2026-05-01 00:54:00,13,1,0
14168,93,483,2026-08-25 00:57:00,13,0,1
14169,911,395,2026-08-24 00:59:00,31,0,0
14170,709,69,2026-01-22 00:40:00,14,0,1
14171,1668,283,2026-07-04 00:47:00,30,0,0
14172,826,24,2026-01-30 00:10:00,17,0,1
14173,1518,258,2026-08-13 00:00:00,13,0,0
14174,1149,452,2026-03-30 00:45:00,27,0,0
14175,5,386,2026-08-27 00:49:00,4,0,1
14176,546,335,2026-01-20 00:02:00,33,0,1
14177,1025,365,2026-08-28 00:43:00,12,0,1
14178,1608,248,2026-09-03 00:19:00,15,0,0
14179,1463,211,2026-08-03 00:43:00,2,0,0
14180,1589,259,2026-01-17 00:15:00,11,0,1
14181,1161,15,2026-06-06 00:01:00,3,1,0
14182,320,366,2026-09-03 00:43:00,8,0,0
14183,307,34,2026-09-06 00:24:00,19,0,1
14184,1429,70,2026-05-12 00:52:00,17,0,0
14185,711,433,2025-12-31 00:16:00,65,1,1
14186,544,480,2026-01-26 00:42:00,3,1,1
14187,1392,194,2026-07-23 00:44:00,12,0,0
14188,1083,168,2026-04-26 00:05:00,13,0,1
14189,233,163,2026-02-04 00:26:00,12,0,0
14190,547,172,2026-07-25 00:48:00,2,0,0
14191,778,70,2026-06-28 00:12:00,17,1,1
14192,408,398,2026-06-10 00:44:00,7,0,0
14193,518,470,2026-06-20 00:48:00,6,0,1
14194,10,351,2026-02-10 00:33:00,2,0,0
14195,63,180,2026-03-30 00:16:00,29,0,0
14196,108,398,2026-04-19 00:16:00,12,0,1
14197,611,9,2026-06-16 00:17:00,10,0,0
14198,781,430,2026-08-19 00:49:00,34,0,1
14199,784,130,2026-05-24 00:54:00,30,0,1
14200,764,125,2026-02-28 00:58:00,11,0,1
14201,615,69,2025-12-04 00:30:00,5,0,0
14202,340,9,2026-02-14 00:44:00,17,0,1
14203,803,317,2026-04-07 00:50:00,3,0,0
14204,1017,39,2025-10-27 00:04:00,25,0,0
14205,247,313,2026-07-10 00:04:00,15,0,0
14206,1401,367,2025-11-02 00:14:00,1,1,0
14207,759,402,2026-09-02 00:08:00,18,0,1
14208,895,440,2025-11-04 00:56:00,13,0,1
14209,1474,421,2026-07-17 00:08:00,8,0,1
14210,1793,185,2026-07-26 00:51:00,9,0,0
14211,524,320,2026-06-22 00:36:00,16,0,1
14212,72,86,2026-04-03 00:20:00,13,0,0
14213,1678,164,2025-06-15 00:37:00,27,0,1
14214,18,401,2026-06-14 00:51:00,8,0,1
14215,1511,314,2025-06-26 00:24:00,3,0,0
14216,626,57,2026-02-15 00:43:00,18,0,0
14217,1673,334,2026-01-26 00:37:00,31,0,0
14218,877,413,2026-08-18 00:50:00,4,0,1
14219,580,259,2025-09-09 00:02:00,12,0,0
14220,66,476,2026-04-22 00:23:00,83,0,1
14221,231,451,2026-01-30 00:14:00,1,0,0
14222,46,342,2026-07-28 00:16:00,15,0,0
14223,654,218,2025-11-29 00:27:00,13,0,0
14224,453,311,2026-07-16 00:05:00,42,0,0
14225,944,221,2026-09-01 00:19:00,30,1,1
14226,129,99,2026-08-12 00:46:00,1,0,1
14227,1374,21,2026-08-14 00:51:00,15,0,0
14228,1328,301,2026-06-13 00:14:00,58,0,0
14229,1206,222,2026-09-01 00:24:00,1,0,0
14230,1195,495,2026-08-30 00:21:00,20,1,1
14231,944,293,2026-08-20 00:21:00,35,0,1
14232,15,41,2026-08-24 00:31:00,37,0,0
14233,1421,131,2026-08-18 00:11:00,7,0,0
14234,764,17,2025-08-14 00:08:00,19,0,1
14235,591,71,2026-08-03 00:06:00,12,0,1
14236,1580,73,2026-07-27 00:59:00,18,0,1
14237,396,141,2026-08-26 00:33:00,35,0,0
14238,731,108,2025-08-10 00:43:00,63,0,0
14239,394,32,2026-06-29 00:55:00,15,0,0
14240,971,470,2026-08-06 00:55:00,4,0,1
14241,517,401,2025-12-14 00:16:00,2,0,0
14242,624,80,2026-08-26 00:13:00,3,0,0
14243,225,37,2026-03-09 00:25:00,20,1,1
14244,1088,120,2026-05-12 00:54:00,14,0,1
14245,11,134,2026-06-17 00:40:00,5,0,0
14246,759,385,2026-06-17 00:09:00,27,0,0
14247,1377,8,2026-05-07 00:51:00,20,0,1
14248,624,269,2025-10-21 00:11:00,17,0,0
14249,1108,256,2026-01-01 00:38:00,1,0,1
14250,552,228,2026-08-18 00:53:00,27,1,0
14251,1468,368,2026-08-22 00:43:00,3,0,0
14252,1659,407,2026-02-23 00:42:00,25,0,0
14253,1800,166,2026-08-11 00:33:00,23,0,0
14254,972,164,2026-01-17 00:18:00,7,0,0
14255,158,352,2025-11-26 00:59:00,23,0,1
14256,477,42,2026-06-05 00:30:00,3,0,0
14257,464,4,2026-02-27 00:34:00,44,0,0
14258,226,358,2026-06-01 00:12:00,14,0,1
14259,1720,51,2026-06-23 00:35:00,22,0,1
14260,1667,237,2026-06-03 00:52:00,13,0,1
14261,406,464,2026-07-02 00:40:00,2,0,0
14262,1682,182,2025-11-28 00:23:00,17,0,1
14263,239,366,2025-09-10 00:47:00,44,0,1
14264,113,404,2025-09-02 00:44:00,36,0,0
14265,212,187,2026-06-01 00:26:00,23,0,1
14266,781,203,2026-06-03 00:25:00,20,0,0
14267,531,487,2026-03-15 00:33:00,43,0,1
14268,780,320,2026-09-03 00:03:00,4,0,1
14269,538,18,2026-06-26 00:17:00,46,0,0
14270,59,62,2026-07-10 00:44:00,40,0,0
14271,910,65,2026-06-21 00:06:00,4,0,1
14272,211,17,2026-04-13 00:39:00,11,0,1
14273,1655,234,2026-08-31 00:19:00,1,0,1
14274,189,100,2025-09-16 00:30:00,5,0,0
14275,605,14,2026-02-07 00:20:00,4,0,0
14276,1224,103,2026-09-04 00:45:00,33,0,1
14277,880,243,2026-07-06 00:16:00,19,0,0
14278,1029,198,2026-09-01 00:27:00,10,0,1
14279,242,51,2025-07-08 00:16:00,11,0,1
14280,1786,16,2026-07-31 00:04:00,10,0,0
14281,1730,343,2026-08-17 00:15:00,9,0,1
14282,610,334,2026-06-11 00:12:00,2,0,1
14283,348,306,2026-07-16 00:20:00,5,0,0
14284,882,139,2026-05-01 00:07:00,8,1,1
14285,326,24,2026-02-13 00:11:00,7,0,1
14286,1689,440,2026-07-16 00:33:00,17,0,0
14287,1398,80,2026-07-27 00:18:00,11,0,0
14288,369,275,2025-05-13 00:10:00,12,0,0
14289,230,437,2026-03-11 00:51:00,31,0,0
14290,92,66,2026-03-07 00:46:00,6,1,0
14291,1655,456,2026-09-07 00:47:00,16,1,1
14292,608,191,2026-07-03 00:56:00,9,0,0
14293,1335,305,2026-04-21 00:02:00,16,0,1
14294,1785,216,2026-04-08 00:29:00,26,0,0
14295,314,342,2025-12-30 00:51:00,7,0,0
14296,1609,204,2026-09-05 00:33:00,41,0,1
14297,1232,209,2025-07-13 00:11:00,3,0,0
14298,173,466,2026-03-08 00:44:00,18,0,0
14299,981,36,2026-02-22 00:44:00,4,0,0
14300,1431,37,2025-08-30 00:53:00,17,0,0
14301,173,494,2026-08-05 00:48:00,14,0,0
14302,621,187,2026-08-07 00:50:00,1,0,0
14303,1343,88,2026-07-21 00:55:00,11,0,0
14304,304,176,2025-09-16 00:42:00,7,0,1
14305,124,486,2025-10-19 00:27:00,42,0,1
14306,497,250,2026-08-17 00:49:00,60,1,0
14307,900,282,2026-06-02 00:41:00,34,0,0
14308,460,266,2026-08-01 00:38:00,21,0,1
14309,1505,276,2026-03-11 00:50:00,63,0,0
14310,374,459,2026-06-27 00:23:00,14,0,1
14311,508,49,2026-05-02 00:25:00,13,0,1
14312,523,448,2026-07-02 00:02:00,6,0,0
14313,144,79,2026-04-21 00:09:00,20,0,1
14314,1194,431,2026-06-06 00:44:00,32,0,0
14315,771,413,2026-04-04 00:24:00,1,0,1
14316,632,334,2026-09-03 00:03:00,26,0,0
14317,1360,198,2026-07-21 00:05:00,53,0,1
14318,1770,444,2026-05-20 00:15:00,1,0,1
14319,1206,26,2026-08-19 00:03:00,46,0,0
14320,482,225,2026-02-16 00:54:00,26,0,0
14321,249,390,2026-08-14 00:15:00,1,0,1
14322,1071,203,2025-10-22 00:33:00,40,0,1
14323,377,195,2026-08-06 00:02:00,28,1,0
14324,708,442,2026-06-29 00:09:00,17,0,1
14325,1128,53,2026-08-17 00:20:00,32,0,1
14326,575,155,2026-08-27 00:39:00,33,0,0
14327,1399,419,2026-08-30 00:04:00,11,0,1
14328,1733,483,2026-08-16 00:38:00,13,0,1
14329,524,454,2026-04-19 00:43:00,37,0,1
14330,25,397,2026-03-06 00:29:00,3,1,0
14331,1524,209,2026-06-16 00:23:00,42,1,0
14332,589,466,2026-08-29 00:56:00,33,0,1
14333,603,443,2026-08-23 00:20:00,25,0,0
14334,1404,101,2026-04-21 00:04:00,12,0,0
14335,1333,472,2026-09-06 00:32:00,6,0,0
14336,847,64,2026-04-22 00:18:00,1,0,1
14337,68,153,2026-01-13 00:43:00,1,0,1
14338,603,469,2026-08-17 00:03:00,19,0,1
14339,1723,185,2026-05-27 00:10:00,2,0,1
14340,1697,58,2026-05-17 00:36:00,58,1,0
14341,749,32,2026-02-19 00:39:00,5,0,1
14342,951,207,2026-03-13 00:50:00,25,0,0
14343,277,319,2026-08-22 00:09:00,1,0,0
14344,1030,181,2026-06-08 00:04:00,36,0,1
14345,614,32,2026-09-02 00:56:00,10,0,0
14346,1614,248,2026-05-25 00:38:00,11,0,1
14347,61,64,2026-05-06 00:39:00,1,0,1
14348,1409,53,2026-09-07 00:19:00,103,0,0
14349,584,191,2025-10-29 00:03:00,4,0,0
14350,1651,497,2026-06-15 00:00:00,12,0,1
14351,152,371,2026-08-01 00:57:00,21,0,1
14352,1230,87,2025-05-01 00:05:00,10,0,0
14353,371,75,2026-08-01 00:01:00,20,0,0
14354,1785,202,2026-06-10 00:37:00,21,0,0
14355,1229,464,2026-08-06 00:24:00,3,0,1
14356,1341,443,2026-06-11 00:13:00,25,0,1
14357,180,354,2026-08-19 00:54:00,70,0,1
14358,576,137,2026-09-05 00:54:00,26,0,1
14359,1789,157,2025-09-01 00:34:00,37,0,0
14360,1192,105,2026-07-30 00:27:00,5,1,0
14361,624,144,2026-08-28 00:53:00,21,0,0
14362,1710,379,2026-09-06 00:38:00,28,0,1
14363,138,121,2026-08-20 00:02:00,5,0,0
14364,20,202,2026-07-15 00:49:00,18,0,0
14365,1631,195,2025-09-24 00:47:00,3,0,0
14366,559,14,2026-05-22 00:44:00,11,1,1
14367,1651,205,2026-06-25 00:02:00,6,0,0
14368,205,450,2025-10-17 00:40:00,1,0,0
14369,204,253,2026-05-05 00:27:00,102,0,1
14370,1001,158,2025-08-28 00:12:00,54,0,0
14371,35,183,2026-08-02 00:57:00,3,0,1
14372,185,90,2026-03-28 00:18:00,23,0,1
14373,1292,185,2026-02-25 00:57:00,5,0,0
14374,697,91,2026-08-09 00:59:00,21,0,1
14375,820,374,2026-08-29 00:51:00,21,0,0
14376,1014,40,2026-06-15 00:14:00,23,0,0
14377,926,321,2026-08-19 00:45:00,56,0,1
14378,1498,123,2025-11-20 00:14:00,20,0,0
14379,667,3,2026-08-01 00:12:00,50,0,0
14380,1687,205,2026-08-11 00:44:00,9,0,0
14381,1325,45,2026-08-31 00:55:00,21,0,1
14382,435,495,2026-06-24 00:33:00,32,0,1
14383,188,405,2026-08-03 00:13:00,15,0,0
14384,796,123,2026-03-27 00:01:00,2,0,1
14385,1271,482,2026-07-30 00:30:00,32,0,0
14386,8,464,2026-07-02 00:08:00,12,0,1
14387,827,207,2026-09-03 00:23:00,12,0,1
14388,1584,51,2026-04-11 00:43:00,8,0,1
14389,357,399,2026-05-27 00:09:00,11,0,1
14390,1393,395,2026-01-28 00:45:00,33,0,0
14391,1675,364,2026-08-26 00:33:00,1,0,0
14392,532,410,2026-07-09 00:41:00,43,0,0
14393,1102,275,2026-06-09 00:57:00,23,0,0
14394,1571,440,2026-08-23 00:22:00,3,0,1
14395,1484,386,2026-09-04 00:01:00,55,0,0
14396,1782,93,2025-09-06 00:25:00,55,0,1
14397,739,379,2026-07-24 00:33:00,4,0,0
14398,1039,24,2025-04-28 00:52:00,1,0,1
14399,198,346,2026-07-08 00:25:00,50,0,0
14400,1477,492,2026-09-04 00:22:00,9,0,0
14401,1094,259,2026-05-27 00:57:00,12,0,0
14402,1017,321,2026-02-10 00:12:00,28,0,1
14403,1490,323,2026-08-21 00:45:00,44,1,0
14404,1791,61,2026-08-29 00:11:00,38,0,0
14405,684,242,2026-08-29 00:48:00,47,1,0
14406,1213,28,2026-05-17 00:25:00,1,0,1
14407,922,250,2026-06-16 00:59:00,4,1,1
14408,1599,2,2026-03-26 00:49:00,11,0,0
14409,1027,62,2026-06-10 00:27:00,27,0,1
14410,1598,227,2026-07-07 00:52:00,15,0,1
14411,323,160,2025-06-19 00:08:00,12,0,0
14412,1247,68,2026-03-28 00:46:00,5,0,0
14413,1791,441,2026-01-13 00:22:00,6,0,0
14414,866,11,2026-09-06 00:16:00,1,1,0
14415,354,134,2026-07-15 00:48:00,8,0,0
14416,125,406,2026-05-01 00:49:00,30,0,0
14417,220,31,2026-07-21 00:30:00,3,0,0
14418,561,471,2026-07-27 00:39:00,12,0,1
14419,1571,203,2026-06-29 00:10:00,3,1,0
14420,1357,165,2025-08-22 00:34:00,4,0,0
14421,905,120,2026-06-27 00:22:00,5,1,1
14422,1102,309,2026-03-09 00:02:00,1,0,0
14423,759,361,2026-08-25 00:06:00,7,0,1
14424,962,366,2026-07-30 00:07:00,10,0,0
14425,1174,286,2026-06-29 00:33:00,33,0,0
14426,538,395,2026-04-25 00:12:00,7,0,1
14427,1378,349,2026-06-14 00:28:00,42,0,0
14428,1466,76,2026-09-07 00:22:00,4,0,0
14429,911,167,2026-08-23 00:33:00,29,0,0
14430,1545,228,2026-01-23 00:52:00,2,0,0
14431,986,299,2026-07-14 00:15:00,19,0,1
14432,828,458,2026-01-29 00:09:00,58,0,1
14433,608,270,2026-08-02 00:55:00,10,0,0
14434,1795,318,2026-07-06 00:07:00,25,0,0
14435,1608,185,2026-07-09 00:59:00,3,0,1
14436,1719,370,2025-08-03 00:56:00,6,0,0
14437,1180,75,2026-07-13 00:46:00,2,0,0
14438,1307,3,2026-07-25 00:45:00,32,1,0
14439,366,129,2025-12-20 00:04:00,32,0,1
14440,20,490,2026-07-11 00:44:00,44,0,1
14441,992,119,2026-03-24 00:21:00,2,0,0
14442,1149,346,2026-02-19 00:48:00,3,0,1
14443,1743,260,2026-06-28 00:50:00,1,0,1
14444,543,306,2026-08-10 00:45:00,14,0,1
14445,777,144,2025-11-10 00:43:00,21,0,0
14446,1732,273,2026-08-01 00:15:00,31,0,0
14447,172,148,2026-05-05 00:19:00,37,1,1
14448,1194,382,2026-03-01 00:06:00,43,0,1
14449,746,20,2025-12-11 00:59:00,11,0,1
14450,1730,350,2026-08-15 00:47:00,17,0,0
14451,1730,35,2026-08-15 00:36:00,6,0,1
14452,1650,313,2025-12-17 00:35:00,15,0,0
14453,1124,10,2026-08-03 00:47:00,67,0,0
14454,880,465,2026-04-17 00:33:00,15,1,1
14455,232,54,2026-06-07 00:19:00,34,0,0
14456,428,370,2025-10-07 00:04:00,6,0,0
14457,544,447,2026-08-01 00:13:00,10,0,1
14458,115,354,2025-04-14 00:52:00,2,0,0
14459,948,367,2026-08-25 00:59:00,9,0,1
14460,1205,156,2025-12-19 00:15:00,36,0,0
14461,583,476,2026-07-24 00:48:00,78,0,0
14462,703,204,2026-08-15 00:57:00,9,0,0
14463,1071,44,2025-09-21 00:08:00,15,0,0
14464,1679,281,2025-12-30 00:38:00,27,0,1
14465,488,28,2026-07-08 00:44:00,28,0,1
14466,310,464,2026-06-27 00:42:00,6,0,0
14467,673,271,2026-08-25 00:14:00,58,0,1
14468,635,500,2026-06-20 00:04:00,41,0,1
14469,874,372,2026-01-18 00:22:00,13,0,0
14470,1201,48,2026-08-30 00:02:00,1,0,1
14471,1633,361,2025-07-19 00:10:00,10,0,1
14472,1312,27,2026-08-29 00:04:00,36,0,0
14473,57,353,2026-04-22 00:28:00,11,0,0
14474,988,439,2026-04-08 00:01:00,17,0,1
14475,535,183,2026-07-12 00:36:00,12,0,0
14476,225,422,2026-05-07 00:07:00,25,0,0
14477,796,457,2026-06-27 00:18:00,25,0,0
14478,563,163,2026-08-13 00:21:00,10,1,0
14479,917,2,2026-03-22 00:43:00,45,0,0
14480,917,138,2026-05-17 00:54:00,35,0,0
14481,583,216,2026-07-08 00:05:00,19,0,0
14482,581,178,2026-06-26 00:08:00,6,0,0
14483,114,330,2026-06-26 00:13:00,14,0,0
14484,1193,285,2026-03-06 00:31:00,10,0,0
14485,216,37,2026-06-03 00:18:00,35,0,0
14486,283,97,2026-08-30 00:51:00,7,1,1
14487,1085,399,2026-02-19 00:41:00,1,0,1
14488,1039,397,2025-09-05 00:27:00,22,0,1
14489,699,456,2026-05-24 00:33:00,58,0,0
14490,623,413,2026-07-15 00:02:00,2,0,0
14491,1041,480,2026-04-10 00:51:00,18,0,1
14492,380,2,2026-05-16 00:49:00,7,0,1
14493,1766,350,2026-08-29 00:18:00,55,0,0
14494,1627,298,2025-10-21 00:02:00,9,0,1
14495,959,475,2025-09-05 00:20:00,1,0,1
14496,1064,19,2026-08-04 00:18:00,26,0,0
14497,931,20,2026-06-24 00:32:00,16,0,0
14498,566,225,2026-06-14 00:48:00,1,0,0
14499,1732,58,2026-08-24 00:04:00,3,0,0
14500,1032,390,2026-06-25 00:07:00,23,0,0
14501,417,382,2026-06-23 00:15:00,3,0,0
14502,1258,217,2025-11-11 00:35:00,11,0,0
14503,427,215,2025-08-18 00:43:00,8,0,1
14504,1072,219,2026-03-03 00:37:00,7,0,0
14505,121,270,2026-06-29 00:47:00,14,0,1
14506,607,409,2025-10-24 00:22:00,8,0,0
14507,479,123,2026-02-27 00:47:00,30,0,1
14508,788,149,2026-06-03 00:17:00,13,0,0
14509,537,179,2025-09-23 00:24:00,44,0,0
14510,776,334,2026-05-14 00:10:00,1,0,1
14511,757,483,2026-07-14 00:21:00,11,0,1
14512,1325,230,2026-08-24 00:42:00,16,0,1
14513,207,274,2025-09-30 00:36:00,24,0,0
14514,888,26,2026-07-02 00:31:00,58,0,1
14515,157,457,2025-12-02 00:29:00,81,0,0
14516,1608,500,2026-08-20 00:18:00,31,0,0
14517,719,260,2026-06-15 00:34:00,37,0,1
14518,1343,454,2026-05-10 00:50:00,10,0,1
14519,761,177,2026-07-07 00:34:00,3,0,1
14520,1796,322,2026-06-08 00:44:00,32,0,0
14521,461,466,2026-07-30 00:03:00,20,0,0
14522,447,124,2026-07-26 00:07:00,13,0,0
14523,566,468,2025-12-29 00:13:00,9,0,0
14524,1669,118,2025-11-21 00:51:00,17,0,0
14525,612,382,2026-05-09 00:35:00,30,0,0
14526,279,165,2025-11-12 00:02:00,13,0,0
14527,981,475,2025-07-18 00:39:00,17,0,0
14528,576,370,2026-07-22 00:58:00,40,0,0
14529,258,11,2026-03-15 00:47:00,39,0,0
14530,457,473,2026-08-04 00:44:00,5,0,0
14531,1270,460,2026-05-04 00:56:00,17,0,0
14532,1282,25,2026-07-02 00:32:00,22,0,1
14533,1202,392,2026-09-07 00:47:00,1,0,0
14534,662,228,2026-06-15 00:28:00,25,0,0
14535,899,166,2026-07-21 00:05:00,16,0,1
14536,444,95,2025-11-24 00:12:00,1,0,0
14537,1057,302,2026-04-27 00:02:00,9,0,1
14538,820,459,2026-09-05 00:50:00,23,0,0
14539,176,153,2025-10-18 00:24:00,18,1,0
14540,338,339,2026-08-28 00:55:00,7,0,1
14541,188,176,2026-07-12 00:10:00,3,0,1
14542,1620,267,2026-08-30 00:49:00,38,0,1
14543,1183,27,2025-10-15 00:27:00,50,0,1
14544,1140,177,2026-05-24 00:26:00,14,0,0
14545,1671,451,2026-05-12 00:03:00,10,0,1
14546,1469,190,2026-05-26 00:08:00,16,0,1
14547,79,498,2026-02-24 00:43:00,6,1,0
14548,1305,351,2026-07-19 00:11:00,18,1,0
14549,523,210,2026-08-13 00:45:00,92,0,1
14550,664,94,2026-05-03 00:58:00,14,0,0
14551,737,32,2026-03-24 00:41:00,1,0,1
14552,407,343,2026-07-23 00:11:00,4,0,0
14553,1018,500,2026-08-24 00:10:00,45,0,1
14554,967,39,2026-08-25 00:11:00,29,0,0
14555,739,355,2026-02-18 00:12:00,1,0,0
14556,1354,481,2026-06-29 00:16:00,19,0,0
14557,917,229,2026-01-07 00:02:00,4,0,0
14558,744,380,2026-07-04 00:51:00,59,0,1
14559,580,431,2025-12-19 00:39:00,15,0,1
14560,578,182,2026-06-07 00:41:00,27,0,0
14561,1654,391,2026-03-25 00:51:00,3,0,1
14562,1233,353,2026-08-15 00:07:00,13,0,1
14563,616,227,2026-03-04 00:29:00,23,0,1
14564,1712,497,2026-02-23 00:18:00,36,0,1
14565,737,330,2026-01-23 00:12:00,6,0,1
14566,589,35,2026-08-04 00:43:00,1,0,0
14567,1376,256,2026-04-29 00:24:00,18,0,0
14568,63,443,2026-08-07 00:51:00,24,0,1
14569,922,11,2026-03-09 00:21:00,3,0,1
14570,1766,318,2026-08-28 00:42:00,4,0,0
14571,479,350,2026-01-22 00:26:00,53,0,0
14572,1024,343,2026-08-04 00:57:00,31,0,0
14573,1689,479,2026-02-16 00:42:00,2,0,1
14574,145,357,2026-02-25 00:25:00,3,0,1
14575,339,385,2026-02-08 00:52:00,29,1,0
14576,121,421,2026-09-01 00:10:00,35,0,1
14577,1335,298,2026-08-27 00:44:00,6,0,1
14578,297,419,2026-08-25 00:16:00,9,0,1
14579,1362,356,2026-05-02 00:22:00,15,0,1
14580,1617,57,2025-10-28 00:19:00,110,0,0
14581,987,423,2026-07-19 00:27:00,54,1,0
14582,1231,437,2026-08-08 00:27:00,1,0,1
14583,1154,107,2026-01-23 00:39:00,14,1,0
14584,1649,307,2026-02-13 00:33:00,8,0,0
14585,1621,221,2026-06-23 00:01:00,40,0,0
14586,737,322,2025-11-14 00:33:00,7,0,1
14587,237,6,2026-08-05 00:22:00,7,0,1
14588,1094,412,2026-05-23 00:47:00,17,0,0
14589,435,432,2026-06-10 00:21:00,50,0,0
14590,470,479,2025-12-19 00:53:00,26,1,0
14591,1796,463,2026-08-14 00:19:00,18,0,0
14592,1351,305,2026-05-13 00:13:00,7,0,0
14593,300,485,2026-01-11 00:42:00,1,0,0
14594,1036,216,2026-07-02 00:32:00,51,0,1
14595,1677,43,2025-04-29 00:11:00,73,0,1
14596,1080,245,2026-05-18 00:27:00,7,0,0
14597,1502,168,2026-08-30 00:09:00,6,0,0
14598,1541,443,2026-06-03 00:49:00,108,0,0
14599,78,286,2026-03-06 00:21:00,22,0,1
14600,681,404,2026-06-15 00:28:00,5,0,0
14601,1185,270,2026-05-19 00:05:00,25,0,1
14602,634,250,2026-06-15 00:13:00,25,0,0
14603,685,48,2025-11-30 00:01:00,4,0,1
14604,38,172,2026-08-18 00:42:00,11,0,0
14605,636,239,2026-06-26 00:47:00,13,0,1
14606,696,112,2026-07-31 00:37:00,6,0,0
14607,1708,266,2026-05-19 00:41:00,4,0,1
14608,625,388,2026-08-21 00:59:00,27,0,1
14609,1055,60,2026-03-28 00:56:00,5,0,1
14610,1249,355,2026-07-20 00:01:00,65,0,0
14611,1574,204,2025-12-22 00:25:00,10,0,0
14612,934,184,2026-08-02 00:31:00,57,0,0
14613,1746,173,2026-05-14 00:47:00,6,1,0
14614,250,460,2025-12-27 00:32:00,12,0,1
14615,1353,211,2025-08-29 00:14:00,80,1,1
14616,347,2,2026-02-23 00:36:00,13,0,1
14617,841,179,2026-08-13 00:29:00,6,0,1
14618,12,271,2026-03-19 00:45:00,6,0,0
14619,42,191,2026-03-12 00:26:00,10,0,1
14620,1543,376,2026-07-25 00:46:00,7,0,1
14621,641,405,2026-01-02 00:02:00,7,0,0
14622,1058,373,2025-07-05 00:08:00,32,0,1
14623,1250,357,2026-08-12 00:41:00,25,0,0
14624,129,498,2026-08-13 00:41:00,8,0,0
14625,1606,384,2026-05-26 00:13:00,19,0,0
14626,776,23,2026-07-03 00:43:00,63,0,0
14627,880,438,2026-02-21 00:34:00,30,0,0
14628,918,240,2025-09-30 00:08:00,23,0,0
14629,1712,163,2026-04-20 00:50:00,15,0,0
14630,286,389,2026-07-19 00:57:00,27,0,0
14631,32,21,2026-05-05 00:00:00,30,0,0
14632,831,317,2026-06-18 00:37:00,3,1,0
14633,557,248,2026-02-25 00:30:00,24,0,1
14634,1549,70,2026-06-20 00:04:00,3,0,1
14635,103,472,2026-04-24 00:51:00,1,0,0
14636,819,494,2026-07-26 00:12:00,16,0,1
14637,391,176,2026-08-01 00:39:00,7,0,0
14638,503,264,2026-05-02 00:39:00,2,0,1
14639,1693,268,2026-01-23 00:49:00,13,0,1
14640,74,19,2026-06-11 00:46:00,39,0,0
14641,1193,188,2026-01-21 00:05:00,11,0,0
14642,660,104,2026-02-03 00:51:00,19,0,1
14643,923,43,2026-07-05 00:28:00,1,0,1
14644,446,466,2026-08-30 00:42:00,113,0,0
14645,1638,401,2026-08-22 00:45:00,6,0,1
14646,1400,292,2026-05-29 00:54:00,5,0,1
14647,1427,68,2026-08-26 00:12:00,11,0,0
14648,1099,434,2026-04-03 00:12:00,18,0,1
14649,622,25,2026-09-01 00:28:00,3,0,0
14650,975,396,2026-09-02 00:13:00,50,0,0
14651,714,198,2026-09-05 00:03:00,36,0,1
14652,1064,48,2026-09-04 00:06:00,38,0,1
14653,1028,35,2025-07-10 00:05:00,32,0,0
14654,670,443,2026-05-28 00:09:00,49,0,1
14655,204,38,2026-01-25 00:35:00,5,0,0
14656,1491,358,2026-05-14 00:30:00,81,0,0
14657,1564,490,2026-05-13 00:21:00,37,0,1
14658,1791,164,2025-09-03 00:51:00,11,1,0
14659,536,387,2025-12-26 00:21:00,81,0,0
14660,40,442,2026-07-03 00:02:00,1,0,0
14661,1455,429,2025-12-04 00:22:00,26,0,1
14662,1717,337,2026-02-15 00:36:00,56,0,1
14663,361,73,2026-09-05 00:04:00,45,0,0
14664,900,379,2026-04-05 00:15:00,24,0,0
14665,526,233,2026-05-15 00:48:00,18,1,1
14666,195,240,2026-05-29 00:18:00,26,0,1
14667,1537,439,2026-04-20 00:47:00,3,0,0
14668,174,164,2026-08-09 00:56:00,6,0,1
14669,1732,147,2026-08-12 00:35:00,21,0,1
14670,736,448,2026-09-04 00:22:00,35,0,0
14671,1797,185,2026-03-26 00:53:00,1,0,0
14672,211,358,2026-03-15 00:05:00,32,0,1
14673,93,467,2026-08-29 00:16:00,8,0,0
14674,1305,135,2026-09-06 00:21:00,16,0,0
14675,1441,193,2026-01-15 00:18:00,5,0,0
14676,962,287,2026-07-11 00:57:00,3,0,1
14677,589,482,2026-08-22 00:20:00,6,0,0
14678,1567,412,2025-10-05 00:44:00,89,0,1
14679,1373,440,2026-04-25 00:46:00,1,0,0
14680,650,47,2026-02-19 00:33:00,67,0,0
14681,317,151,2026-06-21 00:13:00,1,0,0
14682,863,190,2026-07-02 00:42:00,35,0,0
14683,1265,456,2026-05-25 00:18:00,79,0,0
14684,844,428,2026-09-05 00:06:00,6,0,1
14685,1085,424,2025-05-28 00:19:00,24,0,0
14686,68,381,2026-02-11 00:04:00,21,0,0
14687,219,11,2026-04-24 00:45:00,16,0,0
14688,1137,247,2026-05-29 00:59:00,2,1,0
14689,1207,110,2025-06-10 00:54:00,8,0,0
14690,45,248,2026-06-28 00:58:00,4,0,1
14691,1536,359,2026-08-27 00:06:00,90,0,0
14692,938,31,2026-05-06 00:13:00,33,0,1
14693,738,464,2026-08-27 00:05:00,2,0,0
14694,164,278,2025-09-20 00:43:00,4,0,0
14695,615,41,2026-02-26 00:53:00,37,0,1
14696,1679,340,2026-08-01 00:59:00,1,0,0
14697,647,154,2026-02-05 00:26:00,17,0,0
14698,1019,123,2026-05-11 00:24:00,7,0,0
14699,486,379,2026-03-22 00:23:00,2,0,1
14700,522,366,2025-10-06 00:26:00,49,0,1
14701,583,32,2026-07-31 00:51:00,2,0,0
14702,1282,20,2026-07-18 00:37:00,14,0,0
14703,1530,282,2026-06-15 00:23:00,54,0,0
14704,395,128,2026-03-10 00:23:00,13,0,0
14705,20,226,2026-08-18 00:27:00,3,0,1
14706,288,432,2025-07-14 00:00:00,1,0,0
14707,634,217,2026-08-17 00:05:00,24,0,1
14708,319,111,2026-07-02 00:49:00,22,0,0
14709,15,390,2026-09-01 00:12:00,10,0,1
14710,140,433,2026-08-05 00:31:00,24,0,1
14711,838,84,2026-08-12 00:00:00,11,0,0
14712,379,226,2026-03-05 00:27:00,26,0,0
14713,728,427,2026-07-02 00:29:00,21,0,1
14714,289,454,2026-06-20 00:37:00,4,0,0
14715,1800,18,2026-08-07 00:11:00,20,0,0
14716,27,238,2025-11-29 00:59:00,59,0,0
14717,1497,149,2025-12-20 00:38:00,16,1,1
14718,359,26,2026-02-17 00:12:00,1,0,1
14719,1613,237,2026-03-23 00:22:00,28,0,0
14720,1780,23,2026-08-17 00:40:00,2,0,1
14721,1401,31,2026-07-18 00:28:00,24,0,0
14722,1260,227,2026-08-31 00:19:00,22,0,0
14723,1321,475,2026-07-19 00:26:00,1,0,0
14724,552,211,2026-08-10 00:29:00,12,0,0
14725,1569,478,2026-01-02 00:12:00,8,0,0
14726,803,455,2026-03-12 00:30:00,2,0,0
14727,925,156,2026-04-22 00:05:00,5,0,0
14728,38,323,2026-07-15 00:49:00,29,0,1
14729,659,88,2026-04-16 00:48:00,32,0,1
14730,83,337,2026-01-22 00:25:00,3,0,1
14731,421,134,2026-06-03 00:05:00,4,0,1
14732,445,193,2026-05-09 00:15:00,4,0,1
14733,635,12,2026-07-06 00:10:00,7,0,0
14734,1130,470,2026-06-14 00:07:00,4,1,1
14735,985,234,2026-07-25 00:58:00,14,0,1
14736,1327,254,2026-02-27 00:46:00,8,0,0
14737,614,283,2026-09-03 00:55:00,2,0,1
14738,344,258,2026-03-15 00:17:00,5,1,0
14739,251,236,2026-06-08 00:53:00,5,0,0
14740,790,84,2026-06-14 00:28:00,3,0,1
14741,1355,483,2026-08-25 00:10:00,59,0,0
14742,387,377,2026-03-17 00:06:00,7,0,0
14743,373,345,2026-04-13 00:38:00,3,0,0
14744,1079,223,2026-08-24 00:38:00,19,0,0
14745,1687,264,2026-06-05 00:41:00,2,0,0
14746,317,226,2026-04-08 00:45:00,26,0,0
14747,409,66,2026-08-14 00:15:00,31,0,1
14748,261,246,2026-02-06 00:19:00,11,0,1
14749,1003,217,2026-03-28 00:41:00,8,0,0
14750,1197,162,2026-07-10 00:32:00,16,0,1
14751,1235,65,2026-07-20 00:30:00,42,0,1
14752,208,380,2025-12-26 00:14:00,3,0,0
14753,1025,141,2026-07-10 00:42:00,75,0,0
14754,1254,235,2026-03-29 00:37:00,14,0,1
14755,43,416,2026-04-13 00:35:00,54,0,0
14756,779,366,2025-08-15 00:08:00,13,0,1
14757,321,201,2026-06-18 00:13:00,1,0,0
14758,1749,343,2026-03-06 00:30:00,34,0,1
14759,1642,387,2026-07-08 00:47:00,4,0,0
14760,542,493,2025-06-22 00:37:00,11,0,1
14761,1360,149,2026-04-04 00:31:00,15,0,0
14762,137,134,2026-04-14 00:09:00,53,0,0
14763,1764,473,2026-07-09 00:07:00,6,0,1
14764,1776,418,2025-08-13 00:57:00,21,0,0
14765,923,199,2026-08-01 00:45:00,1,0,0
14766,1350,322,2026-03-11 00:31:00,10,0,0
14767,1487,13,2026-05-27 00:31:00,8,0,1
14768,334,234,2026-06-09 00:52:00,11,0,0
14769,141,150,2026-05-07 00:19:00,20,0,0
14770,1384,195,2026-04-21 00:13:00,35,0,0
14771,384,235,2026-08-28 00:38:00,6,0,1
14772,981,317,2026-05-31 00:06:00,3,0,0
14773,1707,447,2025-12-14 00:26:00,4,0,0
14774,1524,364,2025-05-10 00:27:00,25,0,0
14775,850,289,2026-04-02 00:08:00,15,0,0
14776,666,291,2026-08-09 00:30:00,32,0,1
14777,263,450,2026-08-20 00:33:00,14,0,0
14778,1267,181,2026-04-29 00:17:00,23,0,1
14779,923,422,2026-06-19 00:41:00,19,0,1
14780,1746,3,2026-07-12 00:34:00,20,0,0
14781,328,63,2026-05-19 00:37:00,3,1,1
14782,675,238,2026-01-30 00:52:00,23,0,1
14783,1627,449,2025-09-19 00:02:00,24,0,1
14784,1260,430,2026-08-28 00:09:00,2,0,0
14785,1595,163,2026-09-07 00:13:00,46,0,0
14786,938,403,2026-03-18 00:23:00,28,0,1
14787,1259,156,2026-07-18 00:49:00,27,0,1
14788,35,421,2026-04-11 00:08:00,1,0,0
14789,1653,388,2025-10-10 00:23:00,2,0,0
14790,1268,436,2025-07-08 00:32:00,19,0,0
14791,1487,372,2026-05-24 00:55:00,72,0,0
14792,261,146,2026-07-03 00:24:00,15,0,1
14793,990,45,2026-07-25 00:43:00,27,1,0
14794,101,161,2025-06-06 00:31:00,10,0,0
14795,584,170,2025-09-29 00:37:00,38,0,0
14796,1140,48,2026-04-16 00:14:00,71,0,0
14797,1739,313,2026-09-04 00:09:00,36,0,1
14798,1706,158,2026-06-13 00:37:00,4,0,1
14799,1025,263,2026-09-07 00:00:00,26,0,1
14800,1761,399,2025-12-24 00:53:00,7,0,0
14801,276,201,2026-07-04 00:26:00,26,0,0
14802,15,340,2026-08-27 00:27:00,24,0,1
14803,442,342,2025-12-30 00:22:00,5,0,0
14804,697,410,2026-07-01 00:42:00,26,0,1
14805,1133,233,2025-12-22 00:53:00,5,0,1
14806,1085,312,2025-12-03 00:13:00,51,0,1
14807,178,487,2026-04-20 00:33:00,23,0,0
14808,1687,461,2026-04-23 00:52:00,28,0,0
14809,1794,89,2026-08-06 00:23:00,43,0,0
14810,1238,10,2026-06-23 00:33:00,17,0,0
14811,218,190,2025-12-19 00:58:00,48,0,0
14812,1630,139,2026-07-17 00:24:00,46,0,0
14813,83,393,2025-11-28 00:49:00,17,1,0
14814,375,437,2026-09-05 00:04:00,14,0,1
14815,206,387,2026-06-27 00:59:00,110,0,0
14816,41,112,2026-03-23 00:51:00,8,1,1
14817,786,351,2025-09-21 00:11:00,34,0,0
14818,352,77,2026-01-08 00:47:00,1,0,0
14819,626,405,2026-03-18 00:04:00,4,0,1
14820,517,422,2026-04-24 00:34:00,2,0,0
14821,1372,79,2026-09-07 00:57:00,2,1,0
14822,802,97,2026-03-18 00:52:00,3,0,1
14823,1791,488,2025-12-31 00:11:00,8,0,0
14824,879,204,2026-04-15 00:25:00,63,0,0
14825,633,468,2026-07-26 00:37:00,3,0,0
14826,1207,342,2026-02-15 00:19:00,24,0,0
14827,370,50,2026-08-18 00:48:00,9,0,0
14828,1207,232,2025-08-17 00:00:00,16,0,0
14829,14,381,2026-05-23 00:14:00,8,0,0
14830,1511,230,2025-08-18 00:33:00,37,0,0
14831,1070,221,2026-09-07 00:01:00,64,0,0
14832,1593,73,2026-01-10 00:22:00,8,0,1
14833,557,64,2026-07-08 00:59:00,2,0,1
14834,1433,194,2026-07-16 00:00:00,2,0,1
14835,428,179,2025-12-19 00:13:00,20,0,1
14836,1558,31,2026-06-20 00:17:00,48,0,0
14837,96,326,2026-08-17 00:59:00,1,0,1
14838,957,489,2026-04-15 00:07:00,5,0,0
14839,1248,257,2026-04-22 00:04:00,8,0,1
14840,881,202,2026-08-23 00:39:00,7,0,0
14841,1367,16,2026-03-06 00:16:00,33,0,0
14842,1434,6,2026-08-30 00:08:00,13,0,0
14843,1194,329,2025-12-13 00:37:00,46,0,0
14844,368,22,2026-07-01 00:56:00,11,0,0
14845,885,311,2026-06-30 00:06:00,13,0,1
14846,1302,229,2026-04-24 00:20:00,4,0,1
14847,926,130,2026-08-23 00:26:00,1,0,0
14848,1042,294,2026-06-05 00:05:00,1,0,0
14849,1107,495,2026-01-01 00:15:00,8,0,0
14850,325,276,2025-11-13 00:46:00,1,0,1
14851,909,15,2026-07-22 00:29:00,16,0,0
14852,587,115,2026-09-05 00:07:00,12,0,1
14853,1530,91,2026-06-25 00:24:00,7,0,0
14854,1662,253,2026-04-20 00:05:00,1,0,0
14855,1326,50,2026-07-30 00:11:00,2,0,0
14856,83,92,2025-09-27 00:51:00,33,0,0
14857,1253,50,2026-07-20 00:07:00,12,0,0
14858,875,24,2026-07-18 00:03:00,1,0,0
14859,839,117,2025-12-17 00:41:00,33,0,0
14860,1080,133,2026-01-15 00:43:00,53,0,0
14861,1408,253,2026-06-28 00:03:00,21,0,0
14862,860,138,2025-09-04 00:16:00,69,0,0
14863,145,161,2026-04-13 00:24:00,28,0,1
14864,1353,309,2026-03-12 00:21:00,33,0,0
14865,314,178,2026-03-03 00:42:00,39,1,0
14866,1111,360,2026-07-17 00:19:00,87,0,1
14867,1487,201,2026-06-30 00:57:00,12,0,0
14868,634,231,2026-08-26 00:42:00,66,0,0
14869,1296,66,2026-02-08 00:32:00,19,0,0
14870,1104,96,2026-08-24 00:01:00,3,0,0
14871,506,136,2026-08-12 00:00:00,25,0,1
14872,149,114,2026-01-31 00:18:00,7,0,0
14873,1784,218,2025-10-04 00:59:00,19,0,0
14874,244,466,2025-12-03 00:38:00,30,0,0
14875,286,268,2026-04-13 00:03:00,3,0,0
14876,1034,129,2026-05-02 00:28:00,4,0,0
14877,1283,113,2026-01-01 00:43:00,92,0,1
14878,566,161,2026-04-22 00:02:00,4,0,1
14879,91,32,2026-03-10 00:08:00,52,0,1
14880,986,350,2026-08-13 00:16:00,17,0,0
14881,958,364,2026-01-02 00:00:00,6,0,1
14882,1523,237,2026-07-15 00:35:00,3,0,1
14883,269,454,2025-12-20 00:52:00,1,0,1
14884,1740,415,2026-07-25 00:41:00,8,1,0
14885,1369,73,2026-02-22 00:27:00,4,0,0
14886,1793,21,2026-08-03 00:36:00,6,1,0
14887,1013,398,2026-06-15 00:02:00,17,0,0
14888,57,334,2026-06-05 00:42:00,7,0,0
14889,431,426,2026-07-16 00:21:00,1,0,0
14890,554,326,2026-06-01 00:54:00,1,0,0
14891,778,496,2026-08-05 00:36:00,16,0,1
14892,193,300,2026-05-16 00:29:00,48,0,0
14893,22,204,2026-07-15 00:36:00,46,0,1
14894,787,43,2026-07-26 00:39:00,12,0,0
14895,444,331,2026-03-18 00:49:00,12,0,1
14896,1524,484,2026-07-11 00:45:00,4,0,1
14897,707,350,2026-09-02 00:13:00,15,0,0
14898,1343,235,2026-05-24 00:58:00,21,0,1
14899,676,285,2026-01-06 00:39:00,60,0,1
14900,563,444,2026-05-18 00:31:00,3,0,0
14901,1634,281,2026-02-13 00:50:00,17,1,0
14902,1501,244,2025-10-24 00:31:00,49,0,1
14903,1277,51,2026-07-13 00:02:00,38,0,0
14904,536,181,2026-01-08 00:18:00,12,0,1
14905,863,86,2026-02-11 00:58:00,4,0,0
14906,348,200,2026-09-04 00:38:00,1,0,1
14907,368,424,2026-03-02 00:48:00,22,0,0
14908,1556,305,2026-07-13 00:19:00,7,0,1
14909,1448,57,2026-08-09 00:00:00,20,0,1
14910,1319,462,2026-06-30 00:17:00,25,0,1
14911,30,350,2025-11-10 00:51:00,7,0,0
14912,1779,177,2026-08-22 00:28:00,24,0,1
14913,802,185,2026-02-09 00:23:00,19,0,0
14914,584,166,2025-12-21 00:12:00,37,0,0
14915,681,282,2026-06-13 00:54:00,41,0,0
14916,1133,168,2026-07-17 00:20:00,6,0,0
14917,449,414,2026-08-20 00:45:00,30,0,0
14918,492,469,2026-07-06 00:20:00,36,0,1
14919,385,343,2026-06-30 00:57:00,14,0,0
14920,989,371,2026-05-02 00:16:00,2,0,0
14921,151,167,2026-08-25 00:21:00,1,0,0
14922,1387,448,2026-04-30 00:47:00,22,0,1
14923,1215,458,2026-08-27 00:47:00,14,0,0
14924,1234,94,2026-07-14 00:21:00,42,0,0
14925,22,410,2025-09-17 00:21:00,31,0,0
14926,927,179,2026-05-09 00:18:00,25,0,0
14927,1798,91,2026-08-22 00:07:00,9,0,1
14928,1559,35,2026-08-09 00:50:00,26,0,0
14929,1202,123,2026-09-07 00:42:00,3,1,0
14930,1024,231,2026-06-16 00:21:00,25,0,1
14931,616,448,2025-09-06 00:42:00,5,0,1
14932,330,207,2025-10-05 00:37:00,9,0,0
14933,528,360,2026-08-26 00:04:00,33,0,0
14934,941,447,2026-05-23 00:31:00,22,0,0
14935,747,253,2026-07-31 00:00:00,21,0,1
14936,593,84,2026-08-12 00:33:00,1,0,0
14937,1546,72,2026-03-10 00:38:00,13,0,1
14938,1224,399,2026-08-29 00:56:00,9,0,0
14939,1003,193,2026-06-14 00:31:00,28,0,0
14940,909,317,2026-08-23 00:10:00,41,1,1
14941,450,292,2026-05-09 00:47:00,16,0,1
14942,1559,438,2026-06-03 00:53:00,33,0,0
14943,1751,308,2026-03-19 00:23:00,1,0,0
14944,126,389,2025-11-02 00:49:00,2,0,0
14945,481,16,2026-05-11 00:49:00,3,0,0
14946,1361,345,2026-04-24 00:18:00,9,0,0
14947,1003,272,2026-08-26 00:27:00,8,0,1
14948,309,404,2026-07-14 00:26:00,6,0,0
14949,1337,202,2026-08-11 00:37:00,43,0,1
14950,770,149,2025-08-22 00:09:00,57,0,0
14951,16,325,2026-05-29 00:32:00,16,0,0
14952,432,101,2025-06-28 00:49:00,12,0,0
14953,222,385,2026-05-24 00:57:00,3,0,0
14954,802,453,2025-09-26 00:49:00,71,0,1
14955,1040,492,2025-10-13 00:09:00,8,0,1
14956,1582,364,2026-05-11 00:01:00,45,0,1
14957,1088,316,2026-08-09 00:01:00,9,0,0
14958,859,116,2025-08-09 00:11:00,1,0,0
14959,1614,38,2025-11-16 00:51:00,58,0,0
14960,1510,352,2026-02-11 00:22:00,7,0,0
14961,1624,464,2025-12-20 00:10:00,26,0,0
14962,963,94,2026-07-16 00:17:00,39,0,1
14963,121,309,2026-08-05 00:43:00,30,0,1
14964,1800,111,2026-08-08 00:21:00,97,0,0
14965,720,105,2026-07-24 00:42:00,17,0,0
14966,386,52,2026-06-07 00:37:00,6,0,0
14967,679,383,2026-09-03 00:47:00,3,0,0
14968,1344,144,2026-07-24 00:55:00,9,0,1
14969,130,136,2026-06-25 00:32:00,52,0,0
14970,760,366,2026-07-23 00:45:00,5,0,0
14971,726,88,2025-12-19 00:28:00,21,0,0
14972,60,252,2026-03-25 00:44:00,74,0,1
14973,710,439,2026-02-14 00:34:00,3,1,0
14974,1327,491,2026-01-19 00:32:00,14,0,1
14975,370,468,2026-03-11 00:36:00,14,0,0
14976,562,12,2026-08-11 00:10:00,58,0,0
14977,663,169,2025-08-08 00:40:00,4,0,0
14978,427,52,2025-09-26 00:09:00,13,0,0
14979,71,355,2025-12-25 00:52:00,1,0,1
14980,926,94,2026-06-26 00:40:00,5,0,0
14981,270,308,2026-03-12 00:07:00,3,0,1
14982,619,226,2026-08-04 00:16:00,3,0,0
14983,1671,265,2025-07-02 00:21:00,29,0,1
14984,1227,347,2026-05-15 00:02:00,1,1,1
14985,1036,136,2026-08-19 00:11:00,1,0,0
14986,449,93,2025-12-18 00:39:00,38,0,0
14987,853,240,2026-05-13 00:09:00,30,0,1
14988,1615,458,2026-03-07 00:38:00,7,0,0
14989,451,372,2026-07-07 00:34:00,12,1,0
14990,191,387,2025-09-07 00:58:00,17,0,1
14991,1595,464,2026-08-30 00:17:00,11,0,0
14992,1725,210,2026-02-02 00:52:00,20,0,0
14993,1585,239,2025-10-01 00:20:00,4,0,1
14994,1052,244,2026-03-08 00:35:00,2,0,0
14995,382,444,2025-11-03 00:10:00,30,0,0
14996,1058,274,2025-10-20 00:50:00,1,1,1
14997,178,427,2026-04-01 00:49:00,1,0,0
14998,513,278,2025-08-22 00:13:00,1,0,0
14999,352,161,2026-05-15 00:37:00,42,0,0
15000,548,16,2026-06-09 00:18:00,2,0,0
15001,1145,125,2026-05-18 00:43:00,4,0,0
15002,1445,346,2026-08-02 00:44:00,33,0,0
15003,999,312,2026-06-05 00:36:00,11,0,0
15004,1772,73,2026-09-02 00:22:00,19,0,1
15005,1212,302,2026-01-20 00:44:00,31,0,1
15006,1788,417,2026-07-11 00:28:00,24,1,0
15007,812,259,2026-09-02 00:26:00,55,0,0
15008,1482,303,2026-08-23 00:13:00,26,0,1
15009,1630,403,2026-08-16 00:57:00,7,0,1
15010,630,304,2026-04-24 00:39:00,41,0,1
15011,1661,358,2026-01-27 00:13:00,37,0,0
15012,355,238,2026-06-12 00:16:00,87,0,0
15013,1510,399,2026-07-18 00:46:00,27,0,0
15014,1140,134,2026-04-20 00:57:00,16,0,1
15015,390,179,2025-09-07 00:21:00,57,0,0
15016,1539,459,2026-01-26 00:54:00,1,0,1
15017,269,153,2025-08-24 00:54:00,1,0,1
15018,1043,211,2026-05-23 00:23:00,3,0,1
15019,1293,67,2026-08-17 00:30:00,10,0,0
15020,1739,158,2026-09-04 00:12:00,1,0,1
15021,612,151,2026-06-01 00:18:00,18,0,1
15022,607,156,2026-06-25 00:36:00,12,0,1
15023,292,500,2026-03-01 00:30:00,5,0,0
15024,964,216,2025-12-07 00:36:00,28,0,1
15025,258,31,2026-02-28 00:01:00,9,0,0
15026,1433,164,2026-01-27 00:31:00,20,1,1
15027,1738,480,2026-06-13 00:19:00,56,0,0
15028,1235,55,2026-09-05 00:04:00,14,0,0
15029,1164,260,2026-07-15 00:02:00,4,0,0
15030,886,315,2026-08-20 00:17:00,1,0,1
15031,1480,156,2026-09-06 00:14:00,3,0,0
15032,1581,2,2026-08-28 00:05:00,1,0,1
15033,1081,267,2026-06-26 00:34:00,12,0,0
15034,1291,470,2026-02-26 00:49:00,8,0,0
15035,140,378,2025-06-13 00:32:00,1,0,0
15036,1700,497,2025-11-19 00:20:00,3,0,0
15037,658,138,2026-01-23 00:22:00,10,0,0
15038,1565,67,2026-04-20 00:39:00,11,1,1
15039,983,390,2026-03-18 00:05:00,7,0,1
15040,761,348,2025-10-10 00:47:00,3,0,1
15041,641,472,2025-12-24 00:51:00,26,0,1
15042,1222,15,2026-06-28 00:02:00,25,0,1
15043,799,30,2026-04-27 00:52:00,15,0,0
15044,1404,17,2026-08-25 00:21:00,20,0,0
15045,1318,500,2026-03-26 00:02:00,29,0,0
15046,1574,311,2026-08-28 00:05:00,5,0,0
15047,1585,227,2026-03-20 00:56:00,27,0,0
15048,1457,12,2025-10-27 00:27:00,9,0,1
15049,1703,200,2026-05-16 00:22:00,1,0,0
15050,857,466,2025-11-04 00:19:00,13,1,0
15051,535,430,2026-08-08 00:48:00,7,0,1
15052,978,180,2026-04-04 00:05:00,103,0,0
15053,1127,51,2026-03-02 00:20:00,63,1,0
15054,1409,232,2026-08-27 00:28:00,8,0,0
15055,36,274,2026-04-12 00:16:00,17,0,1
15056,1446,212,2026-03-28 00:47:00,1,0,1
15057,1029,42,2026-06-19 00:38:00,34,1,0
15058,810,145,2026-05-25 00:51:00,4,0,0
15059,1266,308,2025-12-20 00:30:00,12,0,0
15060,1736,430,2025-05-30 00:37:00,1,0,1
15061,867,450,2026-07-01 00:57:00,37,0,0
15062,980,220,2026-08-25 00:50:00,6,0,1
15063,1125,364,2025-09-06 00:19:00,9,0,0
15064,1064,212,2025-12-12 00:02:00,29,0,1
15065,715,323,2026-07-17 00:10:00,1,1,0
15066,103,177,2026-07-26 00:51:00,53,0,1
15067,368,482,2026-08-13 00:59:00,4,0,1
15068,528,185,2026-05-23 00:04:00,2,0,1
15069,1692,3,2026-08-26 00:27:00,9,0,1
15070,924,291,2026-03-31 00:52:00,16,0,0
15071,1296,274,2025-08-16 00:01:00,15,0,0
15072,157,25,2026-05-11 00:02:00,37,0,0
15073,893,363,2026-06-22 00:49:00,15,1,0
15074,1164,110,2025-07-17 00:33:00,2,0,0
15075,1112,224,2026-09-04 00:32:00,41,0,1
15076,836,27,2026-07-15 00:21:00,61,0,0
15077,741,79,2026-04-19 00:26:00,31,0,0
15078,514,21,2025-08-26 00:32:00,17,0,0
15079,723,76,2026-05-22 00:03:00,1,0,0
15080,322,156,2026-04-03 00:44:00,2,0,0
15081,895,200,2026-04-18 00:57:00,8,0,1
15082,606,20,2026-08-12 00:23:00,39,0,0
15083,1086,1,2026-04-21 00:43:00,1,0,0
15084,167,455,2026-06-30 00:15:00,25,0,0
15085,724,346,2026-07-05 00:26:00,11,0,0
15086,722,249,2026-04-08 00:29:00,7,0,1
15087,964,69,2026-05-15 00:17:00,1,0,0
15088,1360,146,2026-07-09 00:46:00,15,0,1
15089,317,229,2026-05-27 00:19:00,46,0,0
15090,1391,254,2026-03-18 00:38:00,6,0,1
15091,1329,114,2026-06-29 00:44:00,10,0,1
15092,167,16,2025-12-05 00:22:00,13,0,0
15093,1655,433,2026-09-05 00:07:00,26,0,1
15094,523,354,2026-03-16 00:46:00,37,0,1
15095,696,66,2026-07-17 00:53:00,18,0,1
15096,1450,202,2026-08-17 00:22:00,2,0,0
15097,32,415,2026-07-14 00:57:00,1,0,0
15098,60,353,2026-09-03 00:50:00,29,0,0
15099,184,47,2026-08-18 00:22:00,30,0,1
15100,1510,496,2026-06-02 00:47:00,40,0,1
15101,956,355,2025-09-04 00:41:00,54,0,0
15102,683,42,2025-12-22 00:07:00,24,0,1
15103,488,307,2026-05-17 00:52:00,6,0,1
15104,376,387,2026-03-31 00:33:00,1,1,0
15105,830,214,2026-03-05 00:06:00,11,0,1
15106,501,128,2026-05-27 00:21:00,9,0,1
15107,620,273,2026-06-11 00:11:00,51,1,0
15108,1279,397,2026-03-07 00:07:00,17,1,0
15109,299,49,2025-12-13 00:02:00,31,1,0
15110,520,241,2026-07-07 00:10:00,25,0,0
15111,14,210,2025-12-02 00:55:00,79,0,1
15112,899,196,2026-04-24 00:00:00,15,0,0
15113,587,67,2026-09-07 00:24:00,31,0,0
15114,1080,87,2026-01-16 00:16:00,50,0,0
15115,1212,223,2025-08-22 00:53:00,16,0,0
15116,605,135,2025-11-28 00:14:00,11,0,0
15117,1561,300,2026-03-20 00:42:00,13,1,1
15118,1711,38,2026-04-12 00:31:00,1,0,0
15119,314,441,2025-10-31 00:47:00,12,0,1
15120,1148,351,2026-04-22 00:55:00,12,0,1
15121,1396,422,2026-07-17 00:26:00,73,0,0
15122,487,361,2026-08-18 00:15:00,1,0,0
15123,1376,361,2026-04-16 00:29:00,31,0,0
15124,405,41,2026-02-18 00:19:00,51,0,1
15125,1131,123,2026-05-20 00:47:00,5,0,1
15126,891,6,2026-08-06 00:45:00,45,0,1
15127,857,409,2026-07-28 00:10:00,37,0,0
15128,1161,197,2026-08-18 00:44:00,4,0,0
15129,741,258,2026-07-01 00:59:00,39,1,0
15130,1624,159,2026-05-07 00:56:00,12,0,0
15131,1587,312,2026-05-05 00:01:00,13,0,0
15132,1417,217,2026-08-13 00:08:00,10,0,0
15133,1417,488,2025-09-22 00:22:00,32,0,0
15134,862,185,2026-06-03 00:08:00,5,0,0
15135,1369,341,2026-06-06 00:04:00,47,0,0
15136,866,428,2026-09-06 00:50:00,21,0,1
15137,1638,201,2026-05-28 00:36:00,1,0,1
15138,982,16,2026-05-05 00:53:00,30,0,1
15139,17,212,2025-12-31 00:14:00,7,0,0
15140,199,499,2026-07-03 00:49:00,1,0,1
15141,1427,313,2026-08-15 00:17:00,1,0,0
15142,1082,63,2026-09-03 00:19:00,5,0,0
15143,113,283,2026-01-09 00:30:00,4,0,0
15144,295,251,2026-07-02 00:09:00,10,0,0
15145,654,15,2026-06-16 00:41:00,9,1,1
15146,615,460,2026-03-02 00:50:00,9,1,0
15147,950,466,2026-01-31 00:15:00,1,0,0
15148,815,205,2026-08-23 00:51:00,24,0,1
15149,1166,318,2025-11-13 00:26:00,28,0,0
15150,387,91,2025-09-14 00:01:00,1,0,0
15151,755,47,2026-01-24 00:37:00,36,0,1
15152,1227,491,2026-05-23 00:01:00,20,0,0
15153,1515,313,2026-08-25 00:22:00,11,0,1
15154,592,454,2026-08-11 00:46:00,38,0,0
15155,1235,233,2026-07-24 00:19:00,1,0,0
15156,655,132,2026-09-04 00:17:00,50,0,1
15157,1377,20,2026-06-21 00:39:00,1,0,0
15158,805,129,2026-05-15 00:00:00,40,0,0
15159,23,356,2025-10-01 00:16:00,82,0,0
15160,24,155,2026-08-18 00:55:00,16,0,0
15161,389,366,2026-05-25 00:18:00,26,0,0
15162,1539,132,2026-07-23 00:46:00,24,0,0
15163,1486,242,2025-10-25 00:15:00,51,0,0
15164,891,183,2026-08-25 00:17:00,39,0,1
15165,1702,24,2025-12-03 00:12:00,47,0,1
15166,989,346,2026-08-13 00:14:00,15,0,1
15167,1317,487,2025-09-16 00:25:00,19,0,0
15168,1423,158,2026-06-30 00:59:00,46,0,0
15169,1437,392,2026-05-29 00:53:00,22,0,0
15170,32,281,2026-04-28 00:15:00,85,0,1
15171,957,466,2026-08-25 00:00:00,17,0,0
15172,293,267,2026-03-20 00:36:00,8,0,0
15173,757,210,2026-08-13 00:44:00,5,0,1
15174,1431,276,2025-07-21 00:20:00,20,0,1
15175,236,389,2025-10-08 00:11:00,3,0,1
15176,1059,430,2025-08-07 00:11:00,57,0,0
15177,1467,137,2026-08-05 00:48:00,44,0,1
15178,1586,44,2026-05-31 00:14:00,21,0,0
15179,1178,82,2026-05-14 00:38:00,6,0,0
15180,434,473,2026-05-20 00:45:00,1,1,1
15181,1426,205,2026-08-29 00:55:00,1,0,0
15182,1584,391,2025-12-10 00:23:00,14,0,0
15183,915,188,2026-06-17 00:49:00,6,0,0
15184,1263,33,2025-11-22 00:34:00,6,0,0
15185,1304,298,2026-06-02 00:29:00,4,0,1
15186,292,306,2026-06-07 00:35:00,7,0,0
15187,620,7,2025-12-29 00:21:00,2,0,1
15188,256,118,2026-04-27 00:45:00,15,0,1
15189,1502,377,2026-08-24 00:21:00,20,0,1
15190,273,74,2026-08-02 00:56:00,1,1,1
15191,1335,474,2025-09-09 00:13:00,5,1,0
15192,121,396,2026-08-15 00:36:00,32,1,0
15193,214,180,2026-08-02 00:07:00,19,0,0
15194,211,451,2025-11-17 00:23:00,4,0,0
15195,953,82,2025-07-23 00:40:00,11,0,0
15196,481,302,2025-11-20 00:44:00,2,0,0
15197,116,21,2026-04-05 00:50:00,26,0,0
15198,275,81,2026-03-27 00:23:00,36,0,0
15199,400,102,2026-08-17 00:16:00,33,0,1
15200,550,18,2026-08-04 00:32:00,56,0,1
15201,1572,353,2026-08-24 00:05:00,1,0,0
15202,397,471,2026-07-04 00:28:00,31,0,1
15203,141,113,2026-08-27 00:15:00,22,0,0
15204,1052,437,2026-01-21 00:12:00,19,0,0
15205,238,446,2026-08-16 00:24:00,58,0,0
15206,119,85,2026-08-27 00:20:00,41,0,1
15207,860,213,2025-12-15 00:13:00,22,0,0
15208,296,472,2026-08-17 00:31:00,21,0,0
15209,1411,106,2026-08-13 00:06:00,8,1,0
15210,966,375,2026-05-09 00:58:00,23,0,0
15211,966,102,2026-09-02 00:56:00,13,0,0
15212,986,194,2026-08-30 00:23:00,3,0,1
15213,125,101,2026-05-03 00:13:00,19,0,0
15214,117,384,2026-08-19 00:25:00,8,0,0
15215,1673,84,2026-06-25 00:20:00,4,0,0
15216,781,316,2026-02-27 00:41:00,3,0,1
15217,957,1,2026-07-23 00:08:00,70,0,1
15218,1526,142,2026-09-03 00:06:00,43,0,0
15219,1594,450,2026-09-06 00:27:00,25,0,0
15220,92,387,2025-11-06 00:47:00,11,0,1
15221,308,425,2026-05-24 00:27:00,60,0,0
15222,371,410,2026-06-17 00:43:00,10,0,0
15223,866,18,2026-09-07 00:38:00,10,0,1
15224,1378,124,2026-08-14 00:20:00,4,0,0
15225,1278,131,2026-08-06 00:16:00,27,0,0
15226,374,284,2026-07-27 00:48:00,11,0,0
15227,882,134,2026-05-23 00:26:00,8,0,0
15228,276,317,2026-05-01 00:34:00,1,0,1
15229,644,353,2026-04-30 00:13:00,12,0,1
15230,1503,440,2026-08-21 00:47:00,4,0,1
15231,881,421,2026-08-01 00:22:00,35,0,0
15232,195,449,2026-04-25 00:05:00,19,0,1
